--------------------------------------------------------
--  파일이 생성됨 - 화요일-9월-05-2023   
--------------------------------------------------------
--------------------------------------------------------
--  DDL for Sequence ADMINNOSEQ
--------------------------------------------------------

   CREATE SEQUENCE  "LJB_PROJECTORS"."ADMINNOSEQ"  MINVALUE 1 MAXVALUE 9999999999999999999999999999 INCREMENT BY 1 START WITH 6 NOCACHE  NOORDER  NOCYCLE ;
--------------------------------------------------------
--  DDL for Sequence ADMINNOTICENOSEQ
--------------------------------------------------------

   CREATE SEQUENCE  "LJB_PROJECTORS"."ADMINNOTICENOSEQ"  MINVALUE 1 MAXVALUE 9999999999999999999999999999 INCREMENT BY 1 START WITH 3 NOCACHE  NOORDER  NOCYCLE ;
--------------------------------------------------------
--  DDL for Sequence ANSWERNOSEQ
--------------------------------------------------------

   CREATE SEQUENCE  "LJB_PROJECTORS"."ANSWERNOSEQ"  MINVALUE 1 MAXVALUE 9999999999999999999999999999 INCREMENT BY 1 START WITH 10 NOCACHE  NOORDER  NOCYCLE ;
--------------------------------------------------------
--  DDL for Sequence APPLYNOSEQ
--------------------------------------------------------

   CREATE SEQUENCE  "LJB_PROJECTORS"."APPLYNOSEQ"  MINVALUE 1 MAXVALUE 9999999999999999999999999999 INCREMENT BY 1 START WITH 61 NOCACHE  NOORDER  NOCYCLE ;
--------------------------------------------------------
--  DDL for Sequence APPLYRESULTNOSEQ
--------------------------------------------------------

   CREATE SEQUENCE  "LJB_PROJECTORS"."APPLYRESULTNOSEQ"  MINVALUE 1 MAXVALUE 9999999999999999999999999999 INCREMENT BY 1 START WITH 1 NOCACHE  NOORDER  NOCYCLE ;
--------------------------------------------------------
--  DDL for Sequence COMMNOSEQ
--------------------------------------------------------

   CREATE SEQUENCE  "LJB_PROJECTORS"."COMMNOSEQ"  MINVALUE 1 MAXVALUE 9999999999999999999999999999 INCREMENT BY 1 START WITH 4 NOCACHE  NOORDER  NOCYCLE ;
--------------------------------------------------------
--  DDL for Sequence COMMRESULTNOSEQ
--------------------------------------------------------

   CREATE SEQUENCE  "LJB_PROJECTORS"."COMMRESULTNOSEQ"  MINVALUE 1 MAXVALUE 9999999999999999999999999999 INCREMENT BY 1 START WITH 1 NOCACHE  NOORDER  NOCYCLE ;
--------------------------------------------------------
--  DDL for Sequence FAQNOSEQ
--------------------------------------------------------

   CREATE SEQUENCE  "LJB_PROJECTORS"."FAQNOSEQ"  MINVALUE 1 MAXVALUE 9999999999999999999999999999 INCREMENT BY 1 START WITH 13 NOCACHE  NOORDER  NOCYCLE ;
--------------------------------------------------------
--  DDL for Sequence FEEDNOSEQ
--------------------------------------------------------

   CREATE SEQUENCE  "LJB_PROJECTORS"."FEEDNOSEQ"  MINVALUE 1 MAXVALUE 9999999999999999999999999999 INCREMENT BY 1 START WITH 40 NOCACHE  NOORDER  NOCYCLE ;
--------------------------------------------------------
--  DDL for Sequence FINALNOSEQ
--------------------------------------------------------

   CREATE SEQUENCE  "LJB_PROJECTORS"."FINALNOSEQ"  MINVALUE 1 MAXVALUE 9999999999999999999999999999 INCREMENT BY 1 START WITH 29 NOCACHE  NOORDER  NOCYCLE ;
--------------------------------------------------------
--  DDL for Sequence FIRSTCKSEQ
--------------------------------------------------------

   CREATE SEQUENCE  "LJB_PROJECTORS"."FIRSTCKSEQ"  MINVALUE 1 MAXVALUE 9999999999999999999999999999 INCREMENT BY 1 START WITH 41 NOCACHE  NOORDER  NOCYCLE ;
--------------------------------------------------------
--  DDL for Sequence LOGINRECSEQ
--------------------------------------------------------

   CREATE SEQUENCE  "LJB_PROJECTORS"."LOGINRECSEQ"  MINVALUE 1 MAXVALUE 9999999999999999999999999999 INCREMENT BY 1 START WITH 394 NOCACHE  NOORDER  NOCYCLE ;
--------------------------------------------------------
--  DDL for Sequence LOGOUTRECSEQ
--------------------------------------------------------

   CREATE SEQUENCE  "LJB_PROJECTORS"."LOGOUTRECSEQ"  MINVALUE 1 MAXVALUE 9999999999999999999999999999 INCREMENT BY 1 START WITH 112 NOCACHE  NOORDER  NOCYCLE ;
--------------------------------------------------------
--  DDL for Sequence MEETINGNOSEQ
--------------------------------------------------------

   CREATE SEQUENCE  "LJB_PROJECTORS"."MEETINGNOSEQ"  MINVALUE 1 MAXVALUE 9999999999999999999999999999 INCREMENT BY 1 START WITH 8 NOCACHE  NOORDER  NOCYCLE ;
--------------------------------------------------------
--  DDL for Sequence MEMOUTNOSEQ
--------------------------------------------------------

   CREATE SEQUENCE  "LJB_PROJECTORS"."MEMOUTNOSEQ"  MINVALUE 1 MAXVALUE 9999999999999999999999999999 INCREMENT BY 1 START WITH 3 NOCACHE  NOORDER  NOCYCLE ;
--------------------------------------------------------
--  DDL for Sequence MEMOUTRATENOSEQ
--------------------------------------------------------

   CREATE SEQUENCE  "LJB_PROJECTORS"."MEMOUTRATENOSEQ"  MINVALUE 1 MAXVALUE 9999999999999999999999999999 INCREMENT BY 1 START WITH 2 NOCACHE  NOORDER  NOCYCLE ;
--------------------------------------------------------
--  DDL for Sequence NOTENOSEQ
--------------------------------------------------------

   CREATE SEQUENCE  "LJB_PROJECTORS"."NOTENOSEQ"  MINVALUE 1 MAXVALUE 9999999999999999999999999999 INCREMENT BY 1 START WITH 4 NOCACHE  NOORDER  NOCYCLE ;
--------------------------------------------------------
--  DDL for Sequence NOTERESULTNOSEQ
--------------------------------------------------------

   CREATE SEQUENCE  "LJB_PROJECTORS"."NOTERESULTNOSEQ"  MINVALUE 1 MAXVALUE 9999999999999999999999999999 INCREMENT BY 1 START WITH 1 NOCACHE  NOORDER  NOCYCLE ;
--------------------------------------------------------
--  DDL for Sequence PRJRATENOSEQ
--------------------------------------------------------

   CREATE SEQUENCE  "LJB_PROJECTORS"."PRJRATENOSEQ"  MINVALUE 1 MAXVALUE 9999999999999999999999999999 INCREMENT BY 1 START WITH 9 NOCACHE  NOORDER  NOCYCLE ;
--------------------------------------------------------
--  DDL for Sequence PRJSTOPNOSEQ
--------------------------------------------------------

   CREATE SEQUENCE  "LJB_PROJECTORS"."PRJSTOPNOSEQ"  MINVALUE 1 MAXVALUE 9999999999999999999999999999 INCREMENT BY 1 START WITH 4 NOCACHE  NOORDER  NOCYCLE ;
--------------------------------------------------------
--  DDL for Sequence PRJSTOPRATENOSEQ
--------------------------------------------------------

   CREATE SEQUENCE  "LJB_PROJECTORS"."PRJSTOPRATENOSEQ"  MINVALUE 1 MAXVALUE 9999999999999999999999999999 INCREMENT BY 1 START WITH 3 NOCACHE  NOORDER  NOCYCLE ;
--------------------------------------------------------
--  DDL for Sequence PROFILENOSEQ
--------------------------------------------------------

   CREATE SEQUENCE  "LJB_PROJECTORS"."PROFILENOSEQ"  MINVALUE 1 MAXVALUE 9999999999999999999999999999 INCREMENT BY 1 START WITH 43 NOCACHE  NOORDER  NOCYCLE ;
--------------------------------------------------------
--  DDL for Sequence PROJECTNOSEQ
--------------------------------------------------------

   CREATE SEQUENCE  "LJB_PROJECTORS"."PROJECTNOSEQ"  MINVALUE 1 MAXVALUE 9999999999999999999999999999 INCREMENT BY 1 START WITH 7 NOCACHE  NOORDER  NOCYCLE ;
--------------------------------------------------------
--  DDL for Sequence QUESTIONNOSEQ
--------------------------------------------------------

   CREATE SEQUENCE  "LJB_PROJECTORS"."QUESTIONNOSEQ"  MINVALUE 1 MAXVALUE 9999999999999999999999999999 INCREMENT BY 1 START WITH 18 NOCACHE  NOORDER  NOCYCLE ;
--------------------------------------------------------
--  DDL for Sequence QUITADMINNOSEQ
--------------------------------------------------------

   CREATE SEQUENCE  "LJB_PROJECTORS"."QUITADMINNOSEQ"  MINVALUE 1 MAXVALUE 9999999999999999999999999999 INCREMENT BY 1 START WITH 1 NOCACHE  NOORDER  NOCYCLE ;
--------------------------------------------------------
--  DDL for Sequence RECRUITDELSEQ
--------------------------------------------------------

   CREATE SEQUENCE  "LJB_PROJECTORS"."RECRUITDELSEQ"  MINVALUE 1 MAXVALUE 9999999999999999999999999999 INCREMENT BY 1 START WITH 1 NOCACHE  NOORDER  NOCYCLE ;
--------------------------------------------------------
--  DDL for Sequence RECRUITNOSEQ
--------------------------------------------------------

   CREATE SEQUENCE  "LJB_PROJECTORS"."RECRUITNOSEQ"  MINVALUE 1 MAXVALUE 9999999999999999999999999999 INCREMENT BY 1 START WITH 25 NOCACHE  NOORDER  NOCYCLE ;
--------------------------------------------------------
--  DDL for Sequence RECRUITPOSSEQ
--------------------------------------------------------

   CREATE SEQUENCE  "LJB_PROJECTORS"."RECRUITPOSSEQ"  MINVALUE 1 MAXVALUE 9999999999999999999999999999 INCREMENT BY 1 START WITH 75 NOCACHE  NOORDER  NOCYCLE ;
--------------------------------------------------------
--  DDL for Sequence RECRUITRESULTNOSEQ
--------------------------------------------------------

   CREATE SEQUENCE  "LJB_PROJECTORS"."RECRUITRESULTNOSEQ"  MINVALUE 1 MAXVALUE 9999999999999999999999999999 INCREMENT BY 1 START WITH 26 NOCACHE  NOORDER  NOCYCLE ;
--------------------------------------------------------
--  DDL for Sequence REPAPPLYNOSEQ
--------------------------------------------------------

   CREATE SEQUENCE  "LJB_PROJECTORS"."REPAPPLYNOSEQ"  MINVALUE 1 MAXVALUE 9999999999999999999999999999 INCREMENT BY 1 START WITH 2 NOCACHE  NOORDER  NOCYCLE ;
--------------------------------------------------------
--  DDL for Sequence REPCOMMNOSEQ
--------------------------------------------------------

   CREATE SEQUENCE  "LJB_PROJECTORS"."REPCOMMNOSEQ"  MINVALUE 1 MAXVALUE 9999999999999999999999999999 INCREMENT BY 1 START WITH 5 NOCACHE  NOORDER  NOCYCLE ;
--------------------------------------------------------
--  DDL for Sequence REPNOTENOSEQ
--------------------------------------------------------

   CREATE SEQUENCE  "LJB_PROJECTORS"."REPNOTENOSEQ"  MINVALUE 1 MAXVALUE 9999999999999999999999999999 INCREMENT BY 1 START WITH 2 NOCACHE  NOORDER  NOCYCLE ;
--------------------------------------------------------
--  DDL for Sequence REPRECNOSEQ
--------------------------------------------------------

   CREATE SEQUENCE  "LJB_PROJECTORS"."REPRECNOSEQ"  MINVALUE 1 MAXVALUE 9999999999999999999999999999 INCREMENT BY 1 START WITH 16 NOCACHE  NOORDER  NOCYCLE ;
--------------------------------------------------------
--  DDL for Sequence RTOOLNOSEQ
--------------------------------------------------------

   CREATE SEQUENCE  "LJB_PROJECTORS"."RTOOLNOSEQ"  MINVALUE 1 MAXVALUE 9999999999999999999999999999 INCREMENT BY 1 START WITH 71 NOCACHE  NOORDER  NOCYCLE ;
--------------------------------------------------------
--  DDL for Sequence SPACENOTICENOSEQ
--------------------------------------------------------

   CREATE SEQUENCE  "LJB_PROJECTORS"."SPACENOTICENOSEQ"  MINVALUE 1 MAXVALUE 9999999999999999999999999999 INCREMENT BY 1 START WITH 88 NOCACHE  NOORDER  NOCYCLE ;
--------------------------------------------------------
--  DDL for Sequence USERNOSEQ
--------------------------------------------------------

   CREATE SEQUENCE  "LJB_PROJECTORS"."USERNOSEQ"  MINVALUE 1 MAXVALUE 9999999999999999999999999999 INCREMENT BY 1 START WITH 72 NOCACHE  NOORDER  NOCYCLE ;
--------------------------------------------------------
--  DDL for Sequence USERPINSEQ
--------------------------------------------------------

   CREATE SEQUENCE  "LJB_PROJECTORS"."USERPINSEQ"  MINVALUE 1 MAXVALUE 9999999999999999999999999999 INCREMENT BY 1 START WITH 74 NOCACHE  NOORDER  NOCYCLE ;
--------------------------------------------------------
--  DDL for Sequence UTOOLNOSEQ
--------------------------------------------------------

   CREATE SEQUENCE  "LJB_PROJECTORS"."UTOOLNOSEQ"  MINVALUE 1 MAXVALUE 9999999999999999999999999999 INCREMENT BY 1 START WITH 125 NOCACHE  NOORDER  NOCYCLE ;
--------------------------------------------------------
--  DDL for Sequence WDUSERNOSEQ
--------------------------------------------------------

   CREATE SEQUENCE  "LJB_PROJECTORS"."WDUSERNOSEQ"  MINVALUE 1 MAXVALUE 9999999999999999999999999999 INCREMENT BY 1 START WITH 41 CACHE 20 NOORDER  NOCYCLE ;
--------------------------------------------------------
--  DDL for Sequence WORKSPACECOMMNOSEQ
--------------------------------------------------------

   CREATE SEQUENCE  "LJB_PROJECTORS"."WORKSPACECOMMNOSEQ"  MINVALUE 1 MAXVALUE 9999999999999999999999999999 INCREMENT BY 1 START WITH 4 NOCACHE  NOORDER  NOCYCLE ;
--------------------------------------------------------
--  DDL for Sequence WORKSPACENOSEQ
--------------------------------------------------------

   CREATE SEQUENCE  "LJB_PROJECTORS"."WORKSPACENOSEQ"  MINVALUE 1 MAXVALUE 9999999999999999999999999999 INCREMENT BY 1 START WITH 30 NOCACHE  NOORDER  NOCYCLE ;
--------------------------------------------------------
--  DDL for Table ADMIN
--------------------------------------------------------

  CREATE TABLE "LJB_PROJECTORS"."ADMIN" 
   (	"ADMIN_NO" VARCHAR2(16 BYTE), 
	"ADMIN_ID" VARCHAR2(100 BYTE), 
	"ADMIN_PW" VARCHAR2(20 BYTE), 
	"REG_DATE" DATE DEFAULT SYSDATE, 
	"PIN_NO" VARCHAR2(16 BYTE)
   ) SEGMENT CREATION IMMEDIATE 
  PCTFREE 10 PCTUSED 40 INITRANS 1 MAXTRANS 255 NOCOMPRESS LOGGING
  STORAGE(INITIAL 65536 NEXT 1048576 MINEXTENTS 1 MAXEXTENTS 2147483645
  PCTINCREASE 0 FREELISTS 1 FREELIST GROUPS 1 BUFFER_POOL DEFAULT FLASH_CACHE DEFAULT CELL_FLASH_CACHE DEFAULT)
  TABLESPACE "TBS_PROJECTORS" ;
--------------------------------------------------------
--  DDL for Table ADMIN_NOTICE
--------------------------------------------------------

  CREATE TABLE "LJB_PROJECTORS"."ADMIN_NOTICE" 
   (	"ADMIN_NOTICE_NO" VARCHAR2(8 BYTE), 
	"TITLE" VARCHAR2(100 BYTE), 
	"CONTENT" VARCHAR2(1000 BYTE), 
	"PIN_NO" VARCHAR2(16 BYTE)
   ) SEGMENT CREATION IMMEDIATE 
  PCTFREE 10 PCTUSED 40 INITRANS 1 MAXTRANS 255 NOCOMPRESS LOGGING
  STORAGE(INITIAL 65536 NEXT 1048576 MINEXTENTS 1 MAXEXTENTS 2147483645
  PCTINCREASE 0 FREELISTS 1 FREELIST GROUPS 1 BUFFER_POOL DEFAULT FLASH_CACHE DEFAULT CELL_FLASH_CACHE DEFAULT)
  TABLESPACE "TBS_PROJECTORS" ;
--------------------------------------------------------
--  DDL for Table ANSWER
--------------------------------------------------------

  CREATE TABLE "LJB_PROJECTORS"."ANSWER" 
   (	"ANSWER_NO" VARCHAR2(12 BYTE), 
	"CONTENT" VARCHAR2(1000 BYTE), 
	"QUESTION_NO" VARCHAR2(12 BYTE), 
	"CREATED_DATE" DATE DEFAULT SYSDATE, 
	"PIN_NO" VARCHAR2(16 BYTE)
   ) SEGMENT CREATION IMMEDIATE 
  PCTFREE 10 PCTUSED 40 INITRANS 1 MAXTRANS 255 NOCOMPRESS LOGGING
  STORAGE(INITIAL 65536 NEXT 1048576 MINEXTENTS 1 MAXEXTENTS 2147483645
  PCTINCREASE 0 FREELISTS 1 FREELIST GROUPS 1 BUFFER_POOL DEFAULT FLASH_CACHE DEFAULT CELL_FLASH_CACHE DEFAULT)
  TABLESPACE "TBS_PROJECTORS" ;
--------------------------------------------------------
--  DDL for Table APPLY
--------------------------------------------------------

  CREATE TABLE "LJB_PROJECTORS"."APPLY" 
   (	"APPLY_NO" VARCHAR2(16 BYTE), 
	"RECRUIT_POS_NO" VARCHAR2(20 BYTE), 
	"PIN_NO" VARCHAR2(16 BYTE), 
	"CONTENT" VARCHAR2(1500 BYTE), 
	"APPLY_DATE" DATE DEFAULT SYSDATE, 
	"CK_DATE" DATE
   ) SEGMENT CREATION IMMEDIATE 
  PCTFREE 10 PCTUSED 40 INITRANS 1 MAXTRANS 255 NOCOMPRESS LOGGING
  STORAGE(INITIAL 65536 NEXT 1048576 MINEXTENTS 1 MAXEXTENTS 2147483645
  PCTINCREASE 0 FREELISTS 1 FREELIST GROUPS 1 BUFFER_POOL DEFAULT FLASH_CACHE DEFAULT CELL_FLASH_CACHE DEFAULT)
  TABLESPACE "TBS_PROJECTORS" ;
--------------------------------------------------------
--  DDL for Table COMMENTS
--------------------------------------------------------

  CREATE TABLE "LJB_PROJECTORS"."COMMENTS" 
   (	"COMM_NO" NUMBER(10,0), 
	"RECRUIT_NO" VARCHAR2(16 BYTE), 
	"PIN_NO" VARCHAR2(16 BYTE), 
	"CREATED_DATE" DATE DEFAULT SYSDATE, 
	"CONTENT" VARCHAR2(400 BYTE), 
	"RECOMM_NO" NUMBER(10,0)
   ) SEGMENT CREATION IMMEDIATE 
  PCTFREE 10 PCTUSED 40 INITRANS 1 MAXTRANS 255 NOCOMPRESS LOGGING
  STORAGE(INITIAL 65536 NEXT 1048576 MINEXTENTS 1 MAXEXTENTS 2147483645
  PCTINCREASE 0 FREELISTS 1 FREELIST GROUPS 1 BUFFER_POOL DEFAULT FLASH_CACHE DEFAULT CELL_FLASH_CACHE DEFAULT)
  TABLESPACE "TBS_PROJECTORS" ;
--------------------------------------------------------
--  DDL for Table DEL_APPLY
--------------------------------------------------------

  CREATE TABLE "LJB_PROJECTORS"."DEL_APPLY" 
   (	"DEL_APPLY_NO" VARCHAR2(16 BYTE), 
	"APPLY_NO" VARCHAR2(16 BYTE), 
	"DEL_DATE" DATE DEFAULT SYSDATE
   ) SEGMENT CREATION IMMEDIATE 
  PCTFREE 10 PCTUSED 40 INITRANS 1 MAXTRANS 255 NOCOMPRESS LOGGING
  STORAGE(INITIAL 65536 NEXT 1048576 MINEXTENTS 1 MAXEXTENTS 2147483645
  PCTINCREASE 0 FREELISTS 1 FREELIST GROUPS 1 BUFFER_POOL DEFAULT FLASH_CACHE DEFAULT CELL_FLASH_CACHE DEFAULT)
  TABLESPACE "TBS_PROJECTORS" ;
--------------------------------------------------------
--  DDL for Table DEL_COMM
--------------------------------------------------------

  CREATE TABLE "LJB_PROJECTORS"."DEL_COMM" 
   (	"DEL_COMM_NO" NUMBER(10,0), 
	"COMM_NO" NUMBER(10,0), 
	"DEL_DATE" DATE DEFAULT SYSDATE
   ) SEGMENT CREATION IMMEDIATE 
  PCTFREE 10 PCTUSED 40 INITRANS 1 MAXTRANS 255 NOCOMPRESS LOGGING
  STORAGE(INITIAL 65536 NEXT 1048576 MINEXTENTS 1 MAXEXTENTS 2147483645
  PCTINCREASE 0 FREELISTS 1 FREELIST GROUPS 1 BUFFER_POOL DEFAULT FLASH_CACHE DEFAULT CELL_FLASH_CACHE DEFAULT)
  TABLESPACE "TBS_PROJECTORS" ;
--------------------------------------------------------
--  DDL for Table DEL_NOTE
--------------------------------------------------------

  CREATE TABLE "LJB_PROJECTORS"."DEL_NOTE" 
   (	"DEL_NOTE_NO" VARCHAR2(16 BYTE), 
	"NOTE_NO" VARCHAR2(16 BYTE), 
	"DEL_DATE" DATE DEFAULT SYSDATE
   ) SEGMENT CREATION IMMEDIATE 
  PCTFREE 10 PCTUSED 40 INITRANS 1 MAXTRANS 255 NOCOMPRESS LOGGING
  STORAGE(INITIAL 65536 NEXT 1048576 MINEXTENTS 1 MAXEXTENTS 2147483645
  PCTINCREASE 0 FREELISTS 1 FREELIST GROUPS 1 BUFFER_POOL DEFAULT FLASH_CACHE DEFAULT CELL_FLASH_CACHE DEFAULT)
  TABLESPACE "TBS_PROJECTORS" ;
--------------------------------------------------------
--  DDL for Table DEL_RECRUIT
--------------------------------------------------------

  CREATE TABLE "LJB_PROJECTORS"."DEL_RECRUIT" 
   (	"DEL_RECRUIT_NO" VARCHAR2(16 BYTE), 
	"RECRUIT_NO" VARCHAR2(16 BYTE), 
	"DEL_DATE" DATE DEFAULT SYSDATE
   ) SEGMENT CREATION IMMEDIATE 
  PCTFREE 10 PCTUSED 40 INITRANS 1 MAXTRANS 255 NOCOMPRESS LOGGING
  STORAGE(INITIAL 65536 NEXT 1048576 MINEXTENTS 1 MAXEXTENTS 2147483645
  PCTINCREASE 0 FREELISTS 1 FREELIST GROUPS 1 BUFFER_POOL DEFAULT FLASH_CACHE DEFAULT CELL_FLASH_CACHE DEFAULT)
  TABLESPACE "TBS_PROJECTORS" ;
--------------------------------------------------------
--  DDL for Table DEL_REP_PRJ
--------------------------------------------------------

  CREATE TABLE "LJB_PROJECTORS"."DEL_REP_PRJ" 
   (	"DEL_PRJ_NO" VARCHAR2(16 BYTE), 
	"PRESULT_NO" VARCHAR2(16 BYTE)
   ) SEGMENT CREATION IMMEDIATE 
  PCTFREE 10 PCTUSED 40 INITRANS 1 MAXTRANS 255 NOCOMPRESS LOGGING
  STORAGE(INITIAL 65536 NEXT 1048576 MINEXTENTS 1 MAXEXTENTS 2147483645
  PCTINCREASE 0 FREELISTS 1 FREELIST GROUPS 1 BUFFER_POOL DEFAULT FLASH_CACHE DEFAULT CELL_FLASH_CACHE DEFAULT)
  TABLESPACE "TBS_PROJECTORS" ;
--------------------------------------------------------
--  DDL for Table DO_TYPE
--------------------------------------------------------

  CREATE TABLE "LJB_PROJECTORS"."DO_TYPE" 
   (	"DO_TYPE_NO" NUMBER(1,0), 
	"DO_TYPE_NAME" VARCHAR2(10 BYTE)
   ) SEGMENT CREATION IMMEDIATE 
  PCTFREE 10 PCTUSED 40 INITRANS 1 MAXTRANS 255 NOCOMPRESS LOGGING
  STORAGE(INITIAL 65536 NEXT 1048576 MINEXTENTS 1 MAXEXTENTS 2147483645
  PCTINCREASE 0 FREELISTS 1 FREELIST GROUPS 1 BUFFER_POOL DEFAULT FLASH_CACHE DEFAULT CELL_FLASH_CACHE DEFAULT)
  TABLESPACE "TBS_PROJECTORS" ;
--------------------------------------------------------
--  DDL for Table FAQ
--------------------------------------------------------

  CREATE TABLE "LJB_PROJECTORS"."FAQ" 
   (	"FAQ_NO" NUMBER(3,0), 
	"TITLE" VARCHAR2(100 BYTE), 
	"CONTENT" VARCHAR2(1000 BYTE)
   ) SEGMENT CREATION IMMEDIATE 
  PCTFREE 10 PCTUSED 40 INITRANS 1 MAXTRANS 255 NOCOMPRESS LOGGING
  STORAGE(INITIAL 65536 NEXT 1048576 MINEXTENTS 1 MAXEXTENTS 2147483645
  PCTINCREASE 0 FREELISTS 1 FREELIST GROUPS 1 BUFFER_POOL DEFAULT FLASH_CACHE DEFAULT CELL_FLASH_CACHE DEFAULT)
  TABLESPACE "TBS_PROJECTORS" ;
--------------------------------------------------------
--  DDL for Table FEED
--------------------------------------------------------

  CREATE TABLE "LJB_PROJECTORS"."FEED" 
   (	"FEED_NO" NUMBER(10,0), 
	"FINAL_NO" VARCHAR2(16 BYTE), 
	"CONTENT" VARCHAR2(100 BYTE), 
	"CREATED_DATE" DATE DEFAULT SYSDATE
   ) SEGMENT CREATION IMMEDIATE 
  PCTFREE 10 PCTUSED 40 INITRANS 1 MAXTRANS 255 NOCOMPRESS LOGGING
  STORAGE(INITIAL 65536 NEXT 1048576 MINEXTENTS 1 MAXEXTENTS 2147483645
  PCTINCREASE 0 FREELISTS 1 FREELIST GROUPS 1 BUFFER_POOL DEFAULT FLASH_CACHE DEFAULT CELL_FLASH_CACHE DEFAULT)
  TABLESPACE "TBS_PROJECTORS" ;
--------------------------------------------------------
--  DDL for Table FINAL
--------------------------------------------------------

  CREATE TABLE "LJB_PROJECTORS"."FINAL" 
   (	"FINAL_NO" VARCHAR2(16 BYTE), 
	"FIRST_CK_NO" VARCHAR2(16 BYTE), 
	"FINAL_CK_DATE" DATE DEFAULT SYSDATE
   ) SEGMENT CREATION IMMEDIATE 
  PCTFREE 10 PCTUSED 40 INITRANS 1 MAXTRANS 255 NOCOMPRESS LOGGING
  STORAGE(INITIAL 65536 NEXT 1048576 MINEXTENTS 1 MAXEXTENTS 2147483645
  PCTINCREASE 0 FREELISTS 1 FREELIST GROUPS 1 BUFFER_POOL DEFAULT FLASH_CACHE DEFAULT CELL_FLASH_CACHE DEFAULT)
  TABLESPACE "TBS_PROJECTORS" ;
--------------------------------------------------------
--  DDL for Table FIRST_CK
--------------------------------------------------------

  CREATE TABLE "LJB_PROJECTORS"."FIRST_CK" 
   (	"FIRST_CK_NO" VARCHAR2(16 BYTE), 
	"APPLY_NO" VARCHAR2(16 BYTE), 
	"PASS_DATE" DATE DEFAULT SYSDATE
   ) SEGMENT CREATION IMMEDIATE 
  PCTFREE 10 PCTUSED 40 INITRANS 1 MAXTRANS 255 NOCOMPRESS LOGGING
  STORAGE(INITIAL 65536 NEXT 1048576 MINEXTENTS 1 MAXEXTENTS 2147483645
  PCTINCREASE 0 FREELISTS 1 FREELIST GROUPS 1 BUFFER_POOL DEFAULT FLASH_CACHE DEFAULT CELL_FLASH_CACHE DEFAULT)
  TABLESPACE "TBS_PROJECTORS" ;
--------------------------------------------------------
--  DDL for Table LOGIN_REC
--------------------------------------------------------

  CREATE TABLE "LJB_PROJECTORS"."LOGIN_REC" 
   (	"LOGIN_REC" NUMBER, 
	"PIN_NO" VARCHAR2(16 BYTE), 
	"LOGIN_DATE" DATE DEFAULT SYSDATE
   ) SEGMENT CREATION IMMEDIATE 
  PCTFREE 10 PCTUSED 40 INITRANS 1 MAXTRANS 255 NOCOMPRESS LOGGING
  STORAGE(INITIAL 65536 NEXT 1048576 MINEXTENTS 1 MAXEXTENTS 2147483645
  PCTINCREASE 0 FREELISTS 1 FREELIST GROUPS 1 BUFFER_POOL DEFAULT FLASH_CACHE DEFAULT CELL_FLASH_CACHE DEFAULT)
  TABLESPACE "TBS_PROJECTORS" ;
--------------------------------------------------------
--  DDL for Table LOGOUT_REC
--------------------------------------------------------

  CREATE TABLE "LJB_PROJECTORS"."LOGOUT_REC" 
   (	"LOGOUT_REC" NUMBER, 
	"PIN_NO" VARCHAR2(16 BYTE), 
	"LOGOUT_DATE" DATE DEFAULT SYSDATE
   ) SEGMENT CREATION IMMEDIATE 
  PCTFREE 10 PCTUSED 40 INITRANS 1 MAXTRANS 255 NOCOMPRESS LOGGING
  STORAGE(INITIAL 65536 NEXT 1048576 MINEXTENTS 1 MAXEXTENTS 2147483645
  PCTINCREASE 0 FREELISTS 1 FREELIST GROUPS 1 BUFFER_POOL DEFAULT FLASH_CACHE DEFAULT CELL_FLASH_CACHE DEFAULT)
  TABLESPACE "TBS_PROJECTORS" ;
--------------------------------------------------------
--  DDL for Table MEETING
--------------------------------------------------------

  CREATE TABLE "LJB_PROJECTORS"."MEETING" 
   (	"MEETING_NO" VARCHAR2(20 BYTE), 
	"FINAL_NO" VARCHAR2(16 BYTE), 
	"TITLE" VARCHAR2(100 BYTE), 
	"CONTENT" VARCHAR2(1000 BYTE), 
	"FILEURL" VARCHAR2(400 BYTE), 
	"CREATED_DATE" DATE DEFAULT SYSDATE, 
	"MEETING_DATE" DATE DEFAULT SYSDATE
   ) SEGMENT CREATION IMMEDIATE 
  PCTFREE 10 PCTUSED 40 INITRANS 1 MAXTRANS 255 NOCOMPRESS LOGGING
  STORAGE(INITIAL 65536 NEXT 1048576 MINEXTENTS 1 MAXEXTENTS 2147483645
  PCTINCREASE 0 FREELISTS 1 FREELIST GROUPS 1 BUFFER_POOL DEFAULT FLASH_CACHE DEFAULT CELL_FLASH_CACHE DEFAULT)
  TABLESPACE "TBS_PROJECTORS" ;
--------------------------------------------------------
--  DDL for Table MEMBER_OUT
--------------------------------------------------------

  CREATE TABLE "LJB_PROJECTORS"."MEMBER_OUT" 
   (	"MEM_OUT_NO" VARCHAR2(16 BYTE), 
	"FINAL_NO" VARCHAR2(16 BYTE), 
	"OUT_REASON_NO" NUMBER(1,0), 
	"OUT_DATE" DATE DEFAULT SYSDATE
   ) SEGMENT CREATION IMMEDIATE 
  PCTFREE 10 PCTUSED 40 INITRANS 1 MAXTRANS 255 NOCOMPRESS LOGGING
  STORAGE(INITIAL 65536 NEXT 1048576 MINEXTENTS 1 MAXEXTENTS 2147483645
  PCTINCREASE 0 FREELISTS 1 FREELIST GROUPS 1 BUFFER_POOL DEFAULT FLASH_CACHE DEFAULT CELL_FLASH_CACHE DEFAULT)
  TABLESPACE "TBS_PROJECTORS" ;
--------------------------------------------------------
--  DDL for Table MEM_OUT_RATE
--------------------------------------------------------

  CREATE TABLE "LJB_PROJECTORS"."MEM_OUT_RATE" 
   (	"OUT_RATE_NO" VARCHAR2(18 BYTE), 
	"MEM_OUT_NO" VARCHAR2(16 BYTE), 
	"GIVER" VARCHAR2(16 BYTE), 
	"RATE_NO" NUMBER(1,0), 
	"RATE_DATE" DATE DEFAULT SYSDATE
   ) SEGMENT CREATION IMMEDIATE 
  PCTFREE 10 PCTUSED 40 INITRANS 1 MAXTRANS 255 NOCOMPRESS LOGGING
  STORAGE(INITIAL 65536 NEXT 1048576 MINEXTENTS 1 MAXEXTENTS 2147483645
  PCTINCREASE 0 FREELISTS 1 FREELIST GROUPS 1 BUFFER_POOL DEFAULT FLASH_CACHE DEFAULT CELL_FLASH_CACHE DEFAULT)
  TABLESPACE "TBS_PROJECTORS" ;
--------------------------------------------------------
--  DDL for Table MEM_OUT_REASON
--------------------------------------------------------

  CREATE TABLE "LJB_PROJECTORS"."MEM_OUT_REASON" 
   (	"OUT_REASON_NO" NUMBER(1,0), 
	"REASON" VARCHAR2(50 BYTE)
   ) SEGMENT CREATION IMMEDIATE 
  PCTFREE 10 PCTUSED 40 INITRANS 1 MAXTRANS 255 NOCOMPRESS LOGGING
  STORAGE(INITIAL 65536 NEXT 1048576 MINEXTENTS 1 MAXEXTENTS 2147483645
  PCTINCREASE 0 FREELISTS 1 FREELIST GROUPS 1 BUFFER_POOL DEFAULT FLASH_CACHE DEFAULT CELL_FLASH_CACHE DEFAULT)
  TABLESPACE "TBS_PROJECTORS" ;
--------------------------------------------------------
--  DDL for Table NOTE
--------------------------------------------------------

  CREATE TABLE "LJB_PROJECTORS"."NOTE" 
   (	"NOTE_NO" VARCHAR2(16 BYTE), 
	"SENDER" VARCHAR2(16 BYTE), 
	"READER" VARCHAR2(16 BYTE), 
	"SEND_DATE" DATE DEFAULT SYSDATE, 
	"READ_DATE" DATE, 
	"TITLE" VARCHAR2(100 BYTE), 
	"CONTENT" VARCHAR2(1000 BYTE), 
	"SEND_DEL" DATE, 
	"READ_DEL" DATE
   ) SEGMENT CREATION IMMEDIATE 
  PCTFREE 10 PCTUSED 40 INITRANS 1 MAXTRANS 255 NOCOMPRESS LOGGING
  STORAGE(INITIAL 65536 NEXT 1048576 MINEXTENTS 1 MAXEXTENTS 2147483645
  PCTINCREASE 0 FREELISTS 1 FREELIST GROUPS 1 BUFFER_POOL DEFAULT FLASH_CACHE DEFAULT CELL_FLASH_CACHE DEFAULT)
  TABLESPACE "TBS_PROJECTORS" ;
--------------------------------------------------------
--  DDL for Table POSITION
--------------------------------------------------------

  CREATE TABLE "LJB_PROJECTORS"."POSITION" 
   (	"POS_NO" NUMBER(2,0), 
	"POS_NAME" VARCHAR2(40 BYTE)
   ) SEGMENT CREATION IMMEDIATE 
  PCTFREE 10 PCTUSED 40 INITRANS 1 MAXTRANS 255 NOCOMPRESS LOGGING
  STORAGE(INITIAL 65536 NEXT 1048576 MINEXTENTS 1 MAXEXTENTS 2147483645
  PCTINCREASE 0 FREELISTS 1 FREELIST GROUPS 1 BUFFER_POOL DEFAULT FLASH_CACHE DEFAULT CELL_FLASH_CACHE DEFAULT)
  TABLESPACE "TBS_PROJECTORS" ;
--------------------------------------------------------
--  DDL for Table PRJ_PRESULT
--------------------------------------------------------

  CREATE TABLE "LJB_PROJECTORS"."PRJ_PRESULT" 
   (	"PRESULT_NO" VARCHAR2(16 BYTE), 
	"REP_PRJ_NO" VARCHAR2(16 BYTE), 
	"REP_RESULT_NO" NUMBER(2,0), 
	"CREATED_DATE" DATE DEFAULT SYSDATE, 
	"PIN_NO" VARCHAR2(16 BYTE)
   ) SEGMENT CREATION IMMEDIATE 
  PCTFREE 10 PCTUSED 40 INITRANS 1 MAXTRANS 255 NOCOMPRESS LOGGING
  STORAGE(INITIAL 65536 NEXT 1048576 MINEXTENTS 1 MAXEXTENTS 2147483645
  PCTINCREASE 0 FREELISTS 1 FREELIST GROUPS 1 BUFFER_POOL DEFAULT FLASH_CACHE DEFAULT CELL_FLASH_CACHE DEFAULT)
  TABLESPACE "TBS_PROJECTORS" ;
--------------------------------------------------------
--  DDL for Table PRJ_STOP_REASON
--------------------------------------------------------

  CREATE TABLE "LJB_PROJECTORS"."PRJ_STOP_REASON" 
   (	"STOP_REASON_NO" NUMBER(1,0), 
	"REASON" VARCHAR2(50 BYTE)
   ) SEGMENT CREATION IMMEDIATE 
  PCTFREE 10 PCTUSED 40 INITRANS 1 MAXTRANS 255 NOCOMPRESS LOGGING
  STORAGE(INITIAL 65536 NEXT 1048576 MINEXTENTS 1 MAXEXTENTS 2147483645
  PCTINCREASE 0 FREELISTS 1 FREELIST GROUPS 1 BUFFER_POOL DEFAULT FLASH_CACHE DEFAULT CELL_FLASH_CACHE DEFAULT)
  TABLESPACE "TBS_PROJECTORS" ;
--------------------------------------------------------
--  DDL for Table PROFILE
--------------------------------------------------------

  CREATE TABLE "LJB_PROJECTORS"."PROFILE" 
   (	"PROFILE_NO" VARCHAR2(16 BYTE), 
	"PIN_NO" VARCHAR2(16 BYTE), 
	"POS_NO" NUMBER(2,0), 
	"SUB_REGION_NO" NUMBER(3,0), 
	"PROFILE_DATE" DATE DEFAULT SYSDATE
   ) SEGMENT CREATION IMMEDIATE 
  PCTFREE 10 PCTUSED 40 INITRANS 1 MAXTRANS 255 NOCOMPRESS LOGGING
  STORAGE(INITIAL 65536 NEXT 1048576 MINEXTENTS 1 MAXEXTENTS 2147483645
  PCTINCREASE 0 FREELISTS 1 FREELIST GROUPS 1 BUFFER_POOL DEFAULT FLASH_CACHE DEFAULT CELL_FLASH_CACHE DEFAULT)
  TABLESPACE "TBS_PROJECTORS" ;
--------------------------------------------------------
--  DDL for Table PROJECT
--------------------------------------------------------

  CREATE TABLE "LJB_PROJECTORS"."PROJECT" 
   (	"PRJ_NO" VARCHAR2(16 BYTE), 
	"RECRUIT_NO" VARCHAR2(16 BYTE), 
	"PRJ_DATE" DATE DEFAULT SYSDATE
   ) SEGMENT CREATION IMMEDIATE 
  PCTFREE 10 PCTUSED 40 INITRANS 1 MAXTRANS 255 NOCOMPRESS LOGGING
  STORAGE(INITIAL 65536 NEXT 1048576 MINEXTENTS 1 MAXEXTENTS 2147483645
  PCTINCREASE 0 FREELISTS 1 FREELIST GROUPS 1 BUFFER_POOL DEFAULT FLASH_CACHE DEFAULT CELL_FLASH_CACHE DEFAULT)
  TABLESPACE "TBS_PROJECTORS" ;
--------------------------------------------------------
--  DDL for Table PROJECT_RATE
--------------------------------------------------------

  CREATE TABLE "LJB_PROJECTORS"."PROJECT_RATE" 
   (	"DONE_RATE_NO" VARCHAR2(20 BYTE), 
	"GIVER" VARCHAR2(16 BYTE), 
	"RECEIVER" VARCHAR2(16 BYTE), 
	"RATE_NO" NUMBER(1,0), 
	"RATE_DATE" DATE DEFAULT SYSDATE
   ) SEGMENT CREATION IMMEDIATE 
  PCTFREE 10 PCTUSED 40 INITRANS 1 MAXTRANS 255 NOCOMPRESS LOGGING
  STORAGE(INITIAL 65536 NEXT 1048576 MINEXTENTS 1 MAXEXTENTS 2147483645
  PCTINCREASE 0 FREELISTS 1 FREELIST GROUPS 1 BUFFER_POOL DEFAULT FLASH_CACHE DEFAULT CELL_FLASH_CACHE DEFAULT)
  TABLESPACE "TBS_PROJECTORS" ;
--------------------------------------------------------
--  DDL for Table PROJECT_STOP
--------------------------------------------------------

  CREATE TABLE "LJB_PROJECTORS"."PROJECT_STOP" 
   (	"PRJ_STOP_NO" VARCHAR2(16 BYTE), 
	"PRJ_NO" VARCHAR2(16 BYTE), 
	"STOP_DATE" DATE DEFAULT SYSDATE, 
	"STOP_REASON_NO" NUMBER(1,0)
   ) SEGMENT CREATION IMMEDIATE 
  PCTFREE 10 PCTUSED 40 INITRANS 1 MAXTRANS 255 NOCOMPRESS LOGGING
  STORAGE(INITIAL 65536 NEXT 1048576 MINEXTENTS 1 MAXEXTENTS 2147483645
  PCTINCREASE 0 FREELISTS 1 FREELIST GROUPS 1 BUFFER_POOL DEFAULT FLASH_CACHE DEFAULT CELL_FLASH_CACHE DEFAULT)
  TABLESPACE "TBS_PROJECTORS" ;
--------------------------------------------------------
--  DDL for Table PROJECT_STOP_RATE
--------------------------------------------------------

  CREATE TABLE "LJB_PROJECTORS"."PROJECT_STOP_RATE" 
   (	"STOP_RATE_NO" VARCHAR2(20 BYTE), 
	"PRJ_STOP_NO" VARCHAR2(16 BYTE), 
	"RECEIVER" VARCHAR2(16 BYTE), 
	"GIVER" VARCHAR2(16 BYTE), 
	"RATE_NO" NUMBER(1,0), 
	"RATE_DATE" DATE DEFAULT SYSDATE
   ) SEGMENT CREATION IMMEDIATE 
  PCTFREE 10 PCTUSED 40 INITRANS 1 MAXTRANS 255 NOCOMPRESS LOGGING
  STORAGE(INITIAL 65536 NEXT 1048576 MINEXTENTS 1 MAXEXTENTS 2147483645
  PCTINCREASE 0 FREELISTS 1 FREELIST GROUPS 1 BUFFER_POOL DEFAULT FLASH_CACHE DEFAULT CELL_FLASH_CACHE DEFAULT)
  TABLESPACE "TBS_PROJECTORS" ;
--------------------------------------------------------
--  DDL for Table QUESTION
--------------------------------------------------------

  CREATE TABLE "LJB_PROJECTORS"."QUESTION" 
   (	"QUESTION_NO" VARCHAR2(12 BYTE), 
	"PIN_NO" VARCHAR2(16 BYTE), 
	"TITLE" VARCHAR2(100 BYTE), 
	"CONTENT" VARCHAR2(1000 BYTE), 
	"CREATED_DATE" DATE DEFAULT SYSDATE
   ) SEGMENT CREATION IMMEDIATE 
  PCTFREE 10 PCTUSED 40 INITRANS 1 MAXTRANS 255 NOCOMPRESS LOGGING
  STORAGE(INITIAL 65536 NEXT 1048576 MINEXTENTS 1 MAXEXTENTS 2147483645
  PCTINCREASE 0 FREELISTS 1 FREELIST GROUPS 1 BUFFER_POOL DEFAULT FLASH_CACHE DEFAULT CELL_FLASH_CACHE DEFAULT)
  TABLESPACE "TBS_PROJECTORS" ;
--------------------------------------------------------
--  DDL for Table QUIT_ADMIN
--------------------------------------------------------

  CREATE TABLE "LJB_PROJECTORS"."QUIT_ADMIN" 
   (	"QUIT_ADMIN_NO" NUMBER(4,0), 
	"QUIT_DATE" DATE DEFAULT SYSDATE, 
	"PIN_NO" VARCHAR2(16 BYTE)
   ) SEGMENT CREATION IMMEDIATE 
  PCTFREE 10 PCTUSED 40 INITRANS 1 MAXTRANS 255 NOCOMPRESS LOGGING
  STORAGE(INITIAL 65536 NEXT 1048576 MINEXTENTS 1 MAXEXTENTS 2147483645
  PCTINCREASE 0 FREELISTS 1 FREELIST GROUPS 1 BUFFER_POOL DEFAULT FLASH_CACHE DEFAULT CELL_FLASH_CACHE DEFAULT)
  TABLESPACE "TBS_PROJECTORS" ;
--------------------------------------------------------
--  DDL for Table RATE_SELECT
--------------------------------------------------------

  CREATE TABLE "LJB_PROJECTORS"."RATE_SELECT" 
   (	"RATE_NO" NUMBER(1,0), 
	"CONTENT" VARCHAR2(30 BYTE)
   ) SEGMENT CREATION IMMEDIATE 
  PCTFREE 10 PCTUSED 40 INITRANS 1 MAXTRANS 255 NOCOMPRESS LOGGING
  STORAGE(INITIAL 65536 NEXT 1048576 MINEXTENTS 1 MAXEXTENTS 2147483645
  PCTINCREASE 0 FREELISTS 1 FREELIST GROUPS 1 BUFFER_POOL DEFAULT FLASH_CACHE DEFAULT CELL_FLASH_CACHE DEFAULT)
  TABLESPACE "TBS_PROJECTORS" ;
--------------------------------------------------------
--  DDL for Table RECRUIT
--------------------------------------------------------

  CREATE TABLE "LJB_PROJECTORS"."RECRUIT" 
   (	"RECRUIT_NO" VARCHAR2(16 BYTE), 
	"PIN_NO" VARCHAR2(16 BYTE), 
	"DO_TYPE_NO" NUMBER(1,0), 
	"TITLE" VARCHAR2(100 BYTE), 
	"CONTENT" VARCHAR2(3000 BYTE), 
	"CREATED_DATE" DATE DEFAULT SYSDATE, 
	"PRJ_START" DATE, 
	"PRJ_END" DATE
   ) SEGMENT CREATION IMMEDIATE 
  PCTFREE 10 PCTUSED 40 INITRANS 1 MAXTRANS 255 NOCOMPRESS LOGGING
  STORAGE(INITIAL 65536 NEXT 1048576 MINEXTENTS 1 MAXEXTENTS 2147483645
  PCTINCREASE 0 FREELISTS 1 FREELIST GROUPS 1 BUFFER_POOL DEFAULT FLASH_CACHE DEFAULT CELL_FLASH_CACHE DEFAULT)
  TABLESPACE "TBS_PROJECTORS" ;
--------------------------------------------------------
--  DDL for Table RECRUIT_POS
--------------------------------------------------------

  CREATE TABLE "LJB_PROJECTORS"."RECRUIT_POS" 
   (	"RECRUIT_POS_NO" VARCHAR2(20 BYTE), 
	"RECRUIT_NO" VARCHAR2(16 BYTE), 
	"POS_NO" NUMBER(2,0)
   ) SEGMENT CREATION IMMEDIATE 
  PCTFREE 10 PCTUSED 40 INITRANS 1 MAXTRANS 255 NOCOMPRESS LOGGING
  STORAGE(INITIAL 65536 NEXT 1048576 MINEXTENTS 1 MAXEXTENTS 2147483645
  PCTINCREASE 0 FREELISTS 1 FREELIST GROUPS 1 BUFFER_POOL DEFAULT FLASH_CACHE DEFAULT CELL_FLASH_CACHE DEFAULT)
  TABLESPACE "TBS_PROJECTORS" ;
--------------------------------------------------------
--  DDL for Table RECRUIT_TOOL
--------------------------------------------------------

  CREATE TABLE "LJB_PROJECTORS"."RECRUIT_TOOL" 
   (	"RECRUIT_TOOL_NO" VARCHAR2(20 BYTE), 
	"RECRUIT_NO" VARCHAR2(16 BYTE), 
	"TOOL_NO" NUMBER(3,0)
   ) SEGMENT CREATION IMMEDIATE 
  PCTFREE 10 PCTUSED 40 INITRANS 1 MAXTRANS 255 NOCOMPRESS LOGGING
  STORAGE(INITIAL 65536 NEXT 1048576 MINEXTENTS 1 MAXEXTENTS 2147483645
  PCTINCREASE 0 FREELISTS 1 FREELIST GROUPS 1 BUFFER_POOL DEFAULT FLASH_CACHE DEFAULT CELL_FLASH_CACHE DEFAULT)
  TABLESPACE "TBS_PROJECTORS" ;
--------------------------------------------------------
--  DDL for Table REGION
--------------------------------------------------------

  CREATE TABLE "LJB_PROJECTORS"."REGION" 
   (	"REGION_NO" NUMBER(3,0), 
	"REGION_NAME" VARCHAR2(40 BYTE)
   ) SEGMENT CREATION IMMEDIATE 
  PCTFREE 10 PCTUSED 40 INITRANS 1 MAXTRANS 255 NOCOMPRESS LOGGING
  STORAGE(INITIAL 65536 NEXT 1048576 MINEXTENTS 1 MAXEXTENTS 2147483645
  PCTINCREASE 0 FREELISTS 1 FREELIST GROUPS 1 BUFFER_POOL DEFAULT FLASH_CACHE DEFAULT CELL_FLASH_CACHE DEFAULT)
  TABLESPACE "TBS_PROJECTORS" ;
--------------------------------------------------------
--  DDL for Table REGULATION
--------------------------------------------------------

  CREATE TABLE "LJB_PROJECTORS"."REGULATION" 
   (	"REGU_NO" NUMBER(1,0), 
	"CONTENT" VARCHAR2(50 BYTE)
   ) SEGMENT CREATION IMMEDIATE 
  PCTFREE 10 PCTUSED 40 INITRANS 1 MAXTRANS 255 NOCOMPRESS LOGGING
  STORAGE(INITIAL 65536 NEXT 1048576 MINEXTENTS 1 MAXEXTENTS 2147483645
  PCTINCREASE 0 FREELISTS 1 FREELIST GROUPS 1 BUFFER_POOL DEFAULT FLASH_CACHE DEFAULT CELL_FLASH_CACHE DEFAULT)
  TABLESPACE "TBS_PROJECTORS" ;
--------------------------------------------------------
--  DDL for Table REGULATION_PERIOD
--------------------------------------------------------

  CREATE TABLE "LJB_PROJECTORS"."REGULATION_PERIOD" 
   (	"REGU_PERIOD_NO" NUMBER(1,0), 
	"PERIOD" NUMBER(5,0)
   ) SEGMENT CREATION IMMEDIATE 
  PCTFREE 10 PCTUSED 40 INITRANS 1 MAXTRANS 255 NOCOMPRESS LOGGING
  STORAGE(INITIAL 65536 NEXT 1048576 MINEXTENTS 1 MAXEXTENTS 2147483645
  PCTINCREASE 0 FREELISTS 1 FREELIST GROUPS 1 BUFFER_POOL DEFAULT FLASH_CACHE DEFAULT CELL_FLASH_CACHE DEFAULT)
  TABLESPACE "TBS_PROJECTORS" ;
--------------------------------------------------------
--  DDL for Table REPORT_APPLY
--------------------------------------------------------

  CREATE TABLE "LJB_PROJECTORS"."REPORT_APPLY" 
   (	"REP_APPLY_NO" VARCHAR2(16 BYTE), 
	"APPLY_NO" VARCHAR2(16 BYTE), 
	"PIN_NO" VARCHAR2(16 BYTE), 
	"CREATED_DATE" DATE DEFAULT SYSDATE, 
	"REP_REASON_NO" NUMBER(2,0)
   ) SEGMENT CREATION IMMEDIATE 
  PCTFREE 10 PCTUSED 40 INITRANS 1 MAXTRANS 255 NOCOMPRESS LOGGING
  STORAGE(INITIAL 65536 NEXT 1048576 MINEXTENTS 1 MAXEXTENTS 2147483645
  PCTINCREASE 0 FREELISTS 1 FREELIST GROUPS 1 BUFFER_POOL DEFAULT FLASH_CACHE DEFAULT CELL_FLASH_CACHE DEFAULT)
  TABLESPACE "TBS_PROJECTORS" ;
--------------------------------------------------------
--  DDL for Table REPORT_COMM
--------------------------------------------------------

  CREATE TABLE "LJB_PROJECTORS"."REPORT_COMM" 
   (	"REP_COMM_NO" NUMBER(10,0), 
	"COMM_NO" NUMBER(10,0), 
	"PIN_NO" VARCHAR2(16 BYTE), 
	"REP_DATE" DATE DEFAULT SYSDATE, 
	"REP_REASON_NO" NUMBER(2,0)
   ) SEGMENT CREATION IMMEDIATE 
  PCTFREE 10 PCTUSED 40 INITRANS 1 MAXTRANS 255 NOCOMPRESS LOGGING
  STORAGE(INITIAL 65536 NEXT 1048576 MINEXTENTS 1 MAXEXTENTS 2147483645
  PCTINCREASE 0 FREELISTS 1 FREELIST GROUPS 1 BUFFER_POOL DEFAULT FLASH_CACHE DEFAULT CELL_FLASH_CACHE DEFAULT)
  TABLESPACE "TBS_PROJECTORS" ;
--------------------------------------------------------
--  DDL for Table REPORT_NOTE
--------------------------------------------------------

  CREATE TABLE "LJB_PROJECTORS"."REPORT_NOTE" 
   (	"REP_NOTE_NO" VARCHAR2(16 BYTE), 
	"NOTE_NO" VARCHAR2(16 BYTE), 
	"PIN_NO" VARCHAR2(16 BYTE), 
	"REP_REASON_NO" NUMBER(2,0), 
	"CREATED_DATE" DATE DEFAULT SYSDATE
   ) SEGMENT CREATION IMMEDIATE 
  PCTFREE 10 PCTUSED 40 INITRANS 1 MAXTRANS 255 NOCOMPRESS LOGGING
  STORAGE(INITIAL 65536 NEXT 1048576 MINEXTENTS 1 MAXEXTENTS 2147483645
  PCTINCREASE 0 FREELISTS 1 FREELIST GROUPS 1 BUFFER_POOL DEFAULT FLASH_CACHE DEFAULT CELL_FLASH_CACHE DEFAULT)
  TABLESPACE "TBS_PROJECTORS" ;
--------------------------------------------------------
--  DDL for Table REPORT_PRJ
--------------------------------------------------------

  CREATE TABLE "LJB_PROJECTORS"."REPORT_PRJ" 
   (	"REP_PRJ_NO" VARCHAR2(16 BYTE), 
	"PRJ_NO" VARCHAR2(16 BYTE), 
	"FINAL_NO" VARCHAR2(16 BYTE), 
	"REP_REASON_NO" NUMBER(2,0), 
	"CREATED_DATE" DATE DEFAULT SYSDATE
   ) SEGMENT CREATION IMMEDIATE 
  PCTFREE 10 PCTUSED 40 INITRANS 1 MAXTRANS 255 NOCOMPRESS LOGGING
  STORAGE(INITIAL 65536 NEXT 1048576 MINEXTENTS 1 MAXEXTENTS 2147483645
  PCTINCREASE 0 FREELISTS 1 FREELIST GROUPS 1 BUFFER_POOL DEFAULT FLASH_CACHE DEFAULT CELL_FLASH_CACHE DEFAULT)
  TABLESPACE "TBS_PROJECTORS" ;
--------------------------------------------------------
--  DDL for Table REPORT_REASON
--------------------------------------------------------

  CREATE TABLE "LJB_PROJECTORS"."REPORT_REASON" 
   (	"REP_REASON_NO" NUMBER(2,0), 
	"REASON" VARCHAR2(50 BYTE)
   ) SEGMENT CREATION IMMEDIATE 
  PCTFREE 10 PCTUSED 40 INITRANS 1 MAXTRANS 255 NOCOMPRESS LOGGING
  STORAGE(INITIAL 65536 NEXT 1048576 MINEXTENTS 1 MAXEXTENTS 2147483645
  PCTINCREASE 0 FREELISTS 1 FREELIST GROUPS 1 BUFFER_POOL DEFAULT FLASH_CACHE DEFAULT CELL_FLASH_CACHE DEFAULT)
  TABLESPACE "TBS_PROJECTORS" ;
--------------------------------------------------------
--  DDL for Table REPORT_RESULT
--------------------------------------------------------

  CREATE TABLE "LJB_PROJECTORS"."REPORT_RESULT" 
   (	"REP_RESULT_NO" NUMBER(2,0), 
	"RESULT" VARCHAR2(20 BYTE)
   ) SEGMENT CREATION IMMEDIATE 
  PCTFREE 10 PCTUSED 40 INITRANS 1 MAXTRANS 255 NOCOMPRESS LOGGING
  STORAGE(INITIAL 65536 NEXT 1048576 MINEXTENTS 1 MAXEXTENTS 2147483645
  PCTINCREASE 0 FREELISTS 1 FREELIST GROUPS 1 BUFFER_POOL DEFAULT FLASH_CACHE DEFAULT CELL_FLASH_CACHE DEFAULT)
  TABLESPACE "TBS_PROJECTORS" ;
--------------------------------------------------------
--  DDL for Table REP_APPLY_RESULT
--------------------------------------------------------

  CREATE TABLE "LJB_PROJECTORS"."REP_APPLY_RESULT" 
   (	"APPLY_RESULT_NO" VARCHAR2(16 BYTE), 
	"REP_APPLY_NO" VARCHAR2(16 BYTE), 
	"REP_RESULT_NO" NUMBER(2,0), 
	"REGU_NO" NUMBER(1,0), 
	"REGU_PERIOD_NO" NUMBER(1,0), 
	"PIN_NO" VARCHAR2(16 BYTE), 
	"REGU_DATE" DATE DEFAULT SYSDATE
   ) SEGMENT CREATION IMMEDIATE 
  PCTFREE 10 PCTUSED 40 INITRANS 1 MAXTRANS 255 NOCOMPRESS LOGGING
  STORAGE(INITIAL 65536 NEXT 1048576 MINEXTENTS 1 MAXEXTENTS 2147483645
  PCTINCREASE 0 FREELISTS 1 FREELIST GROUPS 1 BUFFER_POOL DEFAULT FLASH_CACHE DEFAULT CELL_FLASH_CACHE DEFAULT)
  TABLESPACE "TBS_PROJECTORS" ;
--------------------------------------------------------
--  DDL for Table REP_COMM_RESULT
--------------------------------------------------------

  CREATE TABLE "LJB_PROJECTORS"."REP_COMM_RESULT" 
   (	"COMM_RESULT_NO" NUMBER(10,0), 
	"REP_COMM_NO" NUMBER(10,0), 
	"REP_RESULT_NO" NUMBER(2,0), 
	"REGU_NO" NUMBER(1,0), 
	"REGU_PERIOD_NO" NUMBER(1,0), 
	"PIN_NO" VARCHAR2(16 BYTE), 
	"REGU_DATE" DATE DEFAULT SYSDATE
   ) SEGMENT CREATION IMMEDIATE 
  PCTFREE 10 PCTUSED 40 INITRANS 1 MAXTRANS 255 NOCOMPRESS LOGGING
  STORAGE(INITIAL 65536 NEXT 1048576 MINEXTENTS 1 MAXEXTENTS 2147483645
  PCTINCREASE 0 FREELISTS 1 FREELIST GROUPS 1 BUFFER_POOL DEFAULT FLASH_CACHE DEFAULT CELL_FLASH_CACHE DEFAULT)
  TABLESPACE "TBS_PROJECTORS" ;
--------------------------------------------------------
--  DDL for Table REP_NOTE_RESULT
--------------------------------------------------------

  CREATE TABLE "LJB_PROJECTORS"."REP_NOTE_RESULT" 
   (	"NOTE_RESULT_NO" VARCHAR2(16 BYTE), 
	"REP_NOTE_NO" VARCHAR2(16 BYTE), 
	"REP_RESULT_NO" NUMBER(2,0), 
	"REGU_NO" NUMBER(1,0), 
	"REGU_PERIOD_NO" NUMBER(1,0), 
	"PIN_NO" VARCHAR2(16 BYTE), 
	"REGU_DATE" DATE DEFAULT SYSDATE
   ) SEGMENT CREATION IMMEDIATE 
  PCTFREE 10 PCTUSED 40 INITRANS 1 MAXTRANS 255 NOCOMPRESS LOGGING
  STORAGE(INITIAL 65536 NEXT 1048576 MINEXTENTS 1 MAXEXTENTS 2147483645
  PCTINCREASE 0 FREELISTS 1 FREELIST GROUPS 1 BUFFER_POOL DEFAULT FLASH_CACHE DEFAULT CELL_FLASH_CACHE DEFAULT)
  TABLESPACE "TBS_PROJECTORS" ;
--------------------------------------------------------
--  DDL for Table REP_PRJ_REASON
--------------------------------------------------------

  CREATE TABLE "LJB_PROJECTORS"."REP_PRJ_REASON" 
   (	"REP_REASON_NO" NUMBER(2,0), 
	"REP_REASON" VARCHAR2(50 BYTE)
   ) SEGMENT CREATION IMMEDIATE 
  PCTFREE 10 PCTUSED 40 INITRANS 1 MAXTRANS 255 NOCOMPRESS LOGGING
  STORAGE(INITIAL 65536 NEXT 1048576 MINEXTENTS 1 MAXEXTENTS 2147483645
  PCTINCREASE 0 FREELISTS 1 FREELIST GROUPS 1 BUFFER_POOL DEFAULT FLASH_CACHE DEFAULT CELL_FLASH_CACHE DEFAULT)
  TABLESPACE "TBS_PROJECTORS" ;
--------------------------------------------------------
--  DDL for Table REP_RECRUIT
--------------------------------------------------------

  CREATE TABLE "LJB_PROJECTORS"."REP_RECRUIT" 
   (	"REP_RECRUIT_NO" VARCHAR2(16 BYTE), 
	"RECRUIT_NO" VARCHAR2(16 BYTE), 
	"PIN_NO" VARCHAR2(16 BYTE), 
	"CREATED_DATE" DATE DEFAULT SYSDATE, 
	"REP_REASON_NO" NUMBER(2,0)
   ) SEGMENT CREATION IMMEDIATE 
  PCTFREE 10 PCTUSED 40 INITRANS 1 MAXTRANS 255 NOCOMPRESS LOGGING
  STORAGE(INITIAL 65536 NEXT 1048576 MINEXTENTS 1 MAXEXTENTS 2147483645
  PCTINCREASE 0 FREELISTS 1 FREELIST GROUPS 1 BUFFER_POOL DEFAULT FLASH_CACHE DEFAULT CELL_FLASH_CACHE DEFAULT)
  TABLESPACE "TBS_PROJECTORS" ;
--------------------------------------------------------
--  DDL for Table REP_RECRUIT_RESULT
--------------------------------------------------------

  CREATE TABLE "LJB_PROJECTORS"."REP_RECRUIT_RESULT" 
   (	"RECRUIT_RESULT_NO" VARCHAR2(16 BYTE), 
	"REP_RECRUIT_NO" VARCHAR2(16 BYTE), 
	"REP_RESULT_NO" NUMBER(2,0), 
	"REGU_NO" NUMBER(1,0), 
	"REGU_PERIOD_NO" NUMBER(1,0), 
	"PIN_NO" VARCHAR2(16 BYTE), 
	"REGU_DATE" DATE DEFAULT SYSDATE
   ) SEGMENT CREATION IMMEDIATE 
  PCTFREE 10 PCTUSED 40 INITRANS 1 MAXTRANS 255 NOCOMPRESS LOGGING
  STORAGE(INITIAL 65536 NEXT 1048576 MINEXTENTS 1 MAXEXTENTS 2147483645
  PCTINCREASE 0 FREELISTS 1 FREELIST GROUPS 1 BUFFER_POOL DEFAULT FLASH_CACHE DEFAULT CELL_FLASH_CACHE DEFAULT)
  TABLESPACE "TBS_PROJECTORS" ;
--------------------------------------------------------
--  DDL for Table SPACE_NOTICE
--------------------------------------------------------

  CREATE TABLE "LJB_PROJECTORS"."SPACE_NOTICE" 
   (	"SPACE_NOTICE_NO" VARCHAR2(16 BYTE), 
	"PRJ_NO" VARCHAR2(16 BYTE), 
	"TITLE" VARCHAR2(100 BYTE), 
	"CONTENT" VARCHAR2(1000 BYTE), 
	"CREATED_DATE" DATE DEFAULT SYSDATE
   ) SEGMENT CREATION IMMEDIATE 
  PCTFREE 10 PCTUSED 40 INITRANS 1 MAXTRANS 255 NOCOMPRESS LOGGING
  STORAGE(INITIAL 65536 NEXT 1048576 MINEXTENTS 1 MAXEXTENTS 2147483645
  PCTINCREASE 0 FREELISTS 1 FREELIST GROUPS 1 BUFFER_POOL DEFAULT FLASH_CACHE DEFAULT CELL_FLASH_CACHE DEFAULT)
  TABLESPACE "TBS_PROJECTORS" ;
--------------------------------------------------------
--  DDL for Table SUB_REGION
--------------------------------------------------------

  CREATE TABLE "LJB_PROJECTORS"."SUB_REGION" 
   (	"SUB_REGION_NO" NUMBER(3,0), 
	"REGION_NO" NUMBER(3,0), 
	"SUB_REGION_NAME" VARCHAR2(40 BYTE)
   ) SEGMENT CREATION IMMEDIATE 
  PCTFREE 10 PCTUSED 40 INITRANS 1 MAXTRANS 255 NOCOMPRESS LOGGING
  STORAGE(INITIAL 65536 NEXT 1048576 MINEXTENTS 1 MAXEXTENTS 2147483645
  PCTINCREASE 0 FREELISTS 1 FREELIST GROUPS 1 BUFFER_POOL DEFAULT FLASH_CACHE DEFAULT CELL_FLASH_CACHE DEFAULT)
  TABLESPACE "TBS_PROJECTORS" ;
--------------------------------------------------------
--  DDL for Table TOOL
--------------------------------------------------------

  CREATE TABLE "LJB_PROJECTORS"."TOOL" 
   (	"TOOL_NO" NUMBER(3,0), 
	"TOOL_NAME" VARCHAR2(40 BYTE)
   ) SEGMENT CREATION IMMEDIATE 
  PCTFREE 10 PCTUSED 40 INITRANS 1 MAXTRANS 255 NOCOMPRESS LOGGING
  STORAGE(INITIAL 65536 NEXT 1048576 MINEXTENTS 1 MAXEXTENTS 2147483645
  PCTINCREASE 0 FREELISTS 1 FREELIST GROUPS 1 BUFFER_POOL DEFAULT FLASH_CACHE DEFAULT CELL_FLASH_CACHE DEFAULT)
  TABLESPACE "TBS_PROJECTORS" ;
--------------------------------------------------------
--  DDL for Table USERS
--------------------------------------------------------

  CREATE TABLE "LJB_PROJECTORS"."USERS" 
   (	"USER_NO" VARCHAR2(16 BYTE), 
	"PIN_NO" VARCHAR2(16 BYTE), 
	"ID" VARCHAR2(100 BYTE), 
	"PW" VARCHAR2(20 BYTE), 
	"NICKNAME" VARCHAR2(20 BYTE), 
	"PHOTOURL" VARCHAR2(400 BYTE) DEFAULT 'images/defaultPhoto.jpg'
   ) SEGMENT CREATION IMMEDIATE 
  PCTFREE 10 PCTUSED 40 INITRANS 1 MAXTRANS 255 NOCOMPRESS LOGGING
  STORAGE(INITIAL 65536 NEXT 1048576 MINEXTENTS 1 MAXEXTENTS 2147483645
  PCTINCREASE 0 FREELISTS 1 FREELIST GROUPS 1 BUFFER_POOL DEFAULT FLASH_CACHE DEFAULT CELL_FLASH_CACHE DEFAULT)
  TABLESPACE "TBS_PROJECTORS" ;
--------------------------------------------------------
--  DDL for Table USER_PIN
--------------------------------------------------------

  CREATE TABLE "LJB_PROJECTORS"."USER_PIN" 
   (	"PIN_NO" VARCHAR2(16 BYTE), 
	"JOIN_DATE" DATE DEFAULT SYSDATE
   ) SEGMENT CREATION IMMEDIATE 
  PCTFREE 10 PCTUSED 40 INITRANS 1 MAXTRANS 255 NOCOMPRESS LOGGING
  STORAGE(INITIAL 65536 NEXT 1048576 MINEXTENTS 1 MAXEXTENTS 2147483645
  PCTINCREASE 0 FREELISTS 1 FREELIST GROUPS 1 BUFFER_POOL DEFAULT FLASH_CACHE DEFAULT CELL_FLASH_CACHE DEFAULT)
  TABLESPACE "TBS_PROJECTORS" ;
--------------------------------------------------------
--  DDL for Table USER_TOOL
--------------------------------------------------------

  CREATE TABLE "LJB_PROJECTORS"."USER_TOOL" 
   (	"UTOOL_NO" VARCHAR2(16 BYTE), 
	"PROFILE_NO" VARCHAR2(16 BYTE), 
	"TOOL_NO" NUMBER(3,0)
   ) SEGMENT CREATION IMMEDIATE 
  PCTFREE 10 PCTUSED 40 INITRANS 1 MAXTRANS 255 NOCOMPRESS LOGGING
  STORAGE(INITIAL 65536 NEXT 1048576 MINEXTENTS 1 MAXEXTENTS 2147483645
  PCTINCREASE 0 FREELISTS 1 FREELIST GROUPS 1 BUFFER_POOL DEFAULT FLASH_CACHE DEFAULT CELL_FLASH_CACHE DEFAULT)
  TABLESPACE "TBS_PROJECTORS" ;
--------------------------------------------------------
--  DDL for Table WITHDRAW_TYPE
--------------------------------------------------------

  CREATE TABLE "LJB_PROJECTORS"."WITHDRAW_TYPE" 
   (	"WD_TYPE_NO" NUMBER(1,0), 
	"WD_TYPE_CONTENT" VARCHAR2(50 BYTE)
   ) SEGMENT CREATION IMMEDIATE 
  PCTFREE 10 PCTUSED 40 INITRANS 1 MAXTRANS 255 NOCOMPRESS LOGGING
  STORAGE(INITIAL 65536 NEXT 1048576 MINEXTENTS 1 MAXEXTENTS 2147483645
  PCTINCREASE 0 FREELISTS 1 FREELIST GROUPS 1 BUFFER_POOL DEFAULT FLASH_CACHE DEFAULT CELL_FLASH_CACHE DEFAULT)
  TABLESPACE "TBS_PROJECTORS" ;
--------------------------------------------------------
--  DDL for Table WITHDRAW_USER
--------------------------------------------------------

  CREATE TABLE "LJB_PROJECTORS"."WITHDRAW_USER" 
   (	"WD_USER_NO" NUMBER(8,0), 
	"PIN_NO" VARCHAR2(16 BYTE), 
	"WD_DATE" DATE DEFAULT SYSDATE, 
	"ID" VARCHAR2(100 BYTE), 
	"WD_TYPE_NO" NUMBER(1,0)
   ) SEGMENT CREATION IMMEDIATE 
  PCTFREE 10 PCTUSED 40 INITRANS 1 MAXTRANS 255 NOCOMPRESS LOGGING
  STORAGE(INITIAL 65536 NEXT 1048576 MINEXTENTS 1 MAXEXTENTS 2147483645
  PCTINCREASE 0 FREELISTS 1 FREELIST GROUPS 1 BUFFER_POOL DEFAULT FLASH_CACHE DEFAULT CELL_FLASH_CACHE DEFAULT)
  TABLESPACE "TBS_PROJECTORS" ;
--------------------------------------------------------
--  DDL for Table WORKSPACE
--------------------------------------------------------

  CREATE TABLE "LJB_PROJECTORS"."WORKSPACE" 
   (	"WORKSPACE_NO" VARCHAR2(16 BYTE), 
	"FINAL_NO" VARCHAR2(16 BYTE), 
	"TITLE" VARCHAR2(100 BYTE), 
	"CONTENT" VARCHAR2(2000 BYTE), 
	"CREATED_DATE" DATE DEFAULT SYSDATE, 
	"WORK_DATE" DATE DEFAULT SYSDATE
   ) SEGMENT CREATION IMMEDIATE 
  PCTFREE 10 PCTUSED 40 INITRANS 1 MAXTRANS 255 NOCOMPRESS LOGGING
  STORAGE(INITIAL 65536 NEXT 1048576 MINEXTENTS 1 MAXEXTENTS 2147483645
  PCTINCREASE 0 FREELISTS 1 FREELIST GROUPS 1 BUFFER_POOL DEFAULT FLASH_CACHE DEFAULT CELL_FLASH_CACHE DEFAULT)
  TABLESPACE "TBS_PROJECTORS" ;
--------------------------------------------------------
--  DDL for Table WORKSPACE_COMM
--------------------------------------------------------

  CREATE TABLE "LJB_PROJECTORS"."WORKSPACE_COMM" 
   (	"WORKSPACE_COMM_NO" NUMBER(10,0), 
	"WORKSPACE_NO" VARCHAR2(16 BYTE), 
	"FINAL_NO" VARCHAR2(16 BYTE), 
	"CONTENT" VARCHAR2(400 BYTE), 
	"CREATED_DATE" DATE DEFAULT SYSDATE
   ) SEGMENT CREATION IMMEDIATE 
  PCTFREE 10 PCTUSED 40 INITRANS 1 MAXTRANS 255 NOCOMPRESS LOGGING
  STORAGE(INITIAL 65536 NEXT 1048576 MINEXTENTS 1 MAXEXTENTS 2147483645
  PCTINCREASE 0 FREELISTS 1 FREELIST GROUPS 1 BUFFER_POOL DEFAULT FLASH_CACHE DEFAULT CELL_FLASH_CACHE DEFAULT)
  TABLESPACE "TBS_PROJECTORS" ;
--------------------------------------------------------
--  DDL for View APPLYVIEW
--------------------------------------------------------

  CREATE OR REPLACE FORCE VIEW "LJB_PROJECTORS"."APPLYVIEW" ("APPLYNO", "RECRUITPOSNO", "RECRUITNO", "POSNAME", "PINNO", "CONTENT") AS 
  SELECT A.APPLY_NO AS APPLYNO
     , A.RECRUIT_POS_NO AS RECRUITPOSNO
     , (SELECT RECRUIT_NO
        FROM RECRUIT_POS
        WHERE RECRUIT_POS_NO = A.RECRUIT_POS_NO) AS RECRUITNO
     , (SELECT POS_NAME
        FROM POSITION
        WHERE POS_NO = (SELECT POS_NO
                        FROM RECRUIT_POS
                         WHERE RECRUIT_POS_NO = A.RECRUIT_POS_NO)) AS POSNAME
     , A.PIN_NO AS PINNO
     , A.CONTENT AS CONTENT
FROM APPLY A
;
--------------------------------------------------------
--  DDL for View IDCHECK
--------------------------------------------------------

  CREATE OR REPLACE FORCE VIEW "LJB_PROJECTORS"."IDCHECK" ("ID") AS 
  SELECT ID
FROM USERS 
UNION ALL 
SELECT ADMIN_ID AS ID
FROM ADMIN
;
--------------------------------------------------------
--  DDL for View PROFILEUPDATEVIEW
--------------------------------------------------------

  CREATE OR REPLACE FORCE VIEW "LJB_PROJECTORS"."PROFILEUPDATEVIEW" ("TOOLNO", "TOOLNAME", "PINNO") AS 
  SELECT T.TOOL_NO AS TOOLNO, T.TOOL_NAME AS TOOLNAME, P.PIN_NO AS PINNO
FROM TOOL T
LEFT OUTER JOIN USER_TOOL UT ON T.TOOL_NO = UT.TOOL_NO
LEFT JOIN PROFILE P ON UT.PROFILE_NO = P.PROFILE_NO AND P.PIN_NO = 'UP42'
;
--------------------------------------------------------
--  DDL for View PROFILEVIEW
--------------------------------------------------------

  CREATE OR REPLACE FORCE VIEW "LJB_PROJECTORS"."PROFILEVIEW" ("PINNO", "PROFILENO", "PHOTOURL", "NICKNAME", "ID", "REGIONNO", "REGIONNAME", "SUBREGIONNO", "SUBREGIONNAME", "POSNO", "POSNAME") AS 
  SELECT  P.PIN_NO AS PINNO
        , P.PROFILE_NO AS PROFILENO
        , U.PHOTOURL AS PHOTOURL
        , NICKNAME
        , ID
        , R.REGION_NO AS REGIONNO
        , R.REGION_NAME AS REGIONNAME
        , SR.SUB_REGION_NO AS SUBREGIONNO
        , SR.SUB_REGION_NAME AS SUBREGIONNAME
        , P.POS_NO AS POSNO
        , POS.POS_NAME AS POSNAME
FROM PROFILE P 
LEFT JOIN USERS U ON P.PIN_NO = U.PIN_NO
LEFT JOIN POSITION POS ON P.POS_NO = POS.POS_NO
LEFT JOIN SUB_REGION SR ON P.SUB_REGION_NO = SR.SUB_REGION_NO
LEFT JOIN REGION R ON R.REGION_NO = SR.REGION_NO
;
--------------------------------------------------------
--  DDL for View PROFILE_TOTAL_RATE
--------------------------------------------------------

  CREATE OR REPLACE FORCE VIEW "LJB_PROJECTORS"."PROFILE_TOTAL_RATE" ("PINNO", "RATENO", "RATENAME", "TOTAL_COUNT") AS 
  SELECT PINNO, RATENO, RATENAME, SUM(TOTAL_COUNT) AS TOTAL_COUNT
FROM (
    SELECT US.PIN_NO AS PINNO, RS.CONTENT AS RATENAME ,MOR.RATE_NO AS RATENO, COUNT(MOR.RATE_NO) AS TOTAL_COUNT
    FROM MEM_OUT_RATE MOR 
    LEFT JOIN RATE_SELECT RS ON RS.RATE_NO = MOR.RATE_NO
    LEFT JOIN MEMBER_OUT MO ON MOR.MEM_OUT_NO = MO.MEM_OUT_NO
    LEFT JOIN FINAL F ON MO.FINAL_NO = F.FINAL_NO  
    LEFT JOIN FIRST_CK FC ON F.FIRST_CK_NO = FC.FIRST_CK_NO
    LEFT JOIN APPLY A ON FC.APPLY_NO = A.APPLY_NO  
    LEFT JOIN USERS US ON A.PIN_NO = US.PIN_NO
    WHERE US.PIN_NO = 'UP42'
    GROUP BY US.PIN_NO, MOR.RATE_NO, RS.CONTENT
 
    UNION 
    
    SELECT A.PIN_NO AS PINNO, RS.CONTENT AS RATENAME, PSR.RATE_NO AS RATENO, COUNT(PSR.RATE_NO) AS TOTAL_COUNT
    FROM PROJECT_STOP_RATE PSR
    LEFT JOIN RATE_SELECT RS ON RS.RATE_NO = PSR.RATE_NO
    LEFT JOIN FINAL F ON F.FINAL_NO = PSR.RECEIVER
    LEFT JOIN FIRST_CK FC ON FC.FIRST_CK_NO = F.FIRST_CK_NO
    LEFT JOIN APPLY A ON FC.APPLY_NO = A.APPLY_NO
    WHERE A.PIN_NO='UP42'
    GROUP BY A.PIN_NO, PSR.RATE_NO, RS.CONTENT

    UNION
    
    SELECT A.PIN_NO AS PINNO, RS.CONTENT AS RATENAME, PJR.RATE_NO AS RATENO, COUNT(PJR.RATE_NO) AS TOTAL_COUNT
    FROM PROJECT_RATE PJR
    LEFT JOIN RATE_SELECT RS ON RS.RATE_NO = PJR.RATE_NO
    LEFT JOIN FINAL F ON F.FINAL_NO = PJR.RECEIVER -- 수정된 부분
    LEFT JOIN FIRST_CK FC ON FC.FIRST_CK_NO = F.FIRST_CK_NO
    LEFT JOIN APPLY A ON FC.APPLY_NO = A.APPLY_NO
    WHERE A.PIN_NO='UP42'
    GROUP BY A.PIN_NO, PJR.RATE_NO, RS.CONTENT
)
GROUP BY PINNO, RATENO, RATENAME
;
--------------------------------------------------------
--  DDL for View RATE_SUMMARY
--------------------------------------------------------

  CREATE OR REPLACE FORCE VIEW "LJB_PROJECTORS"."RATE_SUMMARY" ("RATE_NO", "TOTAL_COUNT") AS 
  SELECT RATE_NO, SUM(COUNT) AS TOTAL_COUNT
FROM (
    SELECT RATE_NO, COUNT(*) AS COUNT
    FROM MEM_OUT_RATE
    WHERE MEM_OUT_NO = (SELECT MEM_OUT_NO
                        FROM MEMBER_OUT
                        WHERE FINAL_NO = (SELECT FINAL_NO
                                          FROM FINAL
                                          WHERE FIRST_CK_NO = (SELECT FIRST_CK_NO
                                                              FROM FIRST_CK
                                                              WHERE APPLY_NO = (SELECT APPLY_NO
                                                                                FROM APPLY
                                                                                WHERE PIN_NO ='UP42' ))))
    GROUP BY RATE_NO

    UNION ALL

    SELECT RATE_NO, COUNT(*) AS COUNT
    FROM PROJECT_STOP_RATE
    WHERE RECEIVER = (SELECT FINAL_NO
                          FROM FINAL
                         WHERE FIRST_CK_NO = (SELECT FIRST_CK_NO
                                              FROM FIRST_CK
                                                WHERE APPLY_NO = (SELECT APPLY_NO
                                                                 FROM APPLY
                                                                 WHERE PIN_NO='UP42')))
    GROUP BY RATE_NO

    UNION ALL

    SELECT RATE_NO, COUNT(*) AS COUNT
    FROM PROJECT_RATE
    WHERE RECEIVER = (SELECT FINAL_NO
                        FROM FINAL
                        WHERE FIRST_CK_NO = (SELECT FIRST_CK_NO
                                             FROM FIRST_CK
                                             WHERE APPLY_NO = (SELECT APPLY_NO
                                                               FROM APPLY
                                                               WHERE PIN_NO='UP42')))
    GROUP BY RATE_NO
)
GROUP BY ROLLUP (RATE_NO)
;
--------------------------------------------------------
--  DDL for View RECRUITPOSITIONVIEW
--------------------------------------------------------

  CREATE OR REPLACE FORCE VIEW "LJB_PROJECTORS"."RECRUITPOSITIONVIEW" ("RECRUITPOSNO", "POSNAME", "COUNTALL", "COUNTPOS", "RECRUITNO", "APPLYCOUNT") AS 
  SELECT A.RECRUIT_POS_NO AS RECRUITPOSNO
     , (SELECT POS_NAME
        FROM POSITION
        WHERE POS_NO = A.POS_NO) AS POSNAME
     , COUNT(*) AS COUNTALL
     , (SELECT COUNT(*)
        FROM FIRST_CK
        WHERE APPLY_NO IN (SELECT APPLY_NO
                            FROM APPLY
                            WHERE RECRUIT_POS_NO = A.RECRUIT_POS_NO)) AS COUNTPOS
     , A.RECRUIT_NO AS RECRUITNO
     , (SELECT COUNT(*)
        FROM APPLY
        WHERE RECRUIT_POS_NO = A.RECRUIT_POS_NO) AS APPLYCOUNT
FROM RECRUIT_POS A
WHERE A.RECRUIT_NO LIKE '%%'
GROUP BY A.RECRUIT_POS_NO, A.POS_NO, A.RECRUIT_NO
;
--------------------------------------------------------
--  DDL for View RECRUITVIEW
--------------------------------------------------------

  CREATE OR REPLACE FORCE VIEW "LJB_PROJECTORS"."RECRUITVIEW" ("RECRUITNO", "PINNO", "NICKNAME", "DEADLINEDATE", "DDAY", "PRJSTART", "PRJEND", "TITLE", "CONTENT", "DOTYPENAME", "REGIONNAME", "SUBREGIONNAME") AS 
  SELECT RECRUIT_NO AS RECRUITNO
     , PIN_NO AS PINNO
     , (SELECT NICKNAME FROM USERS WHERE PIN_NO = RECRUIT.PIN_NO) AS NICKNAME
     , TO_CHAR(CREATED_DATE + 14, 'YYYY.MM.DD') AS DEADLINEDATE
     , (TO_DATE(CREATED_DATE,'YYYY.MM.DD') + 14) - TO_DATE(SYSDATE,'YYYY.MM.DD') AS DDAY
     , TO_CHAR(PRJ_START, 'YYYY.MM.DD') AS PRJSTART
     , TO_CHAR(PRJ_END, 'YYYY.MM.DD') AS PRJEND
     , TITLE AS TITLE
     , CONTENT AS CONTENT
     , (SELECT DO_TYPE_NAME
        FROM DO_TYPE
        WHERE DO_TYPE_NO = RECRUIT.DO_TYPE_NO) AS DOTYPENAME
     , (SELECT REGION_NAME
        FROM REGION 
        WHERE REGION_NO = (SELECT REGION_NO
                          FROM SUB_REGION
                          WHERE SUB_REGION_NO = (SELECT SUB_REGION_NO
                                                FROM PROFILE
                                                WHERE PIN_NO = RECRUIT.PIN_NO))) AS REGIONNAME
     , (SELECT SUB_REGION_NAME
        FROM SUB_REGION
        WHERE SUB_REGION_NO = (SELECT SUB_REGION_NO
                              FROM PROFILE
                              WHERE PIN_NO = RECRUIT.PIN_NO)) AS SUBREGIONNAME
FROM RECRUIT
WHERE RECRUIT_NO NOT IN (SELECT REP_RECRUIT_NO FROM REP_RECRUIT_RESULT WHERE REP_RESULT_NO = 1)
  AND RECRUIT_NO NOT IN (SELECT DEL_APPLY_NO FROM DEL_APPLY)
;
--------------------------------------------------------
--  DDL for View REGVIEW
--------------------------------------------------------

  CREATE OR REPLACE FORCE VIEW "LJB_PROJECTORS"."REGVIEW" ("REGDATE", "PINNO") AS 
  SELECT ROUND((A.REGU_DATE + (SELECT PERIOD FROM REGULATION_PERIOD WHERE REGU_PERIOD_NO = A.REGU_PERIOD_NO))-SYSDATE) AS REGDATE
     , A.PIN_NO AS PINNO
FROM REP_RECRUIT_RESULT A
WHERE REP_RESULT_NO = '1'
;
--------------------------------------------------------
--  DDL for View REPAPPLYCOMPLETE
--------------------------------------------------------

  CREATE OR REPLACE FORCE VIEW "LJB_PROJECTORS"."REPAPPLYCOMPLETE" ("RESULTNO", "REPRESULTNO", "REGUNO", "REGUPERIOD", "REPORTEDUSERPINNO", "REPORTUSERPINNO", "REGUDATE", "REPNO", "POSTNO", "ADMINPINNO", "REPORTDATE", "REPREASONNO") AS 
  SELECT RAR.APPLY_RESULT_NO AS ResultNo
        , RAR.REP_RESULT_NO AS repResultNo
        , RAR.REGU_NO AS reguNo
        , RAR.REGU_PERIOD_NO AS reguPeriod
        , A.PIN_NO AS reportedUserPinNo
        , RA.PIN_NO AS reportUserPinNo
        , RAR.REGU_DATE AS reguDate
        , RA.REP_APPLY_NO AS repNo
        , RA.APPLY_NO AS postNo
        , RAR.PIN_NO AS adminPinNo
        , RA.CREATED_DATE AS reportDate
        , RA.REP_REASON_NO AS repReasonNo
    FROM REP_APPLY_RESULT RAR
    RIGHT JOIN REPORT_APPLY RA 
    ON RAR.REP_APPLY_NO = RA.REP_APPLY_NO
    JOIN APPLY A
    ON A.APPLY_NO = RA.APPLY_NO
    WHERE RAR.REGU_DATE IS NOT NULL
;
--------------------------------------------------------
--  DDL for View REPAPPLYNULL
--------------------------------------------------------

  CREATE OR REPLACE FORCE VIEW "LJB_PROJECTORS"."REPAPPLYNULL" ("REPORTEDNICKNAME", "REPORTEDUSERPINNO", "REPORTNICKNAME", "REPORTUSERPINNO", "REGUDATE", "REPNO", "POSTNO", "REPORTDATE", "REPREASON") AS 
  SELECT ( SELECT NICKNAME
            FROM USERS 
            WHERE PIN_NO = A.PIN_NO 
            )AS reportedNickName 
        , A.PIN_NO AS reportedUserPinNo
        , ( SELECT NICKNAME
            FROM USERS
            WHERE PIN_NO = RA.PIN_NO 
            )AS reportNickName
        , RA.PIN_NO AS reportUserPinNo
        , RAR.REGU_DATE AS reguDate
        , RA.REP_APPLY_NO AS repNo
        , RA.APPLY_NO AS postNo
        , RA.CREATED_DATE AS reportDate
        , (  SELECT REASON
            FROM REPORT_REASON
            WHERE REP_REASON_NO = RA.REP_REASON_NO 
        )   AS repReason
    FROM REP_APPLY_RESULT RAR
    RIGHT JOIN REPORT_APPLY RA 
    ON RAR.REP_APPLY_NO = RA.REP_APPLY_NO
    JOIN APPLY A
    ON A.APPLY_NO = RA.APPLY_NO
    WHERE RAR.REGU_DATE IS NULL
;
--------------------------------------------------------
--  DDL for View REPCOMMCOMPLETE
--------------------------------------------------------

  CREATE OR REPLACE FORCE VIEW "LJB_PROJECTORS"."REPCOMMCOMPLETE" ("RESULTNO", "REPRESULTNO", "REGUNO", "REGUPERIOD", "REPORTEDUSERPINNO", "REPORTUSERPINNO", "REGUDATE", "REPNO", "POSTNO", "ADMINPINNO", "REPORTDATE", "REPREASONNO") AS 
  SELECT RCR.COMM_RESULT_NO AS ResultNo
        , RCR.REP_RESULT_NO AS repResultNo
        , RCR.REGU_NO AS reguNo
        , RCR.REGU_PERIOD_NO AS reguPeriod
        , C.PIN_NO AS reportedUserPinNo
        , RC.PIN_NO AS reportUserPinNo
        , RCR.REGU_DATE AS reguDate
        , RC.REP_COMM_NO AS repNo
        , RC.COMM_NO AS postNo
        , RCR.PIN_NO AS adminPinNo
        , RC.REP_DATE AS reportDate
        , RC.REP_REASON_NO AS repReasonNo
    FROM REP_COMM_RESULT RCR
    RIGHT JOIN REPORT_COMM RC 
    ON RCR.REP_COMM_NO = RC.REP_COMM_NO
    JOIN COMMENTS C
    ON C.COMM_NO = RC.COMM_NO
    WHERE RCR.REGU_DATE IS NOT NULL
;
--------------------------------------------------------
--  DDL for View REPCOMMNULL
--------------------------------------------------------

  CREATE OR REPLACE FORCE VIEW "LJB_PROJECTORS"."REPCOMMNULL" ("REPORTEDNICKNAME", "REPORTEDUSERPINNO", "REPORTNICKNAME", "REPORTUSERPINNO", "REGUDATE", "REPNO", "POSTNO", "REPORTDATE", "REPREASON") AS 
  SELECT ( SELECT NICKNAME
            FROM USERS 
            WHERE PIN_NO = C.PIN_NO 
            )AS reportedNickName
        , C.PIN_NO AS reportedUserPinNo
        , ( SELECT NICKNAME
            FROM USERS
            WHERE PIN_NO = RC.PIN_NO 
            )AS reportNickName
        , RC.PIN_NO AS reportUserPinNo
        , RCR.REGU_DATE AS reguDate
        , RC.REP_COMM_NO AS repNo
        , RC.COMM_NO AS postNo
        , RC.REP_DATE AS reportDate
        , (  SELECT REASON
            FROM REPORT_REASON
            WHERE REP_REASON_NO = RC.REP_REASON_NO 
        )   AS repReason
    FROM REP_COMM_RESULT RCR
    RIGHT JOIN REPORT_COMM RC 
    ON RCR.REP_COMM_NO = RC.REP_COMM_NO
    JOIN COMMENTS C
    ON C.COMM_NO = RC.COMM_NO
    WHERE RCR.REGU_DATE IS NULL
;
--------------------------------------------------------
--  DDL for View REPNOTECOMPLETE
--------------------------------------------------------

  CREATE OR REPLACE FORCE VIEW "LJB_PROJECTORS"."REPNOTECOMPLETE" ("RESULTNO", "REPRESULTNO", "REGUNO", "REGUPERIOD", "REPORTEDUSERPINNO", "REPORTUSERPINNO", "REGUDATE", "REPNO", "POSTNO", "ADMINPINNO", "REPORTDATE", "REPREASONNO") AS 
  SELECT RNR.NOTE_RESULT_NO AS ResultNo
        , RNR.REP_RESULT_NO AS repResultNo
        , RNR.REGU_NO AS reguNo
        , RNR.REGU_PERIOD_NO AS reguPeriod
        , N.SENDER AS reportedUserPinNo
        , RN.PIN_NO AS reportUserPinNo
        , RNR.REGU_DATE AS reguDate
        , RN.REP_NOTE_NO AS repNo
        , RN.NOTE_NO AS postNo
        , RNR.PIN_NO AS adminPinNo
        , RN.CREATED_DATE AS reportDate
        , RN.REP_REASON_NO AS repReasonNo
    FROM REP_NOTE_RESULT RNR
    RIGHT JOIN REPORT_NOTE RN 
    ON RNR.REP_NOTE_NO = RN.REP_NOTE_NO
    JOIN NOTE N
    ON N.NOTE_NO = RN.NOTE_NO
    WHERE RNR.REGU_DATE IS NOT NULL
;
--------------------------------------------------------
--  DDL for View REPNOTENULL
--------------------------------------------------------

  CREATE OR REPLACE FORCE VIEW "LJB_PROJECTORS"."REPNOTENULL" ("REPORTEDNICKNAME", "REPORTEDUSERPINNO", "REPORTNICKNAME", "REPORTUSERPINNO", "REGUDATE", "REPNO", "POSTNO", "REPORTDATE", "REPREASON") AS 
  SELECT (SELECT NICKNAME
            FROM USERS 
            WHERE PIN_NO = N.SENDER
            )AS reportedNickName 
        , N.SENDER AS reportedUserPinNo
        , ( SELECT NICKNAME
            FROM USERS
            WHERE PIN_NO = RN.PIN_NO
          ) AS reportNickName
        , RN.PIN_NO AS reportUserPinNo
        , RNR.REGU_DATE AS reguDate
        , RN.REP_NOTE_NO AS repNo
        , RN.NOTE_NO AS postNo
        , RN.CREATED_DATE AS reportDate
        , (  SELECT REASON
            FROM REPORT_REASON
            WHERE REP_REASON_NO = RN.REP_REASON_NO 
        )   AS repReason
    FROM REP_NOTE_RESULT RNR
    RIGHT JOIN REPORT_NOTE RN 
    ON RNR.REP_NOTE_NO = RN.REP_NOTE_NO
    JOIN NOTE N
    ON N.NOTE_NO = RN.NOTE_NO
    WHERE RNR.REGU_DATE IS NULL
;
--------------------------------------------------------
--  DDL for View REPRECRUITCOMPLETE
--------------------------------------------------------

  CREATE OR REPLACE FORCE VIEW "LJB_PROJECTORS"."REPRECRUITCOMPLETE" ("RESULTNO", "REPRESULTNO", "REGUNO", "REGUPERIOD", "REPORTEDUSERPINNO", "REPORTUSERPINNO", "REGUDATE", "REPNO", "POSTNO", "ADMINPINNO", "REPORTDATE", "REPREASONNO") AS 
  SELECT RRR.RECRUIT_RESULT_NO AS ResultNo
        , RRR.REP_RESULT_NO AS repResultNo
        , RRR.REGU_NO AS reguNo
        , RRR.REGU_PERIOD_NO AS reguPeriod
        , R.PIN_NO AS reportedUserPinNo
        , RR.PIN_NO AS reportUserPinNo
        , RRR.REGU_DATE AS reguDate
        , RR.REP_RECRUIT_NO AS repNo
        , RR.RECRUIT_NO AS postNo
        , RRR.PIN_NO AS adminPinNo
        , RR.CREATED_DATE AS reportDate
        , RR.REP_REASON_NO AS repReasonNo
    FROM REP_RECRUIT_RESULT RRR
    RIGHT JOIN REP_RECRUIT RR
    ON RRR.REP_RECRUIT_NO = RR.REP_RECRUIT_NO
    JOIN RECRUIT R
    ON RR.RECRUIT_NO = R.RECRUIT_NO
    WHERE RRR.REGU_DATE IS NOT NULL
;
--------------------------------------------------------
--  DDL for View REPRECRUITNULL
--------------------------------------------------------

  CREATE OR REPLACE FORCE VIEW "LJB_PROJECTORS"."REPRECRUITNULL" ("REPORTEDNICKNAME", "REPORTEDUSERPINNO", "REPORTNICKNAME", "REPORTUSERPINNO", "REGUDATE", "REPNO", "POSTNO", "REPORTDATE", "REPREASON") AS 
  SELECT ( SELECT NICKNAME
            FROM USERS 
            WHERE PIN_NO = R.PIN_NO 
            )AS reportedNickName 
        , R.PIN_NO AS reportedUserPinNo
        , ( SELECT NICKNAME
            FROM USERS
            WHERE PIN_NO = RR.PIN_NO 
            )AS reportNickName
        , RR.PIN_NO AS reportUserPinNo
        , RRR.REGU_DATE AS reguDate
        , RR.REP_RECRUIT_NO AS repNo
        , RR.RECRUIT_NO AS postNo
        , RR.CREATED_DATE AS reportDate
        ,(  SELECT REASON
            FROM REPORT_REASON
            WHERE REP_REASON_NO = RR.REP_REASON_NO 
        )   AS repReason
    FROM REP_RECRUIT_RESULT RRR
    RIGHT JOIN REP_RECRUIT RR
    ON RRR.REP_RECRUIT_NO = RR.REP_RECRUIT_NO
    JOIN RECRUIT R
    ON RR.RECRUIT_NO = R.RECRUIT_NO
    WHERE RRR.REGU_DATE IS NULL
;
--------------------------------------------------------
--  DDL for View USERTOOLVIEW
--------------------------------------------------------

  CREATE OR REPLACE FORCE VIEW "LJB_PROJECTORS"."USERTOOLVIEW" ("PINNO", "PROFILENO", "TOOLNO", "TOOLNAME") AS 
  SELECT P.PIN_NO AS PINNO, P.PROFILE_NO AS PROFILENO, T.TOOL_NO AS TOOLNO,T.TOOL_NAME AS TOOLNAME
FROM USER_TOOL UT
LEFT JOIN PROFILE P ON UT.PROFILE_NO = P.PROFILE_NO
LEFT JOIN TOOL T ON UT.TOOL_NO = T.TOOL_NO
;
--------------------------------------------------------
--  DDL for View USER_TOOL_VIEW
--------------------------------------------------------

  CREATE OR REPLACE FORCE VIEW "LJB_PROJECTORS"."USER_TOOL_VIEW" ("PINNO", "TOOLNO", "TOOLNAME") AS 
  SELECT P.PIN_NO AS PINNO, UT.TOOL_NO AS TOOLNO, T.TOOL_NAME AS TOOLNAME
FROM PROFILE P
LEFT JOIN USER_TOOL UT ON UT.PROFILE_NO = P.PROFILE_NO
LEFT JOIN TOOL T ON UT.TOOL_NO = T.TOOL_NO
;
REM INSERTING into LJB_PROJECTORS.ADMIN
SET DEFINE OFF;
Insert into LJB_PROJECTORS.ADMIN (ADMIN_NO,ADMIN_ID,ADMIN_PW,REG_DATE,PIN_NO) values ('AD1','admin001@gmail.com','admin001',to_date('23/08/06','RR/MM/DD'),'UP16');
Insert into LJB_PROJECTORS.ADMIN (ADMIN_NO,ADMIN_ID,ADMIN_PW,REG_DATE,PIN_NO) values ('AD2','admin002@gmail.com','admin002',to_date('23/08/06','RR/MM/DD'),'UP17');
REM INSERTING into LJB_PROJECTORS.ADMIN_NOTICE
SET DEFINE OFF;
Insert into LJB_PROJECTORS.ADMIN_NOTICE (ADMIN_NOTICE_NO,TITLE,CONTENT,PIN_NO) values ('AN4','두 번째 공지','WEB-INF/view/ 작업 확인용','UP16');
Insert into LJB_PROJECTORS.ADMIN_NOTICE (ADMIN_NOTICE_NO,TITLE,CONTENT,PIN_NO) values ('AN2','이용수칙','본 사이트는 웹 개발 프로젝트를 위한 사이트로, 많은 웹 개발자분들의 관심과 사랑으로 운영되고 있습니다. 
다만, 일부 악용유저들의 무분별한 이용으로 인해, 본 사이트의 수칙을 강화하게 되었습니다.
기존의 유저들께 불편을 끼치지 않으면서 악용유저들의 이용을 제한하고자 아래와 같은 수칙들을 안내드리니, 확인 부탁드립니다.','UP16');
Insert into LJB_PROJECTORS.ADMIN_NOTICE (ADMIN_NOTICE_NO,TITLE,CONTENT,PIN_NO) values ('AN3','공지작성','루삥뽕
아 으,
아누랴ㅣㄴㄱㅎ8ㅁㄷ ㅕㄱㅍ
집 가서 잘래요','UP16');
REM INSERTING into LJB_PROJECTORS.ANSWER
SET DEFINE OFF;
Insert into LJB_PROJECTORS.ANSWER (ANSWER_NO,CONTENT,QUESTION_NO,CREATED_DATE,PIN_NO) values ('AN1','그런거 없습니다','QN1',to_date('23/08/08','RR/MM/DD'),'UP16');
Insert into LJB_PROJECTORS.ANSWER (ANSWER_NO,CONTENT,QUESTION_NO,CREATED_DATE,PIN_NO) values ('AN2','가지마세요..','QN6',to_date('23/08/09','RR/MM/DD'),'UP16');
Insert into LJB_PROJECTORS.ANSWER (ANSWER_NO,CONTENT,QUESTION_NO,CREATED_DATE,PIN_NO) values ('AN8','답변테스트입니다.','QN17',to_date('23/08/17','RR/MM/DD'),'UP16');
Insert into LJB_PROJECTORS.ANSWER (ANSWER_NO,CONTENT,QUESTION_NO,CREATED_DATE,PIN_NO) values ('AN6','이젠 잘 된다 하하 난 자유로워','QN9',to_date('23/08/10','RR/MM/DD'),'UP16');
Insert into LJB_PROJECTORS.ANSWER (ANSWER_NO,CONTENT,QUESTION_NO,CREATED_DATE,PIN_NO) values ('AN7','그렇게 살지 마세요','QN7',to_date('23/08/10','RR/MM/DD'),'UP16');
Insert into LJB_PROJECTORS.ANSWER (ANSWER_NO,CONTENT,QUESTION_NO,CREATED_DATE,PIN_NO) values ('AN9','너무 많은 것을 알려고 하지마세요.','QN16',to_date('23/08/30','RR/MM/DD'),'UP16');
REM INSERTING into LJB_PROJECTORS.APPLY
SET DEFINE OFF;
Insert into LJB_PROJECTORS.APPLY (APPLY_NO,RECRUIT_POS_NO,PIN_NO,CONTENT,APPLY_DATE,CK_DATE) values ('AP43','RP49','UP6','모집공고 작성자 자동 지원',to_date('23/08/26','RR/MM/DD'),null);
Insert into LJB_PROJECTORS.APPLY (APPLY_NO,RECRUIT_POS_NO,PIN_NO,CONTENT,APPLY_DATE,CK_DATE) values ('AP44','RP51','UP62','지원1의 백엔드 포지션 지원',to_date('23/08/26','RR/MM/DD'),to_date('23/08/26','RR/MM/DD'));
Insert into LJB_PROJECTORS.APPLY (APPLY_NO,RECRUIT_POS_NO,PIN_NO,CONTENT,APPLY_DATE,CK_DATE) values ('AP45','RP52','UP63','지원2의 백엔드 포지션 지원',to_date('23/08/26','RR/MM/DD'),to_date('23/08/26','RR/MM/DD'));
Insert into LJB_PROJECTORS.APPLY (APPLY_NO,RECRUIT_POS_NO,PIN_NO,CONTENT,APPLY_DATE,CK_DATE) values ('AP46','RP50','UP64','지원4의 프론트엔드 포지션 지원',to_date('23/08/26','RR/MM/DD'),to_date('23/08/26','RR/MM/DD'));
Insert into LJB_PROJECTORS.APPLY (APPLY_NO,RECRUIT_POS_NO,PIN_NO,CONTENT,APPLY_DATE,CK_DATE) values ('AP1','RP1','UP1','없음',to_date('23/08/06','RR/MM/DD'),to_date('23/08/06','RR/MM/DD'));
Insert into LJB_PROJECTORS.APPLY (APPLY_NO,RECRUIT_POS_NO,PIN_NO,CONTENT,APPLY_DATE,CK_DATE) values ('AP2','RP2','UP3','안녕하세요. 강아지 두 마리를 키우고 있는 집사입니다! 반려인으로서 주제에 관심이..',to_date('23/08/06','RR/MM/DD'),to_date('23/08/06','RR/MM/DD'));
Insert into LJB_PROJECTORS.APPLY (APPLY_NO,RECRUIT_POS_NO,PIN_NO,CONTENT,APPLY_DATE,CK_DATE) values ('AP3','RP3','UP2','없음',to_date('23/07/23','RR/MM/DD'),to_date('23/07/23','RR/MM/DD'));
Insert into LJB_PROJECTORS.APPLY (APPLY_NO,RECRUIT_POS_NO,PIN_NO,CONTENT,APPLY_DATE,CK_DATE) values ('AP4','RP4','UP4','프로젝트 경험은 없지만 프론트엔드에 관심이 많아 이론적인 부분은 전반적으로 숙지하고 있습니다. 또한 클론 코딩으로..',to_date('23/07/24','RR/MM/DD'),to_date('23/07/24','RR/MM/DD'));
Insert into LJB_PROJECTORS.APPLY (APPLY_NO,RECRUIT_POS_NO,PIN_NO,CONTENT,APPLY_DATE,CK_DATE) values ('AP5','RP5','UP5','프로젝트 경험이 1회 있고 기본적인 기능 위주로 구성된 게시판이었습니다. 능숙하지는 않지만..',to_date('23/07/25','RR/MM/DD'),to_date('23/07/25','RR/MM/DD'));
Insert into LJB_PROJECTORS.APPLY (APPLY_NO,RECRUIT_POS_NO,PIN_NO,CONTENT,APPLY_DATE,CK_DATE) values ('AP6','RP8','UP6','모집자 자동 지원 처리',to_date('23/08/01','RR/MM/DD'),null);
Insert into LJB_PROJECTORS.APPLY (APPLY_NO,RECRUIT_POS_NO,PIN_NO,CONTENT,APPLY_DATE,CK_DATE) values ('AP9','RP9','UP7','팀장 자동 지원(노진구)',to_date('23/07/15','RR/MM/DD'),null);
Insert into LJB_PROJECTORS.APPLY (APPLY_NO,RECRUIT_POS_NO,PIN_NO,CONTENT,APPLY_DATE,CK_DATE) values ('AP10','RP7','UP9','도라에몽 공고에 대한 퉁퉁이의 지원',to_date('23/08/02','RR/MM/DD'),null);
Insert into LJB_PROJECTORS.APPLY (APPLY_NO,RECRUIT_POS_NO,PIN_NO,CONTENT,APPLY_DATE,CK_DATE) values ('AP11','RP10','UP8','노진구 공고에 대한 비실이의 지원',to_date('23/07/16','RR/MM/DD'),null);
Insert into LJB_PROJECTORS.APPLY (APPLY_NO,RECRUIT_POS_NO,PIN_NO,CONTENT,APPLY_DATE,CK_DATE) values ('AP12','RP11','UP10','노진구의 공고에 대한 이슬이의 지원',to_date('23/07/16','RR/MM/DD'),null);
Insert into LJB_PROJECTORS.APPLY (APPLY_NO,RECRUIT_POS_NO,PIN_NO,CONTENT,APPLY_DATE,CK_DATE) values ('AP13','RP21','UP13','최선을 다하겠습니다. :)',to_date('23/07/15','RR/MM/DD'),null);
Insert into LJB_PROJECTORS.APPLY (APPLY_NO,RECRUIT_POS_NO,PIN_NO,CONTENT,APPLY_DATE,CK_DATE) values ('AP14','RP19','UP14','열심히 하겠습니다 ^^',to_date('23/07/16','RR/MM/DD'),null);
Insert into LJB_PROJECTORS.APPLY (APPLY_NO,RECRUIT_POS_NO,PIN_NO,CONTENT,APPLY_DATE,CK_DATE) values ('AP15','RP20','UP12','팀장(김영수) 자동 지원',to_date('23/07/10','RR/MM/DD'),null);
Insert into LJB_PROJECTORS.APPLY (APPLY_NO,RECRUIT_POS_NO,PIN_NO,CONTENT,APPLY_DATE,CK_DATE) values ('AP29','RP35','UP24','모집공고 작성자 자동 지원',to_date('23/08/11','RR/MM/DD'),null);
Insert into LJB_PROJECTORS.APPLY (APPLY_NO,RECRUIT_POS_NO,PIN_NO,CONTENT,APPLY_DATE,CK_DATE) values ('AP21','RP24','UP42','평가용 2의 지원내용',to_date('23/07/20','RR/MM/DD'),to_date('23/07/20','RR/MM/DD'));
Insert into LJB_PROJECTORS.APPLY (APPLY_NO,RECRUIT_POS_NO,PIN_NO,CONTENT,APPLY_DATE,CK_DATE) values ('AP22','RP25','UP43','평가용 3의 지원내용',to_date('23/07/20','RR/MM/DD'),to_date('23/07/20','RR/MM/DD'));
Insert into LJB_PROJECTORS.APPLY (APPLY_NO,RECRUIT_POS_NO,PIN_NO,CONTENT,APPLY_DATE,CK_DATE) values ('AP23','RP26','UP44','평가용4의 지원내용',to_date('23/07/20','RR/MM/DD'),to_date('23/07/20','RR/MM/DD'));
Insert into LJB_PROJECTORS.APPLY (APPLY_NO,RECRUIT_POS_NO,PIN_NO,CONTENT,APPLY_DATE,CK_DATE) values ('AP24','RP27','UP45','평가용5의 지원내용',to_date('23/07/20','RR/MM/DD'),to_date('23/07/20','RR/MM/DD'));
Insert into LJB_PROJECTORS.APPLY (APPLY_NO,RECRUIT_POS_NO,PIN_NO,CONTENT,APPLY_DATE,CK_DATE) values ('AP25','RP28','UP46','평가용6의 지원내용',to_date('23/07/20','RR/MM/DD'),to_date('23/07/20','RR/MM/DD'));
Insert into LJB_PROJECTORS.APPLY (APPLY_NO,RECRUIT_POS_NO,PIN_NO,CONTENT,APPLY_DATE,CK_DATE) values ('AP31','RP38','UP26','모집공고 작성자 자동 지원',to_date('23/08/12','RR/MM/DD'),null);
Insert into LJB_PROJECTORS.APPLY (APPLY_NO,RECRUIT_POS_NO,PIN_NO,CONTENT,APPLY_DATE,CK_DATE) values ('AP32','RP12','UP11','모집공고 작성자 자동 지원',to_date('23/07/28','RR/MM/DD'),null);
Insert into LJB_PROJECTORS.APPLY (APPLY_NO,RECRUIT_POS_NO,PIN_NO,CONTENT,APPLY_DATE,CK_DATE) values ('AP37','RP1','UP26','잘 지원이 되었나요?',to_date('23/08/16','RR/MM/DD'),to_date('23/08/16','RR/MM/DD'));
Insert into LJB_PROJECTORS.APPLY (APPLY_NO,RECRUIT_POS_NO,PIN_NO,CONTENT,APPLY_DATE,CK_DATE) values ('AP19','RP22','UP15','팀장(김은정) 자동 지원',to_date('23/08/08','RR/MM/DD'),null);
Insert into LJB_PROJECTORS.APPLY (APPLY_NO,RECRUIT_POS_NO,PIN_NO,CONTENT,APPLY_DATE,CK_DATE) values ('AP20','RP23','UP28','최선을 다하겠습니다!! 제가 이래뵈도 체력도 좋고 성실합니다. 비전공자지만 열심히 구글링하고 공부하면서 배워나가겠습니다. *^^*',to_date('23/08/09','RR/MM/DD'),null);
Insert into LJB_PROJECTORS.APPLY (APPLY_NO,RECRUIT_POS_NO,PIN_NO,CONTENT,APPLY_DATE,CK_DATE) values ('AP26','RP29','UP42','평가용2의 지원내용',to_date('23/01/01','RR/MM/DD'),to_date('23/01/02','RR/MM/DD'));
Insert into LJB_PROJECTORS.APPLY (APPLY_NO,RECRUIT_POS_NO,PIN_NO,CONTENT,APPLY_DATE,CK_DATE) values ('AP27','RP30','UP43','평가용3의 지원내용',to_date('23/01/01','RR/MM/DD'),to_date('23/01/02','RR/MM/DD'));
Insert into LJB_PROJECTORS.APPLY (APPLY_NO,RECRUIT_POS_NO,PIN_NO,CONTENT,APPLY_DATE,CK_DATE) values ('AP28','RP31','UP44','평가용4의 지원내용',to_date('23/01/01','RR/MM/DD'),to_date('23/01/02','RR/MM/DD'));
Insert into LJB_PROJECTORS.APPLY (APPLY_NO,RECRUIT_POS_NO,PIN_NO,CONTENT,APPLY_DATE,CK_DATE) values ('AP35','RP36','UP26','열심히 하겠습니다.',to_date('23/08/15','RR/MM/DD'),to_date('23/08/16','RR/MM/DD'));
Insert into LJB_PROJECTORS.APPLY (APPLY_NO,RECRUIT_POS_NO,PIN_NO,CONTENT,APPLY_DATE,CK_DATE) values ('AP36','RP37','UP27','열심히 하겠습니다.',to_date('23/08/15','RR/MM/DD'),to_date('23/08/16','RR/MM/DD'));
Insert into LJB_PROJECTORS.APPLY (APPLY_NO,RECRUIT_POS_NO,PIN_NO,CONTENT,APPLY_DATE,CK_DATE) values ('AP30','RP36','UP25','모집공고 작성자 자동 지원',to_date('23/08/11','RR/MM/DD'),null);
Insert into LJB_PROJECTORS.APPLY (APPLY_NO,RECRUIT_POS_NO,PIN_NO,CONTENT,APPLY_DATE,CK_DATE) values ('AP33','RP36','UP26','열심히 하겠습니다.',to_date('23/08/15','RR/MM/DD'),to_date('23/08/16','RR/MM/DD'));
Insert into LJB_PROJECTORS.APPLY (APPLY_NO,RECRUIT_POS_NO,PIN_NO,CONTENT,APPLY_DATE,CK_DATE) values ('AP34','RP37','UP27','열심히 하겠습니다.',to_date('23/08/15','RR/MM/DD'),null);
Insert into LJB_PROJECTORS.APPLY (APPLY_NO,RECRUIT_POS_NO,PIN_NO,CONTENT,APPLY_DATE,CK_DATE) values ('AP38','RP2','UP27','이것도 잘 지원이 되었나여?',to_date('23/08/16','RR/MM/DD'),null);
Insert into LJB_PROJECTORS.APPLY (APPLY_NO,RECRUIT_POS_NO,PIN_NO,CONTENT,APPLY_DATE,CK_DATE) values ('AP39','RP1','UP27','세번째 지원서 지원이 잘 되고 있나요?',to_date('23/08/16','RR/MM/DD'),null);
Insert into LJB_PROJECTORS.APPLY (APPLY_NO,RECRUIT_POS_NO,PIN_NO,CONTENT,APPLY_DATE,CK_DATE) values ('AP40','RP2','UP27','네번 지원서',to_date('23/08/16','RR/MM/DD'),null);
Insert into LJB_PROJECTORS.APPLY (APPLY_NO,RECRUIT_POS_NO,PIN_NO,CONTENT,APPLY_DATE,CK_DATE) values ('AP42','RP47','UP61','모집공고 작성자 자동 지원',to_date('23/08/23','RR/MM/DD'),null);
Insert into LJB_PROJECTORS.APPLY (APPLY_NO,RECRUIT_POS_NO,PIN_NO,CONTENT,APPLY_DATE,CK_DATE) values ('AP58','RP74','UP68','돌 및 수석 관찰일지 같은 데이터 기록 및 활용 어플리케이션에
관심이 많습니다.',to_date('23/09/02','RR/MM/DD'),to_date('23/09/02','RR/MM/DD'));
Insert into LJB_PROJECTORS.APPLY (APPLY_NO,RECRUIT_POS_NO,PIN_NO,CONTENT,APPLY_DATE,CK_DATE) values ('AP59','RP73','UP71','백엔드에서 작업을 진행하고 싶습니다.',to_date('23/09/02','RR/MM/DD'),to_date('23/09/02','RR/MM/DD'));
Insert into LJB_PROJECTORS.APPLY (APPLY_NO,RECRUIT_POS_NO,PIN_NO,CONTENT,APPLY_DATE,CK_DATE) values ('AP56','RP71','UP67','모집공고 작성자 자동 지원',to_date('23/08/31','RR/MM/DD'),null);
Insert into LJB_PROJECTORS.APPLY (APPLY_NO,RECRUIT_POS_NO,PIN_NO,CONTENT,APPLY_DATE,CK_DATE) values ('AP60','RP72','UP70','프론트엔드에서 업무를 맡고 싶습니다.',to_date('23/09/02','RR/MM/DD'),to_date('23/09/02','RR/MM/DD'));
Insert into LJB_PROJECTORS.APPLY (APPLY_NO,RECRUIT_POS_NO,PIN_NO,CONTENT,APPLY_DATE,CK_DATE) values ('AP47','RP54','UP1','모집공고 작성자 자동 지원',to_date('23/08/28','RR/MM/DD'),null);
REM INSERTING into LJB_PROJECTORS.COMMENTS
SET DEFINE OFF;
Insert into LJB_PROJECTORS.COMMENTS (COMM_NO,RECRUIT_NO,PIN_NO,CREATED_DATE,CONTENT,RECOMM_NO) values (1,'RC9','UP18',to_date('23/08/09','RR/MM/DD'),'기분 나쁘게 생김',null);
Insert into LJB_PROJECTORS.COMMENTS (COMM_NO,RECRUIT_NO,PIN_NO,CREATED_DATE,CONTENT,RECOMM_NO) values (2,'RC9','UP18',to_date('23/08/09','RR/MM/DD'),'기분 나쁘게 생김',null);
Insert into LJB_PROJECTORS.COMMENTS (COMM_NO,RECRUIT_NO,PIN_NO,CREATED_DATE,CONTENT,RECOMM_NO) values (3,'RC9','UP18',to_date('23/08/09','RR/MM/DD'),'기분 나쁘게 생김',null);
REM INSERTING into LJB_PROJECTORS.DEL_APPLY
SET DEFINE OFF;
REM INSERTING into LJB_PROJECTORS.DEL_COMM
SET DEFINE OFF;
REM INSERTING into LJB_PROJECTORS.DEL_NOTE
SET DEFINE OFF;
REM INSERTING into LJB_PROJECTORS.DEL_RECRUIT
SET DEFINE OFF;
REM INSERTING into LJB_PROJECTORS.DEL_REP_PRJ
SET DEFINE OFF;
REM INSERTING into LJB_PROJECTORS.DO_TYPE
SET DEFINE OFF;
Insert into LJB_PROJECTORS.DO_TYPE (DO_TYPE_NO,DO_TYPE_NAME) values (1,'대면');
Insert into LJB_PROJECTORS.DO_TYPE (DO_TYPE_NO,DO_TYPE_NAME) values (0,'비대면');
REM INSERTING into LJB_PROJECTORS.FAQ
SET DEFINE OFF;
Insert into LJB_PROJECTORS.FAQ (FAQ_NO,TITLE,CONTENT) values (1,'FAQ 예시1  수정테스트   ','안녕하십니까

긁어와도 좀 티 안나게 좀 고쳐놓자.....
230815 관리자 JB 수정');
Insert into LJB_PROJECTORS.FAQ (FAQ_NO,TITLE,CONTENT) values (2,'FAQ 작성 테스트 수정한다~','뚬뚬 개미는 뚠뚠 일을하네 뚠뚠 에이젝스 언제 처리하지?');
Insert into LJB_PROJECTORS.FAQ (FAQ_NO,TITLE,CONTENT) values (3,'FAQ 작성 테스트 ','작성테스트 중입니다. 얼른 텍스트 에리어로 곧 고쳐야겠아요');
Insert into LJB_PROJECTORS.FAQ (FAQ_NO,TITLE,CONTENT) values (7,'후..^^','텍스트에리어 언제 바iㅋㅋㅋㅋㅋㅋㅋㅋㅋㅋㅋ');
Insert into LJB_PROJECTORS.FAQ (FAQ_NO,TITLE,CONTENT) values (11,'지원서가 사라졌어요!','모집 공고를 올린 모집자가 글을 삭제하면 해당 공고에 제출한 지원서도 함께 사라집니다.
');
Insert into LJB_PROJECTORS.FAQ (FAQ_NO,TITLE,CONTENT) values (6,'테스트용 ','우우우');
Insert into LJB_PROJECTORS.FAQ (FAQ_NO,TITLE,CONTENT) values (12,'FAQ 는 일반적으로 하게 되는 질문에 대한 답변을 주는 곳입니다','테스트');
REM INSERTING into LJB_PROJECTORS.FEED
SET DEFINE OFF;
Insert into LJB_PROJECTORS.FEED (FEED_NO,FINAL_NO,CONTENT,CREATED_DATE) values (30,'FN1','잘 보내지나',to_date('23/08/27','RR/MM/DD'));
Insert into LJB_PROJECTORS.FEED (FEED_NO,FINAL_NO,CONTENT,CREATED_DATE) values (31,'FN1','잘 보내지나',to_date('23/08/27','RR/MM/DD'));
Insert into LJB_PROJECTORS.FEED (FEED_NO,FINAL_NO,CONTENT,CREATED_DATE) values (32,'FN1','안녕',to_date('23/08/28','RR/MM/DD'));
Insert into LJB_PROJECTORS.FEED (FEED_NO,FINAL_NO,CONTENT,CREATED_DATE) values (14,'FN1','저녁 뭐 드실건가요?',to_date('23/08/16','RR/MM/DD'));
Insert into LJB_PROJECTORS.FEED (FEED_NO,FINAL_NO,CONTENT,CREATED_DATE) values (15,'FN1','저는 마라탕이요',to_date('23/08/16','RR/MM/DD'));
Insert into LJB_PROJECTORS.FEED (FEED_NO,FINAL_NO,CONTENT,CREATED_DATE) values (16,'FN1','뭔가 보낸다',to_date('23/08/16','RR/MM/DD'));
Insert into LJB_PROJECTORS.FEED (FEED_NO,FINAL_NO,CONTENT,CREATED_DATE) values (17,'FN1','아무도 없나요?',to_date('23/08/16','RR/MM/DD'));
Insert into LJB_PROJECTORS.FEED (FEED_NO,FINAL_NO,CONTENT,CREATED_DATE) values (18,'FN1','띵동',to_date('23/08/16','RR/MM/DD'));
Insert into LJB_PROJECTORS.FEED (FEED_NO,FINAL_NO,CONTENT,CREATED_DATE) values (26,'FN1','흑흑 슬프다',to_date('23/08/16','RR/MM/DD'));
Insert into LJB_PROJECTORS.FEED (FEED_NO,FINAL_NO,CONTENT,CREATED_DATE) values (27,'FN1','이야야',to_date('23/08/16','RR/MM/DD'));
Insert into LJB_PROJECTORS.FEED (FEED_NO,FINAL_NO,CONTENT,CREATED_DATE) values (28,'FN1','왜이랭',to_date('23/08/16','RR/MM/DD'));
Insert into LJB_PROJECTORS.FEED (FEED_NO,FINAL_NO,CONTENT,CREATED_DATE) values (29,'FN1','하하',to_date('23/08/16','RR/MM/DD'));
Insert into LJB_PROJECTORS.FEED (FEED_NO,FINAL_NO,CONTENT,CREATED_DATE) values (6,'FN1','이거 보내지나요?',to_date('23/08/13','RR/MM/DD'));
Insert into LJB_PROJECTORS.FEED (FEED_NO,FINAL_NO,CONTENT,CREATED_DATE) values (7,'FN1','NaN',to_date('23/08/13','RR/MM/DD'));
Insert into LJB_PROJECTORS.FEED (FEED_NO,FINAL_NO,CONTENT,CREATED_DATE) values (8,'FN1','아이고 잘못보냈네',to_date('23/08/13','RR/MM/DD'));
Insert into LJB_PROJECTORS.FEED (FEED_NO,FINAL_NO,CONTENT,CREATED_DATE) values (9,'FN1','이거 잘 되나요',to_date('23/08/13','RR/MM/DD'));
Insert into LJB_PROJECTORS.FEED (FEED_NO,FINAL_NO,CONTENT,CREATED_DATE) values (10,'FN1','안녕하세요',to_date('23/08/13','RR/MM/DD'));
Insert into LJB_PROJECTORS.FEED (FEED_NO,FINAL_NO,CONTENT,CREATED_DATE) values (11,'FN1','3일 뒤 숙청의 날',to_date('23/08/14','RR/MM/DD'));
Insert into LJB_PROJECTORS.FEED (FEED_NO,FINAL_NO,CONTENT,CREATED_DATE) values (12,'FN1','아 첨부파일 짱나네',to_date('23/08/15','RR/MM/DD'));
Insert into LJB_PROJECTORS.FEED (FEED_NO,FINAL_NO,CONTENT,CREATED_DATE) values (2,'FN2','네 안녕하세요',to_date('23/08/13','RR/MM/DD'));
Insert into LJB_PROJECTORS.FEED (FEED_NO,FINAL_NO,CONTENT,CREATED_DATE) values (3,'FN3','반갑습니다',to_date('23/08/13','RR/MM/DD'));
Insert into LJB_PROJECTORS.FEED (FEED_NO,FINAL_NO,CONTENT,CREATED_DATE) values (4,'FN5','하이하이',to_date('23/08/13','RR/MM/DD'));
Insert into LJB_PROJECTORS.FEED (FEED_NO,FINAL_NO,CONTENT,CREATED_DATE) values (5,'FN6','바이바이요',to_date('23/08/13','RR/MM/DD'));
Insert into LJB_PROJECTORS.FEED (FEED_NO,FINAL_NO,CONTENT,CREATED_DATE) values (13,'FN1','파일 다 날아간 줄 알고 완전 놀랐어요',to_date('23/08/15','RR/MM/DD'));
Insert into LJB_PROJECTORS.FEED (FEED_NO,FINAL_NO,CONTENT,CREATED_DATE) values (25,'FN1','뭐여?',to_date('23/08/16','RR/MM/DD'));
Insert into LJB_PROJECTORS.FEED (FEED_NO,FINAL_NO,CONTENT,CREATED_DATE) values (1,'FN1','우와 안녕하세요',to_date('23/08/13','RR/MM/DD'));
Insert into LJB_PROJECTORS.FEED (FEED_NO,FINAL_NO,CONTENT,CREATED_DATE) values (34,'FN1','잘 보내지는군',to_date('23/08/30','RR/MM/DD'));
Insert into LJB_PROJECTORS.FEED (FEED_NO,FINAL_NO,CONTENT,CREATED_DATE) values (36,'FN1','나는 노진구다',to_date('23/09/01','RR/MM/DD'));
Insert into LJB_PROJECTORS.FEED (FEED_NO,FINAL_NO,CONTENT,CREATED_DATE) values (37,'FN1','나는 노진구다',to_date('23/09/01','RR/MM/DD'));
Insert into LJB_PROJECTORS.FEED (FEED_NO,FINAL_NO,CONTENT,CREATED_DATE) values (33,'FN1','잘 보내지나?',to_date('23/08/29','RR/MM/DD'));
Insert into LJB_PROJECTORS.FEED (FEED_NO,FINAL_NO,CONTENT,CREATED_DATE) values (38,'FN1','아니다 사실은 퉁퉁이다',to_date('23/09/01','RR/MM/DD'));
Insert into LJB_PROJECTORS.FEED (FEED_NO,FINAL_NO,CONTENT,CREATED_DATE) values (35,'FN1','에러에러에러',to_date('23/08/30','RR/MM/DD'));
REM INSERTING into LJB_PROJECTORS.FINAL
SET DEFINE OFF;
Insert into LJB_PROJECTORS.FINAL (FINAL_NO,FIRST_CK_NO,FINAL_CK_DATE) values ('FN22','FS29',to_date('23/08/27','RR/MM/DD'));
Insert into LJB_PROJECTORS.FINAL (FINAL_NO,FIRST_CK_NO,FINAL_CK_DATE) values ('FN23','FS30',to_date('23/08/27','RR/MM/DD'));
Insert into LJB_PROJECTORS.FINAL (FINAL_NO,FIRST_CK_NO,FINAL_CK_DATE) values ('FN24','FS28',to_date('23/08/27','RR/MM/DD'));
Insert into LJB_PROJECTORS.FINAL (FINAL_NO,FIRST_CK_NO,FINAL_CK_DATE) values ('FN25','FS37',to_date('23/09/02','RR/MM/DD'));
Insert into LJB_PROJECTORS.FINAL (FINAL_NO,FIRST_CK_NO,FINAL_CK_DATE) values ('FN1','FS2',to_date('23/07/30','RR/MM/DD'));
Insert into LJB_PROJECTORS.FINAL (FINAL_NO,FIRST_CK_NO,FINAL_CK_DATE) values ('FN2','FS3',to_date('23/07/30','RR/MM/DD'));
Insert into LJB_PROJECTORS.FINAL (FINAL_NO,FIRST_CK_NO,FINAL_CK_DATE) values ('FN3','FS4',to_date('23/07/30','RR/MM/DD'));
Insert into LJB_PROJECTORS.FINAL (FINAL_NO,FIRST_CK_NO,FINAL_CK_DATE) values ('FN5','FS5',to_date('23/07/24','RR/MM/DD'));
Insert into LJB_PROJECTORS.FINAL (FINAL_NO,FIRST_CK_NO,FINAL_CK_DATE) values ('FN6','FS6',to_date('23/07/24','RR/MM/DD'));
Insert into LJB_PROJECTORS.FINAL (FINAL_NO,FIRST_CK_NO,FINAL_CK_DATE) values ('FN7','FS7',to_date('23/07/24','RR/MM/DD'));
Insert into LJB_PROJECTORS.FINAL (FINAL_NO,FIRST_CK_NO,FINAL_CK_DATE) values ('FN8','FS10',to_date('23/07/24','RR/MM/DD'));
Insert into LJB_PROJECTORS.FINAL (FINAL_NO,FIRST_CK_NO,FINAL_CK_DATE) values ('FN9','FS11',to_date('23/07/24','RR/MM/DD'));
Insert into LJB_PROJECTORS.FINAL (FINAL_NO,FIRST_CK_NO,FINAL_CK_DATE) values ('FN10','FS12',to_date('23/07/24','RR/MM/DD'));
Insert into LJB_PROJECTORS.FINAL (FINAL_NO,FIRST_CK_NO,FINAL_CK_DATE) values ('FN11','FS13',to_date('23/07/24','RR/MM/DD'));
Insert into LJB_PROJECTORS.FINAL (FINAL_NO,FIRST_CK_NO,FINAL_CK_DATE) values ('FN12','FS14',to_date('23/07/24','RR/MM/DD'));
Insert into LJB_PROJECTORS.FINAL (FINAL_NO,FIRST_CK_NO,FINAL_CK_DATE) values ('FN13','FS15',to_date('23/01/14','RR/MM/DD'));
Insert into LJB_PROJECTORS.FINAL (FINAL_NO,FIRST_CK_NO,FINAL_CK_DATE) values ('FN14','FS16',to_date('23/01/14','RR/MM/DD'));
Insert into LJB_PROJECTORS.FINAL (FINAL_NO,FIRST_CK_NO,FINAL_CK_DATE) values ('FN15','FS17',to_date('23/01/14','RR/MM/DD'));
Insert into LJB_PROJECTORS.FINAL (FINAL_NO,FIRST_CK_NO,FINAL_CK_DATE) values ('FN21','FS27',to_date('23/08/26','RR/MM/DD'));
Insert into LJB_PROJECTORS.FINAL (FINAL_NO,FIRST_CK_NO,FINAL_CK_DATE) values ('FN26','FS38',to_date('23/09/02','RR/MM/DD'));
Insert into LJB_PROJECTORS.FINAL (FINAL_NO,FIRST_CK_NO,FINAL_CK_DATE) values ('FN27','FS40',to_date('23/09/02','RR/MM/DD'));
Insert into LJB_PROJECTORS.FINAL (FINAL_NO,FIRST_CK_NO,FINAL_CK_DATE) values ('FN28','FS39',to_date('23/09/02','RR/MM/DD'));
REM INSERTING into LJB_PROJECTORS.FIRST_CK
SET DEFINE OFF;
Insert into LJB_PROJECTORS.FIRST_CK (FIRST_CK_NO,APPLY_NO,PASS_DATE) values ('FS27','AP43',to_date('23/08/26','RR/MM/DD'));
Insert into LJB_PROJECTORS.FIRST_CK (FIRST_CK_NO,APPLY_NO,PASS_DATE) values ('FS28','AP45',to_date('23/08/26','RR/MM/DD'));
Insert into LJB_PROJECTORS.FIRST_CK (FIRST_CK_NO,APPLY_NO,PASS_DATE) values ('FS38','AP58',to_date('23/09/02','RR/MM/DD'));
Insert into LJB_PROJECTORS.FIRST_CK (FIRST_CK_NO,APPLY_NO,PASS_DATE) values ('FS1','AP6',to_date('23/08/01','RR/MM/DD'));
Insert into LJB_PROJECTORS.FIRST_CK (FIRST_CK_NO,APPLY_NO,PASS_DATE) values ('FS2','AP9',to_date('23/07/15','RR/MM/DD'));
Insert into LJB_PROJECTORS.FIRST_CK (FIRST_CK_NO,APPLY_NO,PASS_DATE) values ('FS3','AP11',to_date('23/07/16','RR/MM/DD'));
Insert into LJB_PROJECTORS.FIRST_CK (FIRST_CK_NO,APPLY_NO,PASS_DATE) values ('FS4','AP12',to_date('23/07/16','RR/MM/DD'));
Insert into LJB_PROJECTORS.FIRST_CK (FIRST_CK_NO,APPLY_NO,PASS_DATE) values ('FS5','AP15',to_date('23/07/10','RR/MM/DD'));
Insert into LJB_PROJECTORS.FIRST_CK (FIRST_CK_NO,APPLY_NO,PASS_DATE) values ('FS6','AP13',to_date('23/07/18','RR/MM/DD'));
Insert into LJB_PROJECTORS.FIRST_CK (FIRST_CK_NO,APPLY_NO,PASS_DATE) values ('FS7','AP14',to_date('23/07/18','RR/MM/DD'));
Insert into LJB_PROJECTORS.FIRST_CK (FIRST_CK_NO,APPLY_NO,PASS_DATE) values ('FS18','AP29',to_date('23/08/11','RR/MM/DD'));
Insert into LJB_PROJECTORS.FIRST_CK (FIRST_CK_NO,APPLY_NO,PASS_DATE) values ('FS10','AP21',to_date('23/07/23','RR/MM/DD'));
Insert into LJB_PROJECTORS.FIRST_CK (FIRST_CK_NO,APPLY_NO,PASS_DATE) values ('FS11','AP22',to_date('23/07/23','RR/MM/DD'));
Insert into LJB_PROJECTORS.FIRST_CK (FIRST_CK_NO,APPLY_NO,PASS_DATE) values ('FS12','AP23',to_date('23/07/23','RR/MM/DD'));
Insert into LJB_PROJECTORS.FIRST_CK (FIRST_CK_NO,APPLY_NO,PASS_DATE) values ('FS13','AP24',to_date('23/07/23','RR/MM/DD'));
Insert into LJB_PROJECTORS.FIRST_CK (FIRST_CK_NO,APPLY_NO,PASS_DATE) values ('FS14','AP25',to_date('23/07/23','RR/MM/DD'));
Insert into LJB_PROJECTORS.FIRST_CK (FIRST_CK_NO,APPLY_NO,PASS_DATE) values ('FS20','AP31',to_date('23/08/12','RR/MM/DD'));
Insert into LJB_PROJECTORS.FIRST_CK (FIRST_CK_NO,APPLY_NO,PASS_DATE) values ('FS21','AP32',to_date('23/07/28','RR/MM/DD'));
Insert into LJB_PROJECTORS.FIRST_CK (FIRST_CK_NO,APPLY_NO,PASS_DATE) values ('FS8','AP19',to_date('23/08/08','RR/MM/DD'));
Insert into LJB_PROJECTORS.FIRST_CK (FIRST_CK_NO,APPLY_NO,PASS_DATE) values ('FS9','AP20',to_date('23/08/09','RR/MM/DD'));
Insert into LJB_PROJECTORS.FIRST_CK (FIRST_CK_NO,APPLY_NO,PASS_DATE) values ('FS15','AP26',to_date('23/01/10','RR/MM/DD'));
Insert into LJB_PROJECTORS.FIRST_CK (FIRST_CK_NO,APPLY_NO,PASS_DATE) values ('FS16','AP27',to_date('23/01/10','RR/MM/DD'));
Insert into LJB_PROJECTORS.FIRST_CK (FIRST_CK_NO,APPLY_NO,PASS_DATE) values ('FS17','AP28',to_date('23/01/10','RR/MM/DD'));
Insert into LJB_PROJECTORS.FIRST_CK (FIRST_CK_NO,APPLY_NO,PASS_DATE) values ('FS19','AP30',to_date('23/08/11','RR/MM/DD'));
Insert into LJB_PROJECTORS.FIRST_CK (FIRST_CK_NO,APPLY_NO,PASS_DATE) values ('FS26','AP42',to_date('23/08/23','RR/MM/DD'));
Insert into LJB_PROJECTORS.FIRST_CK (FIRST_CK_NO,APPLY_NO,PASS_DATE) values ('FS37','AP56',to_date('23/08/31','RR/MM/DD'));
Insert into LJB_PROJECTORS.FIRST_CK (FIRST_CK_NO,APPLY_NO,PASS_DATE) values ('FS29','AP44',to_date('23/08/26','RR/MM/DD'));
Insert into LJB_PROJECTORS.FIRST_CK (FIRST_CK_NO,APPLY_NO,PASS_DATE) values ('FS30','AP46',to_date('23/08/26','RR/MM/DD'));
Insert into LJB_PROJECTORS.FIRST_CK (FIRST_CK_NO,APPLY_NO,PASS_DATE) values ('FS31','AP47',to_date('23/08/28','RR/MM/DD'));
Insert into LJB_PROJECTORS.FIRST_CK (FIRST_CK_NO,APPLY_NO,PASS_DATE) values ('FS39','AP59',to_date('23/09/02','RR/MM/DD'));
Insert into LJB_PROJECTORS.FIRST_CK (FIRST_CK_NO,APPLY_NO,PASS_DATE) values ('FS40','AP60',to_date('23/09/02','RR/MM/DD'));
REM INSERTING into LJB_PROJECTORS.LOGIN_REC
SET DEFINE OFF;
Insert into LJB_PROJECTORS.LOGIN_REC (LOGIN_REC,PIN_NO,LOGIN_DATE) values (184,'UP25',to_date('23/08/26','RR/MM/DD'));
Insert into LJB_PROJECTORS.LOGIN_REC (LOGIN_REC,PIN_NO,LOGIN_DATE) values (193,'UP16',to_date('23/08/26','RR/MM/DD'));
Insert into LJB_PROJECTORS.LOGIN_REC (LOGIN_REC,PIN_NO,LOGIN_DATE) values (196,'UP61',to_date('23/08/26','RR/MM/DD'));
Insert into LJB_PROJECTORS.LOGIN_REC (LOGIN_REC,PIN_NO,LOGIN_DATE) values (197,'UP7',to_date('23/08/26','RR/MM/DD'));
Insert into LJB_PROJECTORS.LOGIN_REC (LOGIN_REC,PIN_NO,LOGIN_DATE) values (198,'UP6',to_date('23/08/26','RR/MM/DD'));
Insert into LJB_PROJECTORS.LOGIN_REC (LOGIN_REC,PIN_NO,LOGIN_DATE) values (199,'UP62',to_date('23/08/26','RR/MM/DD'));
Insert into LJB_PROJECTORS.LOGIN_REC (LOGIN_REC,PIN_NO,LOGIN_DATE) values (200,'UP63',to_date('23/08/26','RR/MM/DD'));
Insert into LJB_PROJECTORS.LOGIN_REC (LOGIN_REC,PIN_NO,LOGIN_DATE) values (218,'UP25',to_date('23/08/27','RR/MM/DD'));
Insert into LJB_PROJECTORS.LOGIN_REC (LOGIN_REC,PIN_NO,LOGIN_DATE) values (219,'UP6',to_date('23/08/27','RR/MM/DD'));
Insert into LJB_PROJECTORS.LOGIN_REC (LOGIN_REC,PIN_NO,LOGIN_DATE) values (220,'UP62',to_date('23/08/27','RR/MM/DD'));
Insert into LJB_PROJECTORS.LOGIN_REC (LOGIN_REC,PIN_NO,LOGIN_DATE) values (221,'UP64',to_date('23/08/27','RR/MM/DD'));
Insert into LJB_PROJECTORS.LOGIN_REC (LOGIN_REC,PIN_NO,LOGIN_DATE) values (222,'UP63',to_date('23/08/27','RR/MM/DD'));
Insert into LJB_PROJECTORS.LOGIN_REC (LOGIN_REC,PIN_NO,LOGIN_DATE) values (227,'UP65',to_date('23/08/27','RR/MM/DD'));
Insert into LJB_PROJECTORS.LOGIN_REC (LOGIN_REC,PIN_NO,LOGIN_DATE) values (298,'UP6',to_date('23/08/30','RR/MM/DD'));
Insert into LJB_PROJECTORS.LOGIN_REC (LOGIN_REC,PIN_NO,LOGIN_DATE) values (305,'UP6',to_date('23/08/31','RR/MM/DD'));
Insert into LJB_PROJECTORS.LOGIN_REC (LOGIN_REC,PIN_NO,LOGIN_DATE) values (321,'UP67',to_date('23/08/31','RR/MM/DD'));
Insert into LJB_PROJECTORS.LOGIN_REC (LOGIN_REC,PIN_NO,LOGIN_DATE) values (322,'UP67',to_date('23/08/31','RR/MM/DD'));
Insert into LJB_PROJECTORS.LOGIN_REC (LOGIN_REC,PIN_NO,LOGIN_DATE) values (323,'UP68',to_date('23/09/01','RR/MM/DD'));
Insert into LJB_PROJECTORS.LOGIN_REC (LOGIN_REC,PIN_NO,LOGIN_DATE) values (325,'UP68',to_date('23/09/01','RR/MM/DD'));
Insert into LJB_PROJECTORS.LOGIN_REC (LOGIN_REC,PIN_NO,LOGIN_DATE) values (364,'UP1',to_date('23/09/03','RR/MM/DD'));
Insert into LJB_PROJECTORS.LOGIN_REC (LOGIN_REC,PIN_NO,LOGIN_DATE) values (365,'UP1',to_date('23/09/03','RR/MM/DD'));
Insert into LJB_PROJECTORS.LOGIN_REC (LOGIN_REC,PIN_NO,LOGIN_DATE) values (366,'UP1',to_date('23/09/03','RR/MM/DD'));
Insert into LJB_PROJECTORS.LOGIN_REC (LOGIN_REC,PIN_NO,LOGIN_DATE) values (367,'UP1',to_date('23/09/04','RR/MM/DD'));
Insert into LJB_PROJECTORS.LOGIN_REC (LOGIN_REC,PIN_NO,LOGIN_DATE) values (368,'UP1',to_date('23/09/04','RR/MM/DD'));
Insert into LJB_PROJECTORS.LOGIN_REC (LOGIN_REC,PIN_NO,LOGIN_DATE) values (369,'UP1',to_date('23/09/04','RR/MM/DD'));
Insert into LJB_PROJECTORS.LOGIN_REC (LOGIN_REC,PIN_NO,LOGIN_DATE) values (370,'UP1',to_date('23/09/04','RR/MM/DD'));
Insert into LJB_PROJECTORS.LOGIN_REC (LOGIN_REC,PIN_NO,LOGIN_DATE) values (371,'UP1',to_date('23/09/04','RR/MM/DD'));
Insert into LJB_PROJECTORS.LOGIN_REC (LOGIN_REC,PIN_NO,LOGIN_DATE) values (194,'UP61',to_date('23/08/26','RR/MM/DD'));
Insert into LJB_PROJECTORS.LOGIN_REC (LOGIN_REC,PIN_NO,LOGIN_DATE) values (195,'UP61',to_date('23/08/26','RR/MM/DD'));
Insert into LJB_PROJECTORS.LOGIN_REC (LOGIN_REC,PIN_NO,LOGIN_DATE) values (201,'UP64',to_date('23/08/26','RR/MM/DD'));
Insert into LJB_PROJECTORS.LOGIN_REC (LOGIN_REC,PIN_NO,LOGIN_DATE) values (202,'UP6',to_date('23/08/26','RR/MM/DD'));
Insert into LJB_PROJECTORS.LOGIN_REC (LOGIN_REC,PIN_NO,LOGIN_DATE) values (203,'UP6',to_date('23/08/26','RR/MM/DD'));
Insert into LJB_PROJECTORS.LOGIN_REC (LOGIN_REC,PIN_NO,LOGIN_DATE) values (204,'UP62',to_date('23/08/26','RR/MM/DD'));
Insert into LJB_PROJECTORS.LOGIN_REC (LOGIN_REC,PIN_NO,LOGIN_DATE) values (205,'UP1',to_date('23/08/26','RR/MM/DD'));
Insert into LJB_PROJECTORS.LOGIN_REC (LOGIN_REC,PIN_NO,LOGIN_DATE) values (206,'UP6',to_date('23/08/26','RR/MM/DD'));
Insert into LJB_PROJECTORS.LOGIN_REC (LOGIN_REC,PIN_NO,LOGIN_DATE) values (207,'UP6',to_date('23/08/26','RR/MM/DD'));
Insert into LJB_PROJECTORS.LOGIN_REC (LOGIN_REC,PIN_NO,LOGIN_DATE) values (208,'UP6',to_date('23/08/26','RR/MM/DD'));
Insert into LJB_PROJECTORS.LOGIN_REC (LOGIN_REC,PIN_NO,LOGIN_DATE) values (209,'UP6',to_date('23/08/26','RR/MM/DD'));
Insert into LJB_PROJECTORS.LOGIN_REC (LOGIN_REC,PIN_NO,LOGIN_DATE) values (210,'UP6',to_date('23/08/26','RR/MM/DD'));
Insert into LJB_PROJECTORS.LOGIN_REC (LOGIN_REC,PIN_NO,LOGIN_DATE) values (211,'UP6',to_date('23/08/26','RR/MM/DD'));
Insert into LJB_PROJECTORS.LOGIN_REC (LOGIN_REC,PIN_NO,LOGIN_DATE) values (212,'UP6',to_date('23/08/26','RR/MM/DD'));
Insert into LJB_PROJECTORS.LOGIN_REC (LOGIN_REC,PIN_NO,LOGIN_DATE) values (214,'UP1',to_date('23/08/26','RR/MM/DD'));
Insert into LJB_PROJECTORS.LOGIN_REC (LOGIN_REC,PIN_NO,LOGIN_DATE) values (215,'UP1',to_date('23/08/26','RR/MM/DD'));
Insert into LJB_PROJECTORS.LOGIN_REC (LOGIN_REC,PIN_NO,LOGIN_DATE) values (228,'UP6',to_date('23/08/27','RR/MM/DD'));
Insert into LJB_PROJECTORS.LOGIN_REC (LOGIN_REC,PIN_NO,LOGIN_DATE) values (246,'UP6',to_date('23/08/28','RR/MM/DD'));
Insert into LJB_PROJECTORS.LOGIN_REC (LOGIN_REC,PIN_NO,LOGIN_DATE) values (247,'UP1',to_date('23/08/28','RR/MM/DD'));
Insert into LJB_PROJECTORS.LOGIN_REC (LOGIN_REC,PIN_NO,LOGIN_DATE) values (248,'UP6',to_date('23/08/28','RR/MM/DD'));
Insert into LJB_PROJECTORS.LOGIN_REC (LOGIN_REC,PIN_NO,LOGIN_DATE) values (249,'UP25',to_date('23/08/29','RR/MM/DD'));
Insert into LJB_PROJECTORS.LOGIN_REC (LOGIN_REC,PIN_NO,LOGIN_DATE) values (250,'UP6',to_date('23/08/29','RR/MM/DD'));
Insert into LJB_PROJECTORS.LOGIN_REC (LOGIN_REC,PIN_NO,LOGIN_DATE) values (251,'UP6',to_date('23/08/29','RR/MM/DD'));
Insert into LJB_PROJECTORS.LOGIN_REC (LOGIN_REC,PIN_NO,LOGIN_DATE) values (252,'UP6',to_date('23/08/29','RR/MM/DD'));
Insert into LJB_PROJECTORS.LOGIN_REC (LOGIN_REC,PIN_NO,LOGIN_DATE) values (257,'UP61',to_date('23/08/29','RR/MM/DD'));
Insert into LJB_PROJECTORS.LOGIN_REC (LOGIN_REC,PIN_NO,LOGIN_DATE) values (267,'UP1',to_date('23/08/30','RR/MM/DD'));
Insert into LJB_PROJECTORS.LOGIN_REC (LOGIN_REC,PIN_NO,LOGIN_DATE) values (268,'UP1',to_date('23/08/30','RR/MM/DD'));
Insert into LJB_PROJECTORS.LOGIN_REC (LOGIN_REC,PIN_NO,LOGIN_DATE) values (269,'UP1',to_date('23/08/30','RR/MM/DD'));
Insert into LJB_PROJECTORS.LOGIN_REC (LOGIN_REC,PIN_NO,LOGIN_DATE) values (270,'UP1',to_date('23/08/30','RR/MM/DD'));
Insert into LJB_PROJECTORS.LOGIN_REC (LOGIN_REC,PIN_NO,LOGIN_DATE) values (277,'UP16',to_date('23/08/30','RR/MM/DD'));
Insert into LJB_PROJECTORS.LOGIN_REC (LOGIN_REC,PIN_NO,LOGIN_DATE) values (278,'UP1',to_date('23/08/30','RR/MM/DD'));
Insert into LJB_PROJECTORS.LOGIN_REC (LOGIN_REC,PIN_NO,LOGIN_DATE) values (287,'UP68',to_date('23/08/30','RR/MM/DD'));
Insert into LJB_PROJECTORS.LOGIN_REC (LOGIN_REC,PIN_NO,LOGIN_DATE) values (289,'UP1',to_date('23/08/30','RR/MM/DD'));
Insert into LJB_PROJECTORS.LOGIN_REC (LOGIN_REC,PIN_NO,LOGIN_DATE) values (290,'UP61',to_date('23/08/30','RR/MM/DD'));
Insert into LJB_PROJECTORS.LOGIN_REC (LOGIN_REC,PIN_NO,LOGIN_DATE) values (292,'UP1',to_date('23/08/30','RR/MM/DD'));
Insert into LJB_PROJECTORS.LOGIN_REC (LOGIN_REC,PIN_NO,LOGIN_DATE) values (294,'UP25',to_date('23/08/30','RR/MM/DD'));
Insert into LJB_PROJECTORS.LOGIN_REC (LOGIN_REC,PIN_NO,LOGIN_DATE) values (295,'UP69',to_date('23/08/30','RR/MM/DD'));
Insert into LJB_PROJECTORS.LOGIN_REC (LOGIN_REC,PIN_NO,LOGIN_DATE) values (296,'UP1',to_date('23/08/30','RR/MM/DD'));
Insert into LJB_PROJECTORS.LOGIN_REC (LOGIN_REC,PIN_NO,LOGIN_DATE) values (297,'UP67',to_date('23/08/30','RR/MM/DD'));
Insert into LJB_PROJECTORS.LOGIN_REC (LOGIN_REC,PIN_NO,LOGIN_DATE) values (320,'UP6',to_date('23/08/31','RR/MM/DD'));
Insert into LJB_PROJECTORS.LOGIN_REC (LOGIN_REC,PIN_NO,LOGIN_DATE) values (324,'UP67',to_date('23/09/01','RR/MM/DD'));
Insert into LJB_PROJECTORS.LOGIN_REC (LOGIN_REC,PIN_NO,LOGIN_DATE) values (329,'UP68',to_date('23/09/01','RR/MM/DD'));
Insert into LJB_PROJECTORS.LOGIN_REC (LOGIN_REC,PIN_NO,LOGIN_DATE) values (340,'UP68',to_date('23/09/02','RR/MM/DD'));
Insert into LJB_PROJECTORS.LOGIN_REC (LOGIN_REC,PIN_NO,LOGIN_DATE) values (344,'UP68',to_date('23/09/02','RR/MM/DD'));
Insert into LJB_PROJECTORS.LOGIN_REC (LOGIN_REC,PIN_NO,LOGIN_DATE) values (346,'UP70',to_date('23/09/02','RR/MM/DD'));
Insert into LJB_PROJECTORS.LOGIN_REC (LOGIN_REC,PIN_NO,LOGIN_DATE) values (377,'UP73',to_date('23/09/04','RR/MM/DD'));
Insert into LJB_PROJECTORS.LOGIN_REC (LOGIN_REC,PIN_NO,LOGIN_DATE) values (378,'UP1',to_date('23/09/04','RR/MM/DD'));
Insert into LJB_PROJECTORS.LOGIN_REC (LOGIN_REC,PIN_NO,LOGIN_DATE) values (379,'UP1',to_date('23/09/04','RR/MM/DD'));
Insert into LJB_PROJECTORS.LOGIN_REC (LOGIN_REC,PIN_NO,LOGIN_DATE) values (33,'UP47',to_date('23/08/14','RR/MM/DD'));
Insert into LJB_PROJECTORS.LOGIN_REC (LOGIN_REC,PIN_NO,LOGIN_DATE) values (40,'UP2',to_date('23/08/15','RR/MM/DD'));
Insert into LJB_PROJECTORS.LOGIN_REC (LOGIN_REC,PIN_NO,LOGIN_DATE) values (42,'UP47',to_date('23/08/15','RR/MM/DD'));
Insert into LJB_PROJECTORS.LOGIN_REC (LOGIN_REC,PIN_NO,LOGIN_DATE) values (43,'UP7',to_date('23/08/15','RR/MM/DD'));
Insert into LJB_PROJECTORS.LOGIN_REC (LOGIN_REC,PIN_NO,LOGIN_DATE) values (44,'UP7',to_date('23/08/15','RR/MM/DD'));
Insert into LJB_PROJECTORS.LOGIN_REC (LOGIN_REC,PIN_NO,LOGIN_DATE) values (45,'UP7',to_date('23/08/15','RR/MM/DD'));
Insert into LJB_PROJECTORS.LOGIN_REC (LOGIN_REC,PIN_NO,LOGIN_DATE) values (46,'UP7',to_date('23/08/15','RR/MM/DD'));
Insert into LJB_PROJECTORS.LOGIN_REC (LOGIN_REC,PIN_NO,LOGIN_DATE) values (47,'UP7',to_date('23/08/15','RR/MM/DD'));
Insert into LJB_PROJECTORS.LOGIN_REC (LOGIN_REC,PIN_NO,LOGIN_DATE) values (48,'UP7',to_date('23/08/15','RR/MM/DD'));
Insert into LJB_PROJECTORS.LOGIN_REC (LOGIN_REC,PIN_NO,LOGIN_DATE) values (49,'UP26',to_date('23/08/15','RR/MM/DD'));
Insert into LJB_PROJECTORS.LOGIN_REC (LOGIN_REC,PIN_NO,LOGIN_DATE) values (52,'UP26',to_date('23/08/15','RR/MM/DD'));
Insert into LJB_PROJECTORS.LOGIN_REC (LOGIN_REC,PIN_NO,LOGIN_DATE) values (53,'UP2',to_date('23/08/15','RR/MM/DD'));
Insert into LJB_PROJECTORS.LOGIN_REC (LOGIN_REC,PIN_NO,LOGIN_DATE) values (62,'UP47',to_date('23/08/15','RR/MM/DD'));
Insert into LJB_PROJECTORS.LOGIN_REC (LOGIN_REC,PIN_NO,LOGIN_DATE) values (99,'UP25',to_date('23/08/16','RR/MM/DD'));
Insert into LJB_PROJECTORS.LOGIN_REC (LOGIN_REC,PIN_NO,LOGIN_DATE) values (105,'UP2',to_date('23/08/16','RR/MM/DD'));
Insert into LJB_PROJECTORS.LOGIN_REC (LOGIN_REC,PIN_NO,LOGIN_DATE) values (106,'UP2',to_date('23/08/16','RR/MM/DD'));
Insert into LJB_PROJECTORS.LOGIN_REC (LOGIN_REC,PIN_NO,LOGIN_DATE) values (109,'UP16',to_date('23/08/16','RR/MM/DD'));
Insert into LJB_PROJECTORS.LOGIN_REC (LOGIN_REC,PIN_NO,LOGIN_DATE) values (110,'UP7',to_date('23/08/16','RR/MM/DD'));
Insert into LJB_PROJECTORS.LOGIN_REC (LOGIN_REC,PIN_NO,LOGIN_DATE) values (111,'UP1',to_date('23/08/16','RR/MM/DD'));
Insert into LJB_PROJECTORS.LOGIN_REC (LOGIN_REC,PIN_NO,LOGIN_DATE) values (112,'UP25',to_date('23/08/16','RR/MM/DD'));
Insert into LJB_PROJECTORS.LOGIN_REC (LOGIN_REC,PIN_NO,LOGIN_DATE) values (113,'UP1',to_date('23/08/16','RR/MM/DD'));
Insert into LJB_PROJECTORS.LOGIN_REC (LOGIN_REC,PIN_NO,LOGIN_DATE) values (114,'UP42',to_date('23/08/16','RR/MM/DD'));
Insert into LJB_PROJECTORS.LOGIN_REC (LOGIN_REC,PIN_NO,LOGIN_DATE) values (115,'UP7',to_date('23/08/16','RR/MM/DD'));
Insert into LJB_PROJECTORS.LOGIN_REC (LOGIN_REC,PIN_NO,LOGIN_DATE) values (116,'UP42',to_date('23/08/16','RR/MM/DD'));
Insert into LJB_PROJECTORS.LOGIN_REC (LOGIN_REC,PIN_NO,LOGIN_DATE) values (117,'UP7',to_date('23/08/16','RR/MM/DD'));
Insert into LJB_PROJECTORS.LOGIN_REC (LOGIN_REC,PIN_NO,LOGIN_DATE) values (118,'UP16',to_date('23/08/16','RR/MM/DD'));
Insert into LJB_PROJECTORS.LOGIN_REC (LOGIN_REC,PIN_NO,LOGIN_DATE) values (119,'UP16',to_date('23/08/16','RR/MM/DD'));
Insert into LJB_PROJECTORS.LOGIN_REC (LOGIN_REC,PIN_NO,LOGIN_DATE) values (120,'UP16',to_date('23/08/16','RR/MM/DD'));
Insert into LJB_PROJECTORS.LOGIN_REC (LOGIN_REC,PIN_NO,LOGIN_DATE) values (121,'UP7',to_date('23/08/16','RR/MM/DD'));
Insert into LJB_PROJECTORS.LOGIN_REC (LOGIN_REC,PIN_NO,LOGIN_DATE) values (122,'UP25',to_date('23/08/16','RR/MM/DD'));
Insert into LJB_PROJECTORS.LOGIN_REC (LOGIN_REC,PIN_NO,LOGIN_DATE) values (123,'UP42',to_date('23/08/16','RR/MM/DD'));
Insert into LJB_PROJECTORS.LOGIN_REC (LOGIN_REC,PIN_NO,LOGIN_DATE) values (124,'UP16',to_date('23/08/16','RR/MM/DD'));
Insert into LJB_PROJECTORS.LOGIN_REC (LOGIN_REC,PIN_NO,LOGIN_DATE) values (125,'UP16',to_date('23/08/16','RR/MM/DD'));
Insert into LJB_PROJECTORS.LOGIN_REC (LOGIN_REC,PIN_NO,LOGIN_DATE) values (126,'UP25',to_date('23/08/16','RR/MM/DD'));
Insert into LJB_PROJECTORS.LOGIN_REC (LOGIN_REC,PIN_NO,LOGIN_DATE) values (127,'UP7',to_date('23/08/16','RR/MM/DD'));
Insert into LJB_PROJECTORS.LOGIN_REC (LOGIN_REC,PIN_NO,LOGIN_DATE) values (128,'UP7',to_date('23/08/16','RR/MM/DD'));
Insert into LJB_PROJECTORS.LOGIN_REC (LOGIN_REC,PIN_NO,LOGIN_DATE) values (129,'UP51',to_date('23/08/16','RR/MM/DD'));
Insert into LJB_PROJECTORS.LOGIN_REC (LOGIN_REC,PIN_NO,LOGIN_DATE) values (130,'UP7',to_date('23/08/16','RR/MM/DD'));
Insert into LJB_PROJECTORS.LOGIN_REC (LOGIN_REC,PIN_NO,LOGIN_DATE) values (131,'UP7',to_date('23/08/16','RR/MM/DD'));
Insert into LJB_PROJECTORS.LOGIN_REC (LOGIN_REC,PIN_NO,LOGIN_DATE) values (132,'UP7',to_date('23/08/16','RR/MM/DD'));
Insert into LJB_PROJECTORS.LOGIN_REC (LOGIN_REC,PIN_NO,LOGIN_DATE) values (133,'UP7',to_date('23/08/16','RR/MM/DD'));
Insert into LJB_PROJECTORS.LOGIN_REC (LOGIN_REC,PIN_NO,LOGIN_DATE) values (134,'UP47',to_date('23/08/16','RR/MM/DD'));
Insert into LJB_PROJECTORS.LOGIN_REC (LOGIN_REC,PIN_NO,LOGIN_DATE) values (135,'UP7',to_date('23/08/16','RR/MM/DD'));
Insert into LJB_PROJECTORS.LOGIN_REC (LOGIN_REC,PIN_NO,LOGIN_DATE) values (136,'UP2',to_date('23/08/16','RR/MM/DD'));
Insert into LJB_PROJECTORS.LOGIN_REC (LOGIN_REC,PIN_NO,LOGIN_DATE) values (137,'UP47',to_date('23/08/16','RR/MM/DD'));
Insert into LJB_PROJECTORS.LOGIN_REC (LOGIN_REC,PIN_NO,LOGIN_DATE) values (138,'UP42',to_date('23/08/16','RR/MM/DD'));
Insert into LJB_PROJECTORS.LOGIN_REC (LOGIN_REC,PIN_NO,LOGIN_DATE) values (140,'UP16',to_date('23/08/16','RR/MM/DD'));
Insert into LJB_PROJECTORS.LOGIN_REC (LOGIN_REC,PIN_NO,LOGIN_DATE) values (141,'UP2',to_date('23/08/16','RR/MM/DD'));
Insert into LJB_PROJECTORS.LOGIN_REC (LOGIN_REC,PIN_NO,LOGIN_DATE) values (142,'UP2',to_date('23/08/16','RR/MM/DD'));
Insert into LJB_PROJECTORS.LOGIN_REC (LOGIN_REC,PIN_NO,LOGIN_DATE) values (143,'UP2',to_date('23/08/16','RR/MM/DD'));
Insert into LJB_PROJECTORS.LOGIN_REC (LOGIN_REC,PIN_NO,LOGIN_DATE) values (145,'UP2',to_date('23/08/16','RR/MM/DD'));
Insert into LJB_PROJECTORS.LOGIN_REC (LOGIN_REC,PIN_NO,LOGIN_DATE) values (146,'UP16',to_date('23/08/16','RR/MM/DD'));
Insert into LJB_PROJECTORS.LOGIN_REC (LOGIN_REC,PIN_NO,LOGIN_DATE) values (148,'UP16',to_date('23/08/16','RR/MM/DD'));
Insert into LJB_PROJECTORS.LOGIN_REC (LOGIN_REC,PIN_NO,LOGIN_DATE) values (175,'UP16',to_date('23/08/17','RR/MM/DD'));
Insert into LJB_PROJECTORS.LOGIN_REC (LOGIN_REC,PIN_NO,LOGIN_DATE) values (4,'UP47',to_date('23/08/14','RR/MM/DD'));
Insert into LJB_PROJECTORS.LOGIN_REC (LOGIN_REC,PIN_NO,LOGIN_DATE) values (16,'UP47',to_date('23/08/14','RR/MM/DD'));
Insert into LJB_PROJECTORS.LOGIN_REC (LOGIN_REC,PIN_NO,LOGIN_DATE) values (28,'UP47',to_date('23/08/14','RR/MM/DD'));
Insert into LJB_PROJECTORS.LOGIN_REC (LOGIN_REC,PIN_NO,LOGIN_DATE) values (82,'UP25',to_date('23/08/15','RR/MM/DD'));
Insert into LJB_PROJECTORS.LOGIN_REC (LOGIN_REC,PIN_NO,LOGIN_DATE) values (92,'UP1',to_date('23/08/16','RR/MM/DD'));
Insert into LJB_PROJECTORS.LOGIN_REC (LOGIN_REC,PIN_NO,LOGIN_DATE) values (107,'UP2',to_date('23/08/16','RR/MM/DD'));
Insert into LJB_PROJECTORS.LOGIN_REC (LOGIN_REC,PIN_NO,LOGIN_DATE) values (108,'UP25',to_date('23/08/16','RR/MM/DD'));
Insert into LJB_PROJECTORS.LOGIN_REC (LOGIN_REC,PIN_NO,LOGIN_DATE) values (149,'UP2',to_date('23/08/16','RR/MM/DD'));
Insert into LJB_PROJECTORS.LOGIN_REC (LOGIN_REC,PIN_NO,LOGIN_DATE) values (150,'UP2',to_date('23/08/16','RR/MM/DD'));
Insert into LJB_PROJECTORS.LOGIN_REC (LOGIN_REC,PIN_NO,LOGIN_DATE) values (151,'UP2',to_date('23/08/16','RR/MM/DD'));
Insert into LJB_PROJECTORS.LOGIN_REC (LOGIN_REC,PIN_NO,LOGIN_DATE) values (152,'UP58',to_date('23/08/16','RR/MM/DD'));
Insert into LJB_PROJECTORS.LOGIN_REC (LOGIN_REC,PIN_NO,LOGIN_DATE) values (157,'UP60',to_date('23/08/17','RR/MM/DD'));
Insert into LJB_PROJECTORS.LOGIN_REC (LOGIN_REC,PIN_NO,LOGIN_DATE) values (179,'UP16',to_date('23/08/17','RR/MM/DD'));
Insert into LJB_PROJECTORS.LOGIN_REC (LOGIN_REC,PIN_NO,LOGIN_DATE) values (180,'UP16',to_date('23/08/17','RR/MM/DD'));
Insert into LJB_PROJECTORS.LOGIN_REC (LOGIN_REC,PIN_NO,LOGIN_DATE) values (6,'UP26',to_date('23/08/14','RR/MM/DD'));
Insert into LJB_PROJECTORS.LOGIN_REC (LOGIN_REC,PIN_NO,LOGIN_DATE) values (7,'UP48',to_date('23/08/14','RR/MM/DD'));
Insert into LJB_PROJECTORS.LOGIN_REC (LOGIN_REC,PIN_NO,LOGIN_DATE) values (8,'UP47',to_date('23/08/14','RR/MM/DD'));
Insert into LJB_PROJECTORS.LOGIN_REC (LOGIN_REC,PIN_NO,LOGIN_DATE) values (9,'UP47',to_date('23/08/14','RR/MM/DD'));
Insert into LJB_PROJECTORS.LOGIN_REC (LOGIN_REC,PIN_NO,LOGIN_DATE) values (10,'UP47',to_date('23/08/14','RR/MM/DD'));
Insert into LJB_PROJECTORS.LOGIN_REC (LOGIN_REC,PIN_NO,LOGIN_DATE) values (11,'UP47',to_date('23/08/14','RR/MM/DD'));
Insert into LJB_PROJECTORS.LOGIN_REC (LOGIN_REC,PIN_NO,LOGIN_DATE) values (12,'UP47',to_date('23/08/14','RR/MM/DD'));
Insert into LJB_PROJECTORS.LOGIN_REC (LOGIN_REC,PIN_NO,LOGIN_DATE) values (13,'UP47',to_date('23/08/14','RR/MM/DD'));
Insert into LJB_PROJECTORS.LOGIN_REC (LOGIN_REC,PIN_NO,LOGIN_DATE) values (14,'UP26',to_date('23/08/14','RR/MM/DD'));
Insert into LJB_PROJECTORS.LOGIN_REC (LOGIN_REC,PIN_NO,LOGIN_DATE) values (15,'UP47',to_date('23/08/14','RR/MM/DD'));
Insert into LJB_PROJECTORS.LOGIN_REC (LOGIN_REC,PIN_NO,LOGIN_DATE) values (17,'UP47',to_date('23/08/14','RR/MM/DD'));
Insert into LJB_PROJECTORS.LOGIN_REC (LOGIN_REC,PIN_NO,LOGIN_DATE) values (18,'UP47',to_date('23/08/14','RR/MM/DD'));
Insert into LJB_PROJECTORS.LOGIN_REC (LOGIN_REC,PIN_NO,LOGIN_DATE) values (19,'UP47',to_date('23/08/14','RR/MM/DD'));
Insert into LJB_PROJECTORS.LOGIN_REC (LOGIN_REC,PIN_NO,LOGIN_DATE) values (20,'UP48',to_date('23/08/14','RR/MM/DD'));
Insert into LJB_PROJECTORS.LOGIN_REC (LOGIN_REC,PIN_NO,LOGIN_DATE) values (21,'UP47',to_date('23/08/14','RR/MM/DD'));
Insert into LJB_PROJECTORS.LOGIN_REC (LOGIN_REC,PIN_NO,LOGIN_DATE) values (22,'UP47',to_date('23/08/14','RR/MM/DD'));
Insert into LJB_PROJECTORS.LOGIN_REC (LOGIN_REC,PIN_NO,LOGIN_DATE) values (23,'UP47',to_date('23/08/14','RR/MM/DD'));
Insert into LJB_PROJECTORS.LOGIN_REC (LOGIN_REC,PIN_NO,LOGIN_DATE) values (50,'UP27',to_date('23/08/15','RR/MM/DD'));
Insert into LJB_PROJECTORS.LOGIN_REC (LOGIN_REC,PIN_NO,LOGIN_DATE) values (54,'UP25',to_date('23/08/15','RR/MM/DD'));
Insert into LJB_PROJECTORS.LOGIN_REC (LOGIN_REC,PIN_NO,LOGIN_DATE) values (55,'UP1',to_date('23/08/15','RR/MM/DD'));
Insert into LJB_PROJECTORS.LOGIN_REC (LOGIN_REC,PIN_NO,LOGIN_DATE) values (56,'UP47',to_date('23/08/15','RR/MM/DD'));
Insert into LJB_PROJECTORS.LOGIN_REC (LOGIN_REC,PIN_NO,LOGIN_DATE) values (57,'UP1',to_date('23/08/15','RR/MM/DD'));
Insert into LJB_PROJECTORS.LOGIN_REC (LOGIN_REC,PIN_NO,LOGIN_DATE) values (58,'UP47',to_date('23/08/15','RR/MM/DD'));
Insert into LJB_PROJECTORS.LOGIN_REC (LOGIN_REC,PIN_NO,LOGIN_DATE) values (59,'UP25',to_date('23/08/15','RR/MM/DD'));
Insert into LJB_PROJECTORS.LOGIN_REC (LOGIN_REC,PIN_NO,LOGIN_DATE) values (153,'UP16',to_date('23/08/16','RR/MM/DD'));
Insert into LJB_PROJECTORS.LOGIN_REC (LOGIN_REC,PIN_NO,LOGIN_DATE) values (154,'UP17',to_date('23/08/16','RR/MM/DD'));
Insert into LJB_PROJECTORS.LOGIN_REC (LOGIN_REC,PIN_NO,LOGIN_DATE) values (155,'UP2',to_date('23/08/16','RR/MM/DD'));
Insert into LJB_PROJECTORS.LOGIN_REC (LOGIN_REC,PIN_NO,LOGIN_DATE) values (158,'UP47',to_date('23/08/17','RR/MM/DD'));
Insert into LJB_PROJECTORS.LOGIN_REC (LOGIN_REC,PIN_NO,LOGIN_DATE) values (159,'UP25',to_date('23/08/17','RR/MM/DD'));
Insert into LJB_PROJECTORS.LOGIN_REC (LOGIN_REC,PIN_NO,LOGIN_DATE) values (160,'UP1',to_date('23/08/17','RR/MM/DD'));
Insert into LJB_PROJECTORS.LOGIN_REC (LOGIN_REC,PIN_NO,LOGIN_DATE) values (161,'UP7',to_date('23/08/17','RR/MM/DD'));
Insert into LJB_PROJECTORS.LOGIN_REC (LOGIN_REC,PIN_NO,LOGIN_DATE) values (162,'UP16',to_date('23/08/17','RR/MM/DD'));
Insert into LJB_PROJECTORS.LOGIN_REC (LOGIN_REC,PIN_NO,LOGIN_DATE) values (163,'UP47',to_date('23/08/17','RR/MM/DD'));
Insert into LJB_PROJECTORS.LOGIN_REC (LOGIN_REC,PIN_NO,LOGIN_DATE) values (164,'UP47',to_date('23/08/17','RR/MM/DD'));
Insert into LJB_PROJECTORS.LOGIN_REC (LOGIN_REC,PIN_NO,LOGIN_DATE) values (165,'UP47',to_date('23/08/17','RR/MM/DD'));
Insert into LJB_PROJECTORS.LOGIN_REC (LOGIN_REC,PIN_NO,LOGIN_DATE) values (166,'UP16',to_date('23/08/17','RR/MM/DD'));
Insert into LJB_PROJECTORS.LOGIN_REC (LOGIN_REC,PIN_NO,LOGIN_DATE) values (167,'UP16',to_date('23/08/17','RR/MM/DD'));
Insert into LJB_PROJECTORS.LOGIN_REC (LOGIN_REC,PIN_NO,LOGIN_DATE) values (168,'UP16',to_date('23/08/17','RR/MM/DD'));
Insert into LJB_PROJECTORS.LOGIN_REC (LOGIN_REC,PIN_NO,LOGIN_DATE) values (169,'UP16',to_date('23/08/17','RR/MM/DD'));
Insert into LJB_PROJECTORS.LOGIN_REC (LOGIN_REC,PIN_NO,LOGIN_DATE) values (170,'UP16',to_date('23/08/17','RR/MM/DD'));
Insert into LJB_PROJECTORS.LOGIN_REC (LOGIN_REC,PIN_NO,LOGIN_DATE) values (171,'UP16',to_date('23/08/17','RR/MM/DD'));
Insert into LJB_PROJECTORS.LOGIN_REC (LOGIN_REC,PIN_NO,LOGIN_DATE) values (172,'UP16',to_date('23/08/17','RR/MM/DD'));
Insert into LJB_PROJECTORS.LOGIN_REC (LOGIN_REC,PIN_NO,LOGIN_DATE) values (173,'UP16',to_date('23/08/17','RR/MM/DD'));
Insert into LJB_PROJECTORS.LOGIN_REC (LOGIN_REC,PIN_NO,LOGIN_DATE) values (176,'UP16',to_date('23/08/17','RR/MM/DD'));
Insert into LJB_PROJECTORS.LOGIN_REC (LOGIN_REC,PIN_NO,LOGIN_DATE) values (177,'UP16',to_date('23/08/17','RR/MM/DD'));
Insert into LJB_PROJECTORS.LOGIN_REC (LOGIN_REC,PIN_NO,LOGIN_DATE) values (2,'UP47',to_date('23/08/14','RR/MM/DD'));
Insert into LJB_PROJECTORS.LOGIN_REC (LOGIN_REC,PIN_NO,LOGIN_DATE) values (3,'UP47',to_date('23/08/14','RR/MM/DD'));
Insert into LJB_PROJECTORS.LOGIN_REC (LOGIN_REC,PIN_NO,LOGIN_DATE) values (5,'UP47',to_date('23/08/14','RR/MM/DD'));
Insert into LJB_PROJECTORS.LOGIN_REC (LOGIN_REC,PIN_NO,LOGIN_DATE) values (24,'UP47',to_date('23/08/14','RR/MM/DD'));
Insert into LJB_PROJECTORS.LOGIN_REC (LOGIN_REC,PIN_NO,LOGIN_DATE) values (25,'UP47',to_date('23/08/14','RR/MM/DD'));
Insert into LJB_PROJECTORS.LOGIN_REC (LOGIN_REC,PIN_NO,LOGIN_DATE) values (26,'UP47',to_date('23/08/14','RR/MM/DD'));
Insert into LJB_PROJECTORS.LOGIN_REC (LOGIN_REC,PIN_NO,LOGIN_DATE) values (27,'UP47',to_date('23/08/14','RR/MM/DD'));
Insert into LJB_PROJECTORS.LOGIN_REC (LOGIN_REC,PIN_NO,LOGIN_DATE) values (29,'UP7',to_date('23/08/14','RR/MM/DD'));
Insert into LJB_PROJECTORS.LOGIN_REC (LOGIN_REC,PIN_NO,LOGIN_DATE) values (30,'UP47',to_date('23/08/14','RR/MM/DD'));
Insert into LJB_PROJECTORS.LOGIN_REC (LOGIN_REC,PIN_NO,LOGIN_DATE) values (31,'UP47',to_date('23/08/14','RR/MM/DD'));
Insert into LJB_PROJECTORS.LOGIN_REC (LOGIN_REC,PIN_NO,LOGIN_DATE) values (32,'UP47',to_date('23/08/14','RR/MM/DD'));
Insert into LJB_PROJECTORS.LOGIN_REC (LOGIN_REC,PIN_NO,LOGIN_DATE) values (34,'UP47',to_date('23/08/14','RR/MM/DD'));
Insert into LJB_PROJECTORS.LOGIN_REC (LOGIN_REC,PIN_NO,LOGIN_DATE) values (35,'UP47',to_date('23/08/14','RR/MM/DD'));
Insert into LJB_PROJECTORS.LOGIN_REC (LOGIN_REC,PIN_NO,LOGIN_DATE) values (36,'UP47',to_date('23/08/14','RR/MM/DD'));
Insert into LJB_PROJECTORS.LOGIN_REC (LOGIN_REC,PIN_NO,LOGIN_DATE) values (37,'UP47',to_date('23/08/14','RR/MM/DD'));
Insert into LJB_PROJECTORS.LOGIN_REC (LOGIN_REC,PIN_NO,LOGIN_DATE) values (38,'UP47',to_date('23/08/14','RR/MM/DD'));
Insert into LJB_PROJECTORS.LOGIN_REC (LOGIN_REC,PIN_NO,LOGIN_DATE) values (39,'UP2',to_date('23/08/14','RR/MM/DD'));
Insert into LJB_PROJECTORS.LOGIN_REC (LOGIN_REC,PIN_NO,LOGIN_DATE) values (60,'UP47',to_date('23/08/15','RR/MM/DD'));
Insert into LJB_PROJECTORS.LOGIN_REC (LOGIN_REC,PIN_NO,LOGIN_DATE) values (61,'UP25',to_date('23/08/15','RR/MM/DD'));
Insert into LJB_PROJECTORS.LOGIN_REC (LOGIN_REC,PIN_NO,LOGIN_DATE) values (63,'UP47',to_date('23/08/15','RR/MM/DD'));
Insert into LJB_PROJECTORS.LOGIN_REC (LOGIN_REC,PIN_NO,LOGIN_DATE) values (64,'UP7',to_date('23/08/15','RR/MM/DD'));
Insert into LJB_PROJECTORS.LOGIN_REC (LOGIN_REC,PIN_NO,LOGIN_DATE) values (65,'UP25',to_date('23/08/15','RR/MM/DD'));
Insert into LJB_PROJECTORS.LOGIN_REC (LOGIN_REC,PIN_NO,LOGIN_DATE) values (66,'UP25',to_date('23/08/15','RR/MM/DD'));
Insert into LJB_PROJECTORS.LOGIN_REC (LOGIN_REC,PIN_NO,LOGIN_DATE) values (67,'UP26',to_date('23/08/15','RR/MM/DD'));
Insert into LJB_PROJECTORS.LOGIN_REC (LOGIN_REC,PIN_NO,LOGIN_DATE) values (68,'UP7',to_date('23/08/15','RR/MM/DD'));
Insert into LJB_PROJECTORS.LOGIN_REC (LOGIN_REC,PIN_NO,LOGIN_DATE) values (69,'UP25',to_date('23/08/15','RR/MM/DD'));
Insert into LJB_PROJECTORS.LOGIN_REC (LOGIN_REC,PIN_NO,LOGIN_DATE) values (70,'UP25',to_date('23/08/15','RR/MM/DD'));
Insert into LJB_PROJECTORS.LOGIN_REC (LOGIN_REC,PIN_NO,LOGIN_DATE) values (71,'UP25',to_date('23/08/15','RR/MM/DD'));
Insert into LJB_PROJECTORS.LOGIN_REC (LOGIN_REC,PIN_NO,LOGIN_DATE) values (72,'UP25',to_date('23/08/15','RR/MM/DD'));
Insert into LJB_PROJECTORS.LOGIN_REC (LOGIN_REC,PIN_NO,LOGIN_DATE) values (73,'UP25',to_date('23/08/15','RR/MM/DD'));
Insert into LJB_PROJECTORS.LOGIN_REC (LOGIN_REC,PIN_NO,LOGIN_DATE) values (74,'UP25',to_date('23/08/15','RR/MM/DD'));
Insert into LJB_PROJECTORS.LOGIN_REC (LOGIN_REC,PIN_NO,LOGIN_DATE) values (75,'UP25',to_date('23/08/15','RR/MM/DD'));
Insert into LJB_PROJECTORS.LOGIN_REC (LOGIN_REC,PIN_NO,LOGIN_DATE) values (76,'UP26',to_date('23/08/15','RR/MM/DD'));
Insert into LJB_PROJECTORS.LOGIN_REC (LOGIN_REC,PIN_NO,LOGIN_DATE) values (77,'UP25',to_date('23/08/15','RR/MM/DD'));
Insert into LJB_PROJECTORS.LOGIN_REC (LOGIN_REC,PIN_NO,LOGIN_DATE) values (78,'UP25',to_date('23/08/15','RR/MM/DD'));
Insert into LJB_PROJECTORS.LOGIN_REC (LOGIN_REC,PIN_NO,LOGIN_DATE) values (79,'UP25',to_date('23/08/15','RR/MM/DD'));
Insert into LJB_PROJECTORS.LOGIN_REC (LOGIN_REC,PIN_NO,LOGIN_DATE) values (80,'UP25',to_date('23/08/15','RR/MM/DD'));
Insert into LJB_PROJECTORS.LOGIN_REC (LOGIN_REC,PIN_NO,LOGIN_DATE) values (100,'UP25',to_date('23/08/16','RR/MM/DD'));
Insert into LJB_PROJECTORS.LOGIN_REC (LOGIN_REC,PIN_NO,LOGIN_DATE) values (101,'UP25',to_date('23/08/16','RR/MM/DD'));
Insert into LJB_PROJECTORS.LOGIN_REC (LOGIN_REC,PIN_NO,LOGIN_DATE) values (102,'UP1',to_date('23/08/16','RR/MM/DD'));
Insert into LJB_PROJECTORS.LOGIN_REC (LOGIN_REC,PIN_NO,LOGIN_DATE) values (103,'UP1',to_date('23/08/16','RR/MM/DD'));
Insert into LJB_PROJECTORS.LOGIN_REC (LOGIN_REC,PIN_NO,LOGIN_DATE) values (104,'UP1',to_date('23/08/16','RR/MM/DD'));
Insert into LJB_PROJECTORS.LOGIN_REC (LOGIN_REC,PIN_NO,LOGIN_DATE) values (174,'UP16',to_date('23/08/17','RR/MM/DD'));
Insert into LJB_PROJECTORS.LOGIN_REC (LOGIN_REC,PIN_NO,LOGIN_DATE) values (41,'UP47',to_date('23/08/15','RR/MM/DD'));
Insert into LJB_PROJECTORS.LOGIN_REC (LOGIN_REC,PIN_NO,LOGIN_DATE) values (51,'UP7',to_date('23/08/15','RR/MM/DD'));
Insert into LJB_PROJECTORS.LOGIN_REC (LOGIN_REC,PIN_NO,LOGIN_DATE) values (81,'UP25',to_date('23/08/15','RR/MM/DD'));
Insert into LJB_PROJECTORS.LOGIN_REC (LOGIN_REC,PIN_NO,LOGIN_DATE) values (83,'UP26',to_date('23/08/15','RR/MM/DD'));
Insert into LJB_PROJECTORS.LOGIN_REC (LOGIN_REC,PIN_NO,LOGIN_DATE) values (84,'UP26',to_date('23/08/15','RR/MM/DD'));
Insert into LJB_PROJECTORS.LOGIN_REC (LOGIN_REC,PIN_NO,LOGIN_DATE) values (85,'UP26',to_date('23/08/15','RR/MM/DD'));
Insert into LJB_PROJECTORS.LOGIN_REC (LOGIN_REC,PIN_NO,LOGIN_DATE) values (86,'UP1',to_date('23/08/15','RR/MM/DD'));
Insert into LJB_PROJECTORS.LOGIN_REC (LOGIN_REC,PIN_NO,LOGIN_DATE) values (87,'UP26',to_date('23/08/15','RR/MM/DD'));
Insert into LJB_PROJECTORS.LOGIN_REC (LOGIN_REC,PIN_NO,LOGIN_DATE) values (88,'UP1',to_date('23/08/15','RR/MM/DD'));
Insert into LJB_PROJECTORS.LOGIN_REC (LOGIN_REC,PIN_NO,LOGIN_DATE) values (89,'UP25',to_date('23/08/16','RR/MM/DD'));
Insert into LJB_PROJECTORS.LOGIN_REC (LOGIN_REC,PIN_NO,LOGIN_DATE) values (90,'UP27',to_date('23/08/16','RR/MM/DD'));
Insert into LJB_PROJECTORS.LOGIN_REC (LOGIN_REC,PIN_NO,LOGIN_DATE) values (91,'UP1',to_date('23/08/16','RR/MM/DD'));
Insert into LJB_PROJECTORS.LOGIN_REC (LOGIN_REC,PIN_NO,LOGIN_DATE) values (93,'UP1',to_date('23/08/16','RR/MM/DD'));
Insert into LJB_PROJECTORS.LOGIN_REC (LOGIN_REC,PIN_NO,LOGIN_DATE) values (94,'UP25',to_date('23/08/16','RR/MM/DD'));
Insert into LJB_PROJECTORS.LOGIN_REC (LOGIN_REC,PIN_NO,LOGIN_DATE) values (95,'UP25',to_date('23/08/16','RR/MM/DD'));
Insert into LJB_PROJECTORS.LOGIN_REC (LOGIN_REC,PIN_NO,LOGIN_DATE) values (96,'UP25',to_date('23/08/16','RR/MM/DD'));
Insert into LJB_PROJECTORS.LOGIN_REC (LOGIN_REC,PIN_NO,LOGIN_DATE) values (97,'UP1',to_date('23/08/16','RR/MM/DD'));
Insert into LJB_PROJECTORS.LOGIN_REC (LOGIN_REC,PIN_NO,LOGIN_DATE) values (98,'UP25',to_date('23/08/16','RR/MM/DD'));
Insert into LJB_PROJECTORS.LOGIN_REC (LOGIN_REC,PIN_NO,LOGIN_DATE) values (139,'UP51',to_date('23/08/16','RR/MM/DD'));
Insert into LJB_PROJECTORS.LOGIN_REC (LOGIN_REC,PIN_NO,LOGIN_DATE) values (144,'UP2',to_date('23/08/16','RR/MM/DD'));
Insert into LJB_PROJECTORS.LOGIN_REC (LOGIN_REC,PIN_NO,LOGIN_DATE) values (147,'UP16',to_date('23/08/16','RR/MM/DD'));
Insert into LJB_PROJECTORS.LOGIN_REC (LOGIN_REC,PIN_NO,LOGIN_DATE) values (156,'UP16',to_date('23/08/16','RR/MM/DD'));
Insert into LJB_PROJECTORS.LOGIN_REC (LOGIN_REC,PIN_NO,LOGIN_DATE) values (178,'UP16',to_date('23/08/17','RR/MM/DD'));
Insert into LJB_PROJECTORS.LOGIN_REC (LOGIN_REC,PIN_NO,LOGIN_DATE) values (181,'UP7',to_date('23/08/22','RR/MM/DD'));
Insert into LJB_PROJECTORS.LOGIN_REC (LOGIN_REC,PIN_NO,LOGIN_DATE) values (182,'UP61',to_date('23/08/23','RR/MM/DD'));
Insert into LJB_PROJECTORS.LOGIN_REC (LOGIN_REC,PIN_NO,LOGIN_DATE) values (183,'UP7',to_date('23/08/25','RR/MM/DD'));
Insert into LJB_PROJECTORS.LOGIN_REC (LOGIN_REC,PIN_NO,LOGIN_DATE) values (185,'UP61',to_date('23/08/26','RR/MM/DD'));
Insert into LJB_PROJECTORS.LOGIN_REC (LOGIN_REC,PIN_NO,LOGIN_DATE) values (186,'UP7',to_date('23/08/26','RR/MM/DD'));
Insert into LJB_PROJECTORS.LOGIN_REC (LOGIN_REC,PIN_NO,LOGIN_DATE) values (192,'UP7',to_date('23/08/26','RR/MM/DD'));
Insert into LJB_PROJECTORS.LOGIN_REC (LOGIN_REC,PIN_NO,LOGIN_DATE) values (216,'UP1',to_date('23/08/26','RR/MM/DD'));
Insert into LJB_PROJECTORS.LOGIN_REC (LOGIN_REC,PIN_NO,LOGIN_DATE) values (217,'UP1',to_date('23/08/26','RR/MM/DD'));
Insert into LJB_PROJECTORS.LOGIN_REC (LOGIN_REC,PIN_NO,LOGIN_DATE) values (223,'UP6',to_date('23/08/27','RR/MM/DD'));
Insert into LJB_PROJECTORS.LOGIN_REC (LOGIN_REC,PIN_NO,LOGIN_DATE) values (224,'UP6',to_date('23/08/27','RR/MM/DD'));
Insert into LJB_PROJECTORS.LOGIN_REC (LOGIN_REC,PIN_NO,LOGIN_DATE) values (225,'UP6',to_date('23/08/27','RR/MM/DD'));
Insert into LJB_PROJECTORS.LOGIN_REC (LOGIN_REC,PIN_NO,LOGIN_DATE) values (229,'UP6',to_date('23/08/27','RR/MM/DD'));
Insert into LJB_PROJECTORS.LOGIN_REC (LOGIN_REC,PIN_NO,LOGIN_DATE) values (230,'UP10',to_date('23/08/27','RR/MM/DD'));
Insert into LJB_PROJECTORS.LOGIN_REC (LOGIN_REC,PIN_NO,LOGIN_DATE) values (232,'UP6',to_date('23/08/27','RR/MM/DD'));
Insert into LJB_PROJECTORS.LOGIN_REC (LOGIN_REC,PIN_NO,LOGIN_DATE) values (234,'UP6',to_date('23/08/28','RR/MM/DD'));
Insert into LJB_PROJECTORS.LOGIN_REC (LOGIN_REC,PIN_NO,LOGIN_DATE) values (235,'UP6',to_date('23/08/28','RR/MM/DD'));
Insert into LJB_PROJECTORS.LOGIN_REC (LOGIN_REC,PIN_NO,LOGIN_DATE) values (236,'UP61',to_date('23/08/28','RR/MM/DD'));
Insert into LJB_PROJECTORS.LOGIN_REC (LOGIN_REC,PIN_NO,LOGIN_DATE) values (237,'UP6',to_date('23/08/28','RR/MM/DD'));
Insert into LJB_PROJECTORS.LOGIN_REC (LOGIN_REC,PIN_NO,LOGIN_DATE) values (242,'UP61',to_date('23/08/28','RR/MM/DD'));
Insert into LJB_PROJECTORS.LOGIN_REC (LOGIN_REC,PIN_NO,LOGIN_DATE) values (265,'UP1',to_date('23/08/30','RR/MM/DD'));
Insert into LJB_PROJECTORS.LOGIN_REC (LOGIN_REC,PIN_NO,LOGIN_DATE) values (266,'UP1',to_date('23/08/30','RR/MM/DD'));
Insert into LJB_PROJECTORS.LOGIN_REC (LOGIN_REC,PIN_NO,LOGIN_DATE) values (271,'UP16',to_date('23/08/30','RR/MM/DD'));
Insert into LJB_PROJECTORS.LOGIN_REC (LOGIN_REC,PIN_NO,LOGIN_DATE) values (272,'UP16',to_date('23/08/30','RR/MM/DD'));
Insert into LJB_PROJECTORS.LOGIN_REC (LOGIN_REC,PIN_NO,LOGIN_DATE) values (273,'UP16',to_date('23/08/30','RR/MM/DD'));
Insert into LJB_PROJECTORS.LOGIN_REC (LOGIN_REC,PIN_NO,LOGIN_DATE) values (279,'UP1',to_date('23/08/30','RR/MM/DD'));
Insert into LJB_PROJECTORS.LOGIN_REC (LOGIN_REC,PIN_NO,LOGIN_DATE) values (280,'UP1',to_date('23/08/30','RR/MM/DD'));
Insert into LJB_PROJECTORS.LOGIN_REC (LOGIN_REC,PIN_NO,LOGIN_DATE) values (281,'UP6',to_date('23/08/30','RR/MM/DD'));
Insert into LJB_PROJECTORS.LOGIN_REC (LOGIN_REC,PIN_NO,LOGIN_DATE) values (282,'UP1',to_date('23/08/30','RR/MM/DD'));
Insert into LJB_PROJECTORS.LOGIN_REC (LOGIN_REC,PIN_NO,LOGIN_DATE) values (283,'UP16',to_date('23/08/30','RR/MM/DD'));
Insert into LJB_PROJECTORS.LOGIN_REC (LOGIN_REC,PIN_NO,LOGIN_DATE) values (284,'UP6',to_date('23/08/30','RR/MM/DD'));
Insert into LJB_PROJECTORS.LOGIN_REC (LOGIN_REC,PIN_NO,LOGIN_DATE) values (285,'UP16',to_date('23/08/30','RR/MM/DD'));
Insert into LJB_PROJECTORS.LOGIN_REC (LOGIN_REC,PIN_NO,LOGIN_DATE) values (286,'UP67',to_date('23/08/30','RR/MM/DD'));
Insert into LJB_PROJECTORS.LOGIN_REC (LOGIN_REC,PIN_NO,LOGIN_DATE) values (288,'UP67',to_date('23/08/30','RR/MM/DD'));
Insert into LJB_PROJECTORS.LOGIN_REC (LOGIN_REC,PIN_NO,LOGIN_DATE) values (291,'UP67',to_date('23/08/30','RR/MM/DD'));
Insert into LJB_PROJECTORS.LOGIN_REC (LOGIN_REC,PIN_NO,LOGIN_DATE) values (293,'UP1',to_date('23/08/30','RR/MM/DD'));
Insert into LJB_PROJECTORS.LOGIN_REC (LOGIN_REC,PIN_NO,LOGIN_DATE) values (299,'UP16',to_date('23/08/30','RR/MM/DD'));
Insert into LJB_PROJECTORS.LOGIN_REC (LOGIN_REC,PIN_NO,LOGIN_DATE) values (300,'UP1',to_date('23/08/30','RR/MM/DD'));
Insert into LJB_PROJECTORS.LOGIN_REC (LOGIN_REC,PIN_NO,LOGIN_DATE) values (301,'UP1',to_date('23/08/30','RR/MM/DD'));
Insert into LJB_PROJECTORS.LOGIN_REC (LOGIN_REC,PIN_NO,LOGIN_DATE) values (303,'UP67',to_date('23/08/30','RR/MM/DD'));
Insert into LJB_PROJECTORS.LOGIN_REC (LOGIN_REC,PIN_NO,LOGIN_DATE) values (304,'UP67',to_date('23/08/30','RR/MM/DD'));
Insert into LJB_PROJECTORS.LOGIN_REC (LOGIN_REC,PIN_NO,LOGIN_DATE) values (306,'UP67',to_date('23/08/31','RR/MM/DD'));
Insert into LJB_PROJECTORS.LOGIN_REC (LOGIN_REC,PIN_NO,LOGIN_DATE) values (307,'UP67',to_date('23/08/31','RR/MM/DD'));
Insert into LJB_PROJECTORS.LOGIN_REC (LOGIN_REC,PIN_NO,LOGIN_DATE) values (308,'UP68',to_date('23/08/31','RR/MM/DD'));
Insert into LJB_PROJECTORS.LOGIN_REC (LOGIN_REC,PIN_NO,LOGIN_DATE) values (309,'UP67',to_date('23/08/31','RR/MM/DD'));
Insert into LJB_PROJECTORS.LOGIN_REC (LOGIN_REC,PIN_NO,LOGIN_DATE) values (310,'UP68',to_date('23/08/31','RR/MM/DD'));
Insert into LJB_PROJECTORS.LOGIN_REC (LOGIN_REC,PIN_NO,LOGIN_DATE) values (311,'UP67',to_date('23/08/31','RR/MM/DD'));
Insert into LJB_PROJECTORS.LOGIN_REC (LOGIN_REC,PIN_NO,LOGIN_DATE) values (312,'UP68',to_date('23/08/31','RR/MM/DD'));
Insert into LJB_PROJECTORS.LOGIN_REC (LOGIN_REC,PIN_NO,LOGIN_DATE) values (313,'UP67',to_date('23/08/31','RR/MM/DD'));
Insert into LJB_PROJECTORS.LOGIN_REC (LOGIN_REC,PIN_NO,LOGIN_DATE) values (314,'UP68',to_date('23/08/31','RR/MM/DD'));
Insert into LJB_PROJECTORS.LOGIN_REC (LOGIN_REC,PIN_NO,LOGIN_DATE) values (315,'UP67',to_date('23/08/31','RR/MM/DD'));
Insert into LJB_PROJECTORS.LOGIN_REC (LOGIN_REC,PIN_NO,LOGIN_DATE) values (316,'UP68',to_date('23/08/31','RR/MM/DD'));
Insert into LJB_PROJECTORS.LOGIN_REC (LOGIN_REC,PIN_NO,LOGIN_DATE) values (317,'UP25',to_date('23/08/31','RR/MM/DD'));
Insert into LJB_PROJECTORS.LOGIN_REC (LOGIN_REC,PIN_NO,LOGIN_DATE) values (318,'UP67',to_date('23/08/31','RR/MM/DD'));
Insert into LJB_PROJECTORS.LOGIN_REC (LOGIN_REC,PIN_NO,LOGIN_DATE) values (319,'UP68',to_date('23/08/31','RR/MM/DD'));
Insert into LJB_PROJECTORS.LOGIN_REC (LOGIN_REC,PIN_NO,LOGIN_DATE) values (326,'UP67',to_date('23/09/01','RR/MM/DD'));
Insert into LJB_PROJECTORS.LOGIN_REC (LOGIN_REC,PIN_NO,LOGIN_DATE) values (327,'UP68',to_date('23/09/01','RR/MM/DD'));
Insert into LJB_PROJECTORS.LOGIN_REC (LOGIN_REC,PIN_NO,LOGIN_DATE) values (328,'UP68',to_date('23/09/01','RR/MM/DD'));
Insert into LJB_PROJECTORS.LOGIN_REC (LOGIN_REC,PIN_NO,LOGIN_DATE) values (331,'UP16',to_date('23/09/01','RR/MM/DD'));
Insert into LJB_PROJECTORS.LOGIN_REC (LOGIN_REC,PIN_NO,LOGIN_DATE) values (332,'UP1',to_date('23/09/01','RR/MM/DD'));
Insert into LJB_PROJECTORS.LOGIN_REC (LOGIN_REC,PIN_NO,LOGIN_DATE) values (333,'UP16',to_date('23/09/01','RR/MM/DD'));
Insert into LJB_PROJECTORS.LOGIN_REC (LOGIN_REC,PIN_NO,LOGIN_DATE) values (335,'UP16',to_date('23/09/01','RR/MM/DD'));
Insert into LJB_PROJECTORS.LOGIN_REC (LOGIN_REC,PIN_NO,LOGIN_DATE) values (339,'UP68',to_date('23/09/02','RR/MM/DD'));
Insert into LJB_PROJECTORS.LOGIN_REC (LOGIN_REC,PIN_NO,LOGIN_DATE) values (341,'UP68',to_date('23/09/02','RR/MM/DD'));
Insert into LJB_PROJECTORS.LOGIN_REC (LOGIN_REC,PIN_NO,LOGIN_DATE) values (342,'UP67',to_date('23/09/02','RR/MM/DD'));
Insert into LJB_PROJECTORS.LOGIN_REC (LOGIN_REC,PIN_NO,LOGIN_DATE) values (343,'UP68',to_date('23/09/02','RR/MM/DD'));
Insert into LJB_PROJECTORS.LOGIN_REC (LOGIN_REC,PIN_NO,LOGIN_DATE) values (345,'UP6',to_date('23/09/02','RR/MM/DD'));
Insert into LJB_PROJECTORS.LOGIN_REC (LOGIN_REC,PIN_NO,LOGIN_DATE) values (347,'UP71',to_date('23/09/02','RR/MM/DD'));
Insert into LJB_PROJECTORS.LOGIN_REC (LOGIN_REC,PIN_NO,LOGIN_DATE) values (348,'UP70',to_date('23/09/02','RR/MM/DD'));
Insert into LJB_PROJECTORS.LOGIN_REC (LOGIN_REC,PIN_NO,LOGIN_DATE) values (349,'UP67',to_date('23/09/02','RR/MM/DD'));
Insert into LJB_PROJECTORS.LOGIN_REC (LOGIN_REC,PIN_NO,LOGIN_DATE) values (357,'UP16',to_date('23/09/02','RR/MM/DD'));
Insert into LJB_PROJECTORS.LOGIN_REC (LOGIN_REC,PIN_NO,LOGIN_DATE) values (372,'UP1',to_date('23/09/04','RR/MM/DD'));
Insert into LJB_PROJECTORS.LOGIN_REC (LOGIN_REC,PIN_NO,LOGIN_DATE) values (373,'UP1',to_date('23/09/04','RR/MM/DD'));
Insert into LJB_PROJECTORS.LOGIN_REC (LOGIN_REC,PIN_NO,LOGIN_DATE) values (375,'UP72',to_date('23/09/04','RR/MM/DD'));
Insert into LJB_PROJECTORS.LOGIN_REC (LOGIN_REC,PIN_NO,LOGIN_DATE) values (376,'UP72',to_date('23/09/04','RR/MM/DD'));
Insert into LJB_PROJECTORS.LOGIN_REC (LOGIN_REC,PIN_NO,LOGIN_DATE) values (388,'UP16',to_date('23/09/04','RR/MM/DD'));
Insert into LJB_PROJECTORS.LOGIN_REC (LOGIN_REC,PIN_NO,LOGIN_DATE) values (389,'UP16',to_date('23/09/04','RR/MM/DD'));
Insert into LJB_PROJECTORS.LOGIN_REC (LOGIN_REC,PIN_NO,LOGIN_DATE) values (390,'UP7',to_date('23/09/04','RR/MM/DD'));
Insert into LJB_PROJECTORS.LOGIN_REC (LOGIN_REC,PIN_NO,LOGIN_DATE) values (391,'UP16',to_date('23/09/04','RR/MM/DD'));
Insert into LJB_PROJECTORS.LOGIN_REC (LOGIN_REC,PIN_NO,LOGIN_DATE) values (392,'UP25',to_date('23/09/04','RR/MM/DD'));
Insert into LJB_PROJECTORS.LOGIN_REC (LOGIN_REC,PIN_NO,LOGIN_DATE) values (393,'UP67',to_date('23/09/04','RR/MM/DD'));
Insert into LJB_PROJECTORS.LOGIN_REC (LOGIN_REC,PIN_NO,LOGIN_DATE) values (187,'UP7',to_date('23/08/26','RR/MM/DD'));
Insert into LJB_PROJECTORS.LOGIN_REC (LOGIN_REC,PIN_NO,LOGIN_DATE) values (188,'UP7',to_date('23/08/26','RR/MM/DD'));
Insert into LJB_PROJECTORS.LOGIN_REC (LOGIN_REC,PIN_NO,LOGIN_DATE) values (189,'UP25',to_date('23/08/26','RR/MM/DD'));
Insert into LJB_PROJECTORS.LOGIN_REC (LOGIN_REC,PIN_NO,LOGIN_DATE) values (190,'UP61',to_date('23/08/26','RR/MM/DD'));
Insert into LJB_PROJECTORS.LOGIN_REC (LOGIN_REC,PIN_NO,LOGIN_DATE) values (191,'UP25',to_date('23/08/26','RR/MM/DD'));
Insert into LJB_PROJECTORS.LOGIN_REC (LOGIN_REC,PIN_NO,LOGIN_DATE) values (213,'UP6',to_date('23/08/26','RR/MM/DD'));
Insert into LJB_PROJECTORS.LOGIN_REC (LOGIN_REC,PIN_NO,LOGIN_DATE) values (226,'UP65',to_date('23/08/27','RR/MM/DD'));
Insert into LJB_PROJECTORS.LOGIN_REC (LOGIN_REC,PIN_NO,LOGIN_DATE) values (231,'UP6',to_date('23/08/27','RR/MM/DD'));
Insert into LJB_PROJECTORS.LOGIN_REC (LOGIN_REC,PIN_NO,LOGIN_DATE) values (238,'UP6',to_date('23/08/28','RR/MM/DD'));
Insert into LJB_PROJECTORS.LOGIN_REC (LOGIN_REC,PIN_NO,LOGIN_DATE) values (239,'UP6',to_date('23/08/28','RR/MM/DD'));
Insert into LJB_PROJECTORS.LOGIN_REC (LOGIN_REC,PIN_NO,LOGIN_DATE) values (240,'UP6',to_date('23/08/28','RR/MM/DD'));
Insert into LJB_PROJECTORS.LOGIN_REC (LOGIN_REC,PIN_NO,LOGIN_DATE) values (241,'UP25',to_date('23/08/28','RR/MM/DD'));
Insert into LJB_PROJECTORS.LOGIN_REC (LOGIN_REC,PIN_NO,LOGIN_DATE) values (243,'UP6',to_date('23/08/28','RR/MM/DD'));
Insert into LJB_PROJECTORS.LOGIN_REC (LOGIN_REC,PIN_NO,LOGIN_DATE) values (244,'UP6',to_date('23/08/28','RR/MM/DD'));
Insert into LJB_PROJECTORS.LOGIN_REC (LOGIN_REC,PIN_NO,LOGIN_DATE) values (245,'UP1',to_date('23/08/28','RR/MM/DD'));
Insert into LJB_PROJECTORS.LOGIN_REC (LOGIN_REC,PIN_NO,LOGIN_DATE) values (253,'UP7',to_date('23/08/29','RR/MM/DD'));
Insert into LJB_PROJECTORS.LOGIN_REC (LOGIN_REC,PIN_NO,LOGIN_DATE) values (254,'UP42',to_date('23/08/29','RR/MM/DD'));
Insert into LJB_PROJECTORS.LOGIN_REC (LOGIN_REC,PIN_NO,LOGIN_DATE) values (255,'UP66',to_date('23/08/29','RR/MM/DD'));
Insert into LJB_PROJECTORS.LOGIN_REC (LOGIN_REC,PIN_NO,LOGIN_DATE) values (256,'UP42',to_date('23/08/29','RR/MM/DD'));
Insert into LJB_PROJECTORS.LOGIN_REC (LOGIN_REC,PIN_NO,LOGIN_DATE) values (258,'UP6',to_date('23/08/29','RR/MM/DD'));
Insert into LJB_PROJECTORS.LOGIN_REC (LOGIN_REC,PIN_NO,LOGIN_DATE) values (259,'UP16',to_date('23/08/29','RR/MM/DD'));
Insert into LJB_PROJECTORS.LOGIN_REC (LOGIN_REC,PIN_NO,LOGIN_DATE) values (260,'UP1',to_date('23/08/29','RR/MM/DD'));
Insert into LJB_PROJECTORS.LOGIN_REC (LOGIN_REC,PIN_NO,LOGIN_DATE) values (261,'UP1',to_date('23/08/29','RR/MM/DD'));
Insert into LJB_PROJECTORS.LOGIN_REC (LOGIN_REC,PIN_NO,LOGIN_DATE) values (262,'UP1',to_date('23/08/29','RR/MM/DD'));
Insert into LJB_PROJECTORS.LOGIN_REC (LOGIN_REC,PIN_NO,LOGIN_DATE) values (263,'UP1',to_date('23/08/29','RR/MM/DD'));
Insert into LJB_PROJECTORS.LOGIN_REC (LOGIN_REC,PIN_NO,LOGIN_DATE) values (264,'UP1',to_date('23/08/29','RR/MM/DD'));
Insert into LJB_PROJECTORS.LOGIN_REC (LOGIN_REC,PIN_NO,LOGIN_DATE) values (274,'UP16',to_date('23/08/30','RR/MM/DD'));
Insert into LJB_PROJECTORS.LOGIN_REC (LOGIN_REC,PIN_NO,LOGIN_DATE) values (275,'UP16',to_date('23/08/30','RR/MM/DD'));
Insert into LJB_PROJECTORS.LOGIN_REC (LOGIN_REC,PIN_NO,LOGIN_DATE) values (276,'UP16',to_date('23/08/30','RR/MM/DD'));
Insert into LJB_PROJECTORS.LOGIN_REC (LOGIN_REC,PIN_NO,LOGIN_DATE) values (330,'UP68',to_date('23/09/01','RR/MM/DD'));
Insert into LJB_PROJECTORS.LOGIN_REC (LOGIN_REC,PIN_NO,LOGIN_DATE) values (334,'UP16',to_date('23/09/01','RR/MM/DD'));
Insert into LJB_PROJECTORS.LOGIN_REC (LOGIN_REC,PIN_NO,LOGIN_DATE) values (336,'UP16',to_date('23/09/01','RR/MM/DD'));
Insert into LJB_PROJECTORS.LOGIN_REC (LOGIN_REC,PIN_NO,LOGIN_DATE) values (337,'UP16',to_date('23/09/02','RR/MM/DD'));
Insert into LJB_PROJECTORS.LOGIN_REC (LOGIN_REC,PIN_NO,LOGIN_DATE) values (338,'UP16',to_date('23/09/02','RR/MM/DD'));
Insert into LJB_PROJECTORS.LOGIN_REC (LOGIN_REC,PIN_NO,LOGIN_DATE) values (374,'UP1',to_date('23/09/04','RR/MM/DD'));
Insert into LJB_PROJECTORS.LOGIN_REC (LOGIN_REC,PIN_NO,LOGIN_DATE) values (380,'UP1',to_date('23/09/04','RR/MM/DD'));
Insert into LJB_PROJECTORS.LOGIN_REC (LOGIN_REC,PIN_NO,LOGIN_DATE) values (381,'UP1',to_date('23/09/04','RR/MM/DD'));
Insert into LJB_PROJECTORS.LOGIN_REC (LOGIN_REC,PIN_NO,LOGIN_DATE) values (382,'UP1',to_date('23/09/04','RR/MM/DD'));
Insert into LJB_PROJECTORS.LOGIN_REC (LOGIN_REC,PIN_NO,LOGIN_DATE) values (383,'UP1',to_date('23/09/04','RR/MM/DD'));
Insert into LJB_PROJECTORS.LOGIN_REC (LOGIN_REC,PIN_NO,LOGIN_DATE) values (384,'UP6',to_date('23/09/04','RR/MM/DD'));
Insert into LJB_PROJECTORS.LOGIN_REC (LOGIN_REC,PIN_NO,LOGIN_DATE) values (385,'UP1',to_date('23/09/04','RR/MM/DD'));
Insert into LJB_PROJECTORS.LOGIN_REC (LOGIN_REC,PIN_NO,LOGIN_DATE) values (386,'UP1',to_date('23/09/04','RR/MM/DD'));
Insert into LJB_PROJECTORS.LOGIN_REC (LOGIN_REC,PIN_NO,LOGIN_DATE) values (387,'UP1',to_date('23/09/04','RR/MM/DD'));
Insert into LJB_PROJECTORS.LOGIN_REC (LOGIN_REC,PIN_NO,LOGIN_DATE) values (233,'UP6',to_date('23/08/27','RR/MM/DD'));
Insert into LJB_PROJECTORS.LOGIN_REC (LOGIN_REC,PIN_NO,LOGIN_DATE) values (302,'UP1',to_date('23/08/30','RR/MM/DD'));
Insert into LJB_PROJECTORS.LOGIN_REC (LOGIN_REC,PIN_NO,LOGIN_DATE) values (350,'UP67',to_date('23/09/02','RR/MM/DD'));
Insert into LJB_PROJECTORS.LOGIN_REC (LOGIN_REC,PIN_NO,LOGIN_DATE) values (351,'UP68',to_date('23/09/02','RR/MM/DD'));
Insert into LJB_PROJECTORS.LOGIN_REC (LOGIN_REC,PIN_NO,LOGIN_DATE) values (352,'UP70',to_date('23/09/02','RR/MM/DD'));
Insert into LJB_PROJECTORS.LOGIN_REC (LOGIN_REC,PIN_NO,LOGIN_DATE) values (353,'UP71',to_date('23/09/02','RR/MM/DD'));
Insert into LJB_PROJECTORS.LOGIN_REC (LOGIN_REC,PIN_NO,LOGIN_DATE) values (354,'UP67',to_date('23/09/02','RR/MM/DD'));
Insert into LJB_PROJECTORS.LOGIN_REC (LOGIN_REC,PIN_NO,LOGIN_DATE) values (355,'UP67',to_date('23/09/02','RR/MM/DD'));
Insert into LJB_PROJECTORS.LOGIN_REC (LOGIN_REC,PIN_NO,LOGIN_DATE) values (356,'UP16',to_date('23/09/02','RR/MM/DD'));
Insert into LJB_PROJECTORS.LOGIN_REC (LOGIN_REC,PIN_NO,LOGIN_DATE) values (358,'UP16',to_date('23/09/02','RR/MM/DD'));
Insert into LJB_PROJECTORS.LOGIN_REC (LOGIN_REC,PIN_NO,LOGIN_DATE) values (359,'UP16',to_date('23/09/02','RR/MM/DD'));
Insert into LJB_PROJECTORS.LOGIN_REC (LOGIN_REC,PIN_NO,LOGIN_DATE) values (360,'UP25',to_date('23/09/02','RR/MM/DD'));
Insert into LJB_PROJECTORS.LOGIN_REC (LOGIN_REC,PIN_NO,LOGIN_DATE) values (361,'UP16',to_date('23/09/02','RR/MM/DD'));
Insert into LJB_PROJECTORS.LOGIN_REC (LOGIN_REC,PIN_NO,LOGIN_DATE) values (362,'UP7',to_date('23/09/02','RR/MM/DD'));
Insert into LJB_PROJECTORS.LOGIN_REC (LOGIN_REC,PIN_NO,LOGIN_DATE) values (363,'UP67',to_date('23/09/02','RR/MM/DD'));
REM INSERTING into LJB_PROJECTORS.LOGOUT_REC
SET DEFINE OFF;
Insert into LJB_PROJECTORS.LOGOUT_REC (LOGOUT_REC,PIN_NO,LOGOUT_DATE) values (29,'UP25',to_date('23/08/26','RR/MM/DD'));
Insert into LJB_PROJECTORS.LOGOUT_REC (LOGOUT_REC,PIN_NO,LOGOUT_DATE) values (34,'UP61',to_date('23/08/26','RR/MM/DD'));
Insert into LJB_PROJECTORS.LOGOUT_REC (LOGOUT_REC,PIN_NO,LOGOUT_DATE) values (35,'UP7',to_date('23/08/26','RR/MM/DD'));
Insert into LJB_PROJECTORS.LOGOUT_REC (LOGOUT_REC,PIN_NO,LOGOUT_DATE) values (36,'UP6',to_date('23/08/26','RR/MM/DD'));
Insert into LJB_PROJECTORS.LOGOUT_REC (LOGOUT_REC,PIN_NO,LOGOUT_DATE) values (37,'UP62',to_date('23/08/26','RR/MM/DD'));
Insert into LJB_PROJECTORS.LOGOUT_REC (LOGOUT_REC,PIN_NO,LOGOUT_DATE) values (38,'UP63',to_date('23/08/26','RR/MM/DD'));
Insert into LJB_PROJECTORS.LOGOUT_REC (LOGOUT_REC,PIN_NO,LOGOUT_DATE) values (46,'UP25',to_date('23/08/27','RR/MM/DD'));
Insert into LJB_PROJECTORS.LOGOUT_REC (LOGOUT_REC,PIN_NO,LOGOUT_DATE) values (47,'UP6',to_date('23/08/27','RR/MM/DD'));
Insert into LJB_PROJECTORS.LOGOUT_REC (LOGOUT_REC,PIN_NO,LOGOUT_DATE) values (48,'UP62',to_date('23/08/27','RR/MM/DD'));
Insert into LJB_PROJECTORS.LOGOUT_REC (LOGOUT_REC,PIN_NO,LOGOUT_DATE) values (49,'UP64',to_date('23/08/27','RR/MM/DD'));
Insert into LJB_PROJECTORS.LOGOUT_REC (LOGOUT_REC,PIN_NO,LOGOUT_DATE) values (77,'UP6',to_date('23/08/31','RR/MM/DD'));
Insert into LJB_PROJECTORS.LOGOUT_REC (LOGOUT_REC,PIN_NO,LOGOUT_DATE) values (88,'UP67',to_date('23/08/31','RR/MM/DD'));
Insert into LJB_PROJECTORS.LOGOUT_REC (LOGOUT_REC,PIN_NO,LOGOUT_DATE) values (39,'UP64',to_date('23/08/26','RR/MM/DD'));
Insert into LJB_PROJECTORS.LOGOUT_REC (LOGOUT_REC,PIN_NO,LOGOUT_DATE) values (40,'UP6',to_date('23/08/26','RR/MM/DD'));
Insert into LJB_PROJECTORS.LOGOUT_REC (LOGOUT_REC,PIN_NO,LOGOUT_DATE) values (43,'UP6',to_date('23/08/26','RR/MM/DD'));
Insert into LJB_PROJECTORS.LOGOUT_REC (LOGOUT_REC,PIN_NO,LOGOUT_DATE) values (57,'UP6',to_date('23/08/28','RR/MM/DD'));
Insert into LJB_PROJECTORS.LOGOUT_REC (LOGOUT_REC,PIN_NO,LOGOUT_DATE) values (58,'UP25',to_date('23/08/29','RR/MM/DD'));
Insert into LJB_PROJECTORS.LOGOUT_REC (LOGOUT_REC,PIN_NO,LOGOUT_DATE) values (62,'UP66',to_date('23/08/29','RR/MM/DD'));
Insert into LJB_PROJECTORS.LOGOUT_REC (LOGOUT_REC,PIN_NO,LOGOUT_DATE) values (70,'UP67',to_date('23/08/30','RR/MM/DD'));
Insert into LJB_PROJECTORS.LOGOUT_REC (LOGOUT_REC,PIN_NO,LOGOUT_DATE) values (71,'UP67',to_date('23/08/30','RR/MM/DD'));
Insert into LJB_PROJECTORS.LOGOUT_REC (LOGOUT_REC,PIN_NO,LOGOUT_DATE) values (72,'UP61',to_date('23/08/30','RR/MM/DD'));
Insert into LJB_PROJECTORS.LOGOUT_REC (LOGOUT_REC,PIN_NO,LOGOUT_DATE) values (73,'UP67',to_date('23/08/30','RR/MM/DD'));
Insert into LJB_PROJECTORS.LOGOUT_REC (LOGOUT_REC,PIN_NO,LOGOUT_DATE) values (74,'UP25',to_date('23/08/30','RR/MM/DD'));
Insert into LJB_PROJECTORS.LOGOUT_REC (LOGOUT_REC,PIN_NO,LOGOUT_DATE) values (75,'UP69',to_date('23/08/30','RR/MM/DD'));
Insert into LJB_PROJECTORS.LOGOUT_REC (LOGOUT_REC,PIN_NO,LOGOUT_DATE) values (76,'UP67',to_date('23/08/30','RR/MM/DD'));
Insert into LJB_PROJECTORS.LOGOUT_REC (LOGOUT_REC,PIN_NO,LOGOUT_DATE) values (89,'UP68',to_date('23/09/01','RR/MM/DD'));
Insert into LJB_PROJECTORS.LOGOUT_REC (LOGOUT_REC,PIN_NO,LOGOUT_DATE) values (92,'UP16',to_date('23/09/01','RR/MM/DD'));
Insert into LJB_PROJECTORS.LOGOUT_REC (LOGOUT_REC,PIN_NO,LOGOUT_DATE) values (108,'UP1',to_date('23/09/03','RR/MM/DD'));
Insert into LJB_PROJECTORS.LOGOUT_REC (LOGOUT_REC,PIN_NO,LOGOUT_DATE) values (1,'UP16',to_date('23/08/16','RR/MM/DD'));
Insert into LJB_PROJECTORS.LOGOUT_REC (LOGOUT_REC,PIN_NO,LOGOUT_DATE) values (2,'UP16',to_date('23/08/16','RR/MM/DD'));
Insert into LJB_PROJECTORS.LOGOUT_REC (LOGOUT_REC,PIN_NO,LOGOUT_DATE) values (3,'UP16',to_date('23/08/16','RR/MM/DD'));
Insert into LJB_PROJECTORS.LOGOUT_REC (LOGOUT_REC,PIN_NO,LOGOUT_DATE) values (4,'UP16',to_date('23/08/16','RR/MM/DD'));
Insert into LJB_PROJECTORS.LOGOUT_REC (LOGOUT_REC,PIN_NO,LOGOUT_DATE) values (5,'UP2',to_date('23/08/16','RR/MM/DD'));
Insert into LJB_PROJECTORS.LOGOUT_REC (LOGOUT_REC,PIN_NO,LOGOUT_DATE) values (7,'UP2',to_date('23/08/16','RR/MM/DD'));
Insert into LJB_PROJECTORS.LOGOUT_REC (LOGOUT_REC,PIN_NO,LOGOUT_DATE) values (8,'UP2',to_date('23/08/16','RR/MM/DD'));
Insert into LJB_PROJECTORS.LOGOUT_REC (LOGOUT_REC,PIN_NO,LOGOUT_DATE) values (27,'UP16',to_date('23/08/17','RR/MM/DD'));
Insert into LJB_PROJECTORS.LOGOUT_REC (LOGOUT_REC,PIN_NO,LOGOUT_DATE) values (28,'UP16',to_date('23/08/17','RR/MM/DD'));
Insert into LJB_PROJECTORS.LOGOUT_REC (LOGOUT_REC,PIN_NO,LOGOUT_DATE) values (10,'UP16',to_date('23/08/16','RR/MM/DD'));
Insert into LJB_PROJECTORS.LOGOUT_REC (LOGOUT_REC,PIN_NO,LOGOUT_DATE) values (11,'UP47',to_date('23/08/17','RR/MM/DD'));
Insert into LJB_PROJECTORS.LOGOUT_REC (LOGOUT_REC,PIN_NO,LOGOUT_DATE) values (12,'UP25',to_date('23/08/17','RR/MM/DD'));
Insert into LJB_PROJECTORS.LOGOUT_REC (LOGOUT_REC,PIN_NO,LOGOUT_DATE) values (13,'UP1',to_date('23/08/17','RR/MM/DD'));
Insert into LJB_PROJECTORS.LOGOUT_REC (LOGOUT_REC,PIN_NO,LOGOUT_DATE) values (14,'UP7',to_date('23/08/17','RR/MM/DD'));
Insert into LJB_PROJECTORS.LOGOUT_REC (LOGOUT_REC,PIN_NO,LOGOUT_DATE) values (15,'UP47',to_date('23/08/17','RR/MM/DD'));
Insert into LJB_PROJECTORS.LOGOUT_REC (LOGOUT_REC,PIN_NO,LOGOUT_DATE) values (16,'UP47',to_date('23/08/17','RR/MM/DD'));
Insert into LJB_PROJECTORS.LOGOUT_REC (LOGOUT_REC,PIN_NO,LOGOUT_DATE) values (17,'UP16',to_date('23/08/17','RR/MM/DD'));
Insert into LJB_PROJECTORS.LOGOUT_REC (LOGOUT_REC,PIN_NO,LOGOUT_DATE) values (18,'UP16',to_date('23/08/17','RR/MM/DD'));
Insert into LJB_PROJECTORS.LOGOUT_REC (LOGOUT_REC,PIN_NO,LOGOUT_DATE) values (19,'UP16',to_date('23/08/17','RR/MM/DD'));
Insert into LJB_PROJECTORS.LOGOUT_REC (LOGOUT_REC,PIN_NO,LOGOUT_DATE) values (20,'UP16',to_date('23/08/17','RR/MM/DD'));
Insert into LJB_PROJECTORS.LOGOUT_REC (LOGOUT_REC,PIN_NO,LOGOUT_DATE) values (21,'UP16',to_date('23/08/17','RR/MM/DD'));
Insert into LJB_PROJECTORS.LOGOUT_REC (LOGOUT_REC,PIN_NO,LOGOUT_DATE) values (22,'UP16',to_date('23/08/17','RR/MM/DD'));
Insert into LJB_PROJECTORS.LOGOUT_REC (LOGOUT_REC,PIN_NO,LOGOUT_DATE) values (23,'UP16',to_date('23/08/17','RR/MM/DD'));
Insert into LJB_PROJECTORS.LOGOUT_REC (LOGOUT_REC,PIN_NO,LOGOUT_DATE) values (9,'UP58',to_date('23/08/16','RR/MM/DD'));
Insert into LJB_PROJECTORS.LOGOUT_REC (LOGOUT_REC,PIN_NO,LOGOUT_DATE) values (24,'UP16',to_date('23/08/17','RR/MM/DD'));
Insert into LJB_PROJECTORS.LOGOUT_REC (LOGOUT_REC,PIN_NO,LOGOUT_DATE) values (25,'UP16',to_date('23/08/17','RR/MM/DD'));
Insert into LJB_PROJECTORS.LOGOUT_REC (LOGOUT_REC,PIN_NO,LOGOUT_DATE) values (6,'UP2',to_date('23/08/16','RR/MM/DD'));
Insert into LJB_PROJECTORS.LOGOUT_REC (LOGOUT_REC,PIN_NO,LOGOUT_DATE) values (26,'UP16',to_date('23/08/17','RR/MM/DD'));
Insert into LJB_PROJECTORS.LOGOUT_REC (LOGOUT_REC,PIN_NO,LOGOUT_DATE) values (42,'UP6',to_date('23/08/26','RR/MM/DD'));
Insert into LJB_PROJECTORS.LOGOUT_REC (LOGOUT_REC,PIN_NO,LOGOUT_DATE) values (44,'UP6',to_date('23/08/26','RR/MM/DD'));
Insert into LJB_PROJECTORS.LOGOUT_REC (LOGOUT_REC,PIN_NO,LOGOUT_DATE) values (51,'UP6',to_date('23/08/28','RR/MM/DD'));
Insert into LJB_PROJECTORS.LOGOUT_REC (LOGOUT_REC,PIN_NO,LOGOUT_DATE) values (52,'UP6',to_date('23/08/28','RR/MM/DD'));
Insert into LJB_PROJECTORS.LOGOUT_REC (LOGOUT_REC,PIN_NO,LOGOUT_DATE) values (53,'UP61',to_date('23/08/28','RR/MM/DD'));
Insert into LJB_PROJECTORS.LOGOUT_REC (LOGOUT_REC,PIN_NO,LOGOUT_DATE) values (65,'UP16',to_date('23/08/30','RR/MM/DD'));
Insert into LJB_PROJECTORS.LOGOUT_REC (LOGOUT_REC,PIN_NO,LOGOUT_DATE) values (66,'UP16',to_date('23/08/30','RR/MM/DD'));
Insert into LJB_PROJECTORS.LOGOUT_REC (LOGOUT_REC,PIN_NO,LOGOUT_DATE) values (67,'UP6',to_date('23/08/30','RR/MM/DD'));
Insert into LJB_PROJECTORS.LOGOUT_REC (LOGOUT_REC,PIN_NO,LOGOUT_DATE) values (68,'UP16',to_date('23/08/30','RR/MM/DD'));
Insert into LJB_PROJECTORS.LOGOUT_REC (LOGOUT_REC,PIN_NO,LOGOUT_DATE) values (69,'UP16',to_date('23/08/30','RR/MM/DD'));
Insert into LJB_PROJECTORS.LOGOUT_REC (LOGOUT_REC,PIN_NO,LOGOUT_DATE) values (78,'UP67',to_date('23/08/31','RR/MM/DD'));
Insert into LJB_PROJECTORS.LOGOUT_REC (LOGOUT_REC,PIN_NO,LOGOUT_DATE) values (79,'UP68',to_date('23/08/31','RR/MM/DD'));
Insert into LJB_PROJECTORS.LOGOUT_REC (LOGOUT_REC,PIN_NO,LOGOUT_DATE) values (80,'UP68',to_date('23/08/31','RR/MM/DD'));
Insert into LJB_PROJECTORS.LOGOUT_REC (LOGOUT_REC,PIN_NO,LOGOUT_DATE) values (81,'UP67',to_date('23/08/31','RR/MM/DD'));
Insert into LJB_PROJECTORS.LOGOUT_REC (LOGOUT_REC,PIN_NO,LOGOUT_DATE) values (82,'UP68',to_date('23/08/31','RR/MM/DD'));
Insert into LJB_PROJECTORS.LOGOUT_REC (LOGOUT_REC,PIN_NO,LOGOUT_DATE) values (83,'UP67',to_date('23/08/31','RR/MM/DD'));
Insert into LJB_PROJECTORS.LOGOUT_REC (LOGOUT_REC,PIN_NO,LOGOUT_DATE) values (84,'UP68',to_date('23/08/31','RR/MM/DD'));
Insert into LJB_PROJECTORS.LOGOUT_REC (LOGOUT_REC,PIN_NO,LOGOUT_DATE) values (85,'UP67',to_date('23/08/31','RR/MM/DD'));
Insert into LJB_PROJECTORS.LOGOUT_REC (LOGOUT_REC,PIN_NO,LOGOUT_DATE) values (86,'UP25',to_date('23/08/31','RR/MM/DD'));
Insert into LJB_PROJECTORS.LOGOUT_REC (LOGOUT_REC,PIN_NO,LOGOUT_DATE) values (87,'UP67',to_date('23/08/31','RR/MM/DD'));
Insert into LJB_PROJECTORS.LOGOUT_REC (LOGOUT_REC,PIN_NO,LOGOUT_DATE) values (90,'UP67',to_date('23/09/01','RR/MM/DD'));
Insert into LJB_PROJECTORS.LOGOUT_REC (LOGOUT_REC,PIN_NO,LOGOUT_DATE) values (91,'UP68',to_date('23/09/01','RR/MM/DD'));
Insert into LJB_PROJECTORS.LOGOUT_REC (LOGOUT_REC,PIN_NO,LOGOUT_DATE) values (96,'UP68',to_date('23/09/02','RR/MM/DD'));
Insert into LJB_PROJECTORS.LOGOUT_REC (LOGOUT_REC,PIN_NO,LOGOUT_DATE) values (97,'UP67',to_date('23/09/02','RR/MM/DD'));
Insert into LJB_PROJECTORS.LOGOUT_REC (LOGOUT_REC,PIN_NO,LOGOUT_DATE) values (98,'UP68',to_date('23/09/02','RR/MM/DD'));
Insert into LJB_PROJECTORS.LOGOUT_REC (LOGOUT_REC,PIN_NO,LOGOUT_DATE) values (99,'UP6',to_date('23/09/02','RR/MM/DD'));
Insert into LJB_PROJECTORS.LOGOUT_REC (LOGOUT_REC,PIN_NO,LOGOUT_DATE) values (100,'UP70',to_date('23/09/02','RR/MM/DD'));
Insert into LJB_PROJECTORS.LOGOUT_REC (LOGOUT_REC,PIN_NO,LOGOUT_DATE) values (101,'UP71',to_date('23/09/02','RR/MM/DD'));
Insert into LJB_PROJECTORS.LOGOUT_REC (LOGOUT_REC,PIN_NO,LOGOUT_DATE) values (102,'UP70',to_date('23/09/02','RR/MM/DD'));
Insert into LJB_PROJECTORS.LOGOUT_REC (LOGOUT_REC,PIN_NO,LOGOUT_DATE) values (109,'UP16',to_date('23/09/04','RR/MM/DD'));
Insert into LJB_PROJECTORS.LOGOUT_REC (LOGOUT_REC,PIN_NO,LOGOUT_DATE) values (110,'UP7',to_date('23/09/04','RR/MM/DD'));
Insert into LJB_PROJECTORS.LOGOUT_REC (LOGOUT_REC,PIN_NO,LOGOUT_DATE) values (111,'UP16',to_date('23/09/04','RR/MM/DD'));
Insert into LJB_PROJECTORS.LOGOUT_REC (LOGOUT_REC,PIN_NO,LOGOUT_DATE) values (30,'UP7',to_date('23/08/26','RR/MM/DD'));
Insert into LJB_PROJECTORS.LOGOUT_REC (LOGOUT_REC,PIN_NO,LOGOUT_DATE) values (31,'UP25',to_date('23/08/26','RR/MM/DD'));
Insert into LJB_PROJECTORS.LOGOUT_REC (LOGOUT_REC,PIN_NO,LOGOUT_DATE) values (32,'UP61',to_date('23/08/26','RR/MM/DD'));
Insert into LJB_PROJECTORS.LOGOUT_REC (LOGOUT_REC,PIN_NO,LOGOUT_DATE) values (33,'UP25',to_date('23/08/26','RR/MM/DD'));
Insert into LJB_PROJECTORS.LOGOUT_REC (LOGOUT_REC,PIN_NO,LOGOUT_DATE) values (41,'UP6',to_date('23/08/26','RR/MM/DD'));
Insert into LJB_PROJECTORS.LOGOUT_REC (LOGOUT_REC,PIN_NO,LOGOUT_DATE) values (45,'UP6',to_date('23/08/26','RR/MM/DD'));
Insert into LJB_PROJECTORS.LOGOUT_REC (LOGOUT_REC,PIN_NO,LOGOUT_DATE) values (50,'UP65',to_date('23/08/27','RR/MM/DD'));
Insert into LJB_PROJECTORS.LOGOUT_REC (LOGOUT_REC,PIN_NO,LOGOUT_DATE) values (54,'UP6',to_date('23/08/28','RR/MM/DD'));
Insert into LJB_PROJECTORS.LOGOUT_REC (LOGOUT_REC,PIN_NO,LOGOUT_DATE) values (55,'UP25',to_date('23/08/28','RR/MM/DD'));
Insert into LJB_PROJECTORS.LOGOUT_REC (LOGOUT_REC,PIN_NO,LOGOUT_DATE) values (56,'UP61',to_date('23/08/28','RR/MM/DD'));
Insert into LJB_PROJECTORS.LOGOUT_REC (LOGOUT_REC,PIN_NO,LOGOUT_DATE) values (59,'UP6',to_date('23/08/29','RR/MM/DD'));
Insert into LJB_PROJECTORS.LOGOUT_REC (LOGOUT_REC,PIN_NO,LOGOUT_DATE) values (60,'UP7',to_date('23/08/29','RR/MM/DD'));
Insert into LJB_PROJECTORS.LOGOUT_REC (LOGOUT_REC,PIN_NO,LOGOUT_DATE) values (61,'UP42',to_date('23/08/29','RR/MM/DD'));
Insert into LJB_PROJECTORS.LOGOUT_REC (LOGOUT_REC,PIN_NO,LOGOUT_DATE) values (63,'UP42',to_date('23/08/29','RR/MM/DD'));
Insert into LJB_PROJECTORS.LOGOUT_REC (LOGOUT_REC,PIN_NO,LOGOUT_DATE) values (64,'UP61',to_date('23/08/29','RR/MM/DD'));
Insert into LJB_PROJECTORS.LOGOUT_REC (LOGOUT_REC,PIN_NO,LOGOUT_DATE) values (93,'UP16',to_date('23/09/01','RR/MM/DD'));
Insert into LJB_PROJECTORS.LOGOUT_REC (LOGOUT_REC,PIN_NO,LOGOUT_DATE) values (94,'UP16',to_date('23/09/02','RR/MM/DD'));
Insert into LJB_PROJECTORS.LOGOUT_REC (LOGOUT_REC,PIN_NO,LOGOUT_DATE) values (95,'UP16',to_date('23/09/02','RR/MM/DD'));
Insert into LJB_PROJECTORS.LOGOUT_REC (LOGOUT_REC,PIN_NO,LOGOUT_DATE) values (103,'UP67',to_date('23/09/02','RR/MM/DD'));
Insert into LJB_PROJECTORS.LOGOUT_REC (LOGOUT_REC,PIN_NO,LOGOUT_DATE) values (104,'UP68',to_date('23/09/02','RR/MM/DD'));
Insert into LJB_PROJECTORS.LOGOUT_REC (LOGOUT_REC,PIN_NO,LOGOUT_DATE) values (105,'UP70',to_date('23/09/02','RR/MM/DD'));
Insert into LJB_PROJECTORS.LOGOUT_REC (LOGOUT_REC,PIN_NO,LOGOUT_DATE) values (106,'UP71',to_date('23/09/02','RR/MM/DD'));
Insert into LJB_PROJECTORS.LOGOUT_REC (LOGOUT_REC,PIN_NO,LOGOUT_DATE) values (107,'UP67',to_date('23/09/02','RR/MM/DD'));
REM INSERTING into LJB_PROJECTORS.MEETING
SET DEFINE OFF;
Insert into LJB_PROJECTORS.MEETING (MEETING_NO,FINAL_NO,TITLE,CONTENT,FILEURL,CREATED_DATE,MEETING_DATE) values ('MT7','FN3','테스트','테스트',null,to_date('23/09/04','RR/MM/DD'),to_date('23/09/04','RR/MM/DD'));
Insert into LJB_PROJECTORS.MEETING (MEETING_NO,FINAL_NO,TITLE,CONTENT,FILEURL,CREATED_DATE,MEETING_DATE) values ('MT4','FN2','4차: 기획 회의','담당자: 팀원3 .. 장소 어쩌구.. 내용 어쩌구..',null,to_date('23/08/16','RR/MM/DD'),to_date('23/08/05','RR/MM/DD'));
Insert into LJB_PROJECTORS.MEETING (MEETING_NO,FINAL_NO,TITLE,CONTENT,FILEURL,CREATED_DATE,MEETING_DATE) values ('MT6','FN2','5차: 스토리보드','담당자: 팀원3 .. 장소 어쩌구.. 내용 어쩌구..',null,to_date('23/08/16','RR/MM/DD'),to_date('23/08/07','RR/MM/DD'));
Insert into LJB_PROJECTORS.MEETING (MEETING_NO,FINAL_NO,TITLE,CONTENT,FILEURL,CREATED_DATE,MEETING_DATE) values ('MT1','FN1','1차: 기획 회의','담당자: 팀원1 .. 장소 어쩌구.. 내용 어쩌구.. 수정좀햇어요,,','첨부파일없음',to_date('23/08/13','RR/MM/DD'),to_date('23/08/01','RR/MM/DD'));
Insert into LJB_PROJECTORS.MEETING (MEETING_NO,FINAL_NO,TITLE,CONTENT,FILEURL,CREATED_DATE,MEETING_DATE) values ('MT3','FN3','3차: 스토리보드','담당자: 팀원3.. 이번 주부터 진행할 스토리보드..','/images/exit.png',to_date('23/08/13','RR/MM/DD'),to_date('23/08/04','RR/MM/DD'));
REM INSERTING into LJB_PROJECTORS.MEMBER_OUT
SET DEFINE OFF;
Insert into LJB_PROJECTORS.MEMBER_OUT (MEM_OUT_NO,FINAL_NO,OUT_REASON_NO,OUT_DATE) values ('MO2','FN8',1,to_date('23/07/31','RR/MM/DD'));
REM INSERTING into LJB_PROJECTORS.MEM_OUT_RATE
SET DEFINE OFF;
Insert into LJB_PROJECTORS.MEM_OUT_RATE (OUT_RATE_NO,MEM_OUT_NO,GIVER,RATE_NO,RATE_DATE) values ('MOR1','MO2','FN9',4,to_date('23/08/01','RR/MM/DD'));
REM INSERTING into LJB_PROJECTORS.MEM_OUT_REASON
SET DEFINE OFF;
Insert into LJB_PROJECTORS.MEM_OUT_REASON (OUT_REASON_NO,REASON) values (1,'다른 프로젝트 참여');
Insert into LJB_PROJECTORS.MEM_OUT_REASON (OUT_REASON_NO,REASON) values (2,'취업');
Insert into LJB_PROJECTORS.MEM_OUT_REASON (OUT_REASON_NO,REASON) values (3,'팀내 불화');
Insert into LJB_PROJECTORS.MEM_OUT_REASON (OUT_REASON_NO,REASON) values (4,'역량차이');
Insert into LJB_PROJECTORS.MEM_OUT_REASON (OUT_REASON_NO,REASON) values (5,'개인사정');
REM INSERTING into LJB_PROJECTORS.NOTE
SET DEFINE OFF;
Insert into LJB_PROJECTORS.NOTE (NOTE_NO,SENDER,READER,SEND_DATE,READ_DATE,TITLE,CONTENT,SEND_DEL,READ_DEL) values ('NN1','UP27','UP15',to_date('23/08/09','RR/MM/DD'),null,'하찮은 녀석','은 너!',null,null);
Insert into LJB_PROJECTORS.NOTE (NOTE_NO,SENDER,READER,SEND_DATE,READ_DATE,TITLE,CONTENT,SEND_DEL,READ_DEL) values ('NN2','UP27','UP15',to_date('23/08/09','RR/MM/DD'),null,'하찮은 녀석','은 너!',null,null);
Insert into LJB_PROJECTORS.NOTE (NOTE_NO,SENDER,READER,SEND_DATE,READ_DATE,TITLE,CONTENT,SEND_DEL,READ_DEL) values ('NN3','UP27','UP15',to_date('23/08/09','RR/MM/DD'),null,'하찮은 녀석','은 너!',null,null);
REM INSERTING into LJB_PROJECTORS.POSITION
SET DEFINE OFF;
Insert into LJB_PROJECTORS.POSITION (POS_NO,POS_NAME) values (1,'FRONTEND');
Insert into LJB_PROJECTORS.POSITION (POS_NO,POS_NAME) values (2,'BACKEND');
Insert into LJB_PROJECTORS.POSITION (POS_NO,POS_NAME) values (3,'FULLSTACK');
Insert into LJB_PROJECTORS.POSITION (POS_NO,POS_NAME) values (4,'PUBLISHING');
Insert into LJB_PROJECTORS.POSITION (POS_NO,POS_NAME) values (5,'DESIGN');
Insert into LJB_PROJECTORS.POSITION (POS_NO,POS_NAME) values (6,'PLANNING');
REM INSERTING into LJB_PROJECTORS.PRJ_PRESULT
SET DEFINE OFF;
REM INSERTING into LJB_PROJECTORS.PRJ_STOP_REASON
SET DEFINE OFF;
Insert into LJB_PROJECTORS.PRJ_STOP_REASON (STOP_REASON_NO,REASON) values (1,'목표 불충족');
Insert into LJB_PROJECTORS.PRJ_STOP_REASON (STOP_REASON_NO,REASON) values (2,'시장 변화');
Insert into LJB_PROJECTORS.PRJ_STOP_REASON (STOP_REASON_NO,REASON) values (3,'조직 전략 변경');
Insert into LJB_PROJECTORS.PRJ_STOP_REASON (STOP_REASON_NO,REASON) values (4,'팀 구성원의 이탈');
Insert into LJB_PROJECTORS.PRJ_STOP_REASON (STOP_REASON_NO,REASON) values (5,'법적문제');
Insert into LJB_PROJECTORS.PRJ_STOP_REASON (STOP_REASON_NO,REASON) values (6,'예산 부족');
Insert into LJB_PROJECTORS.PRJ_STOP_REASON (STOP_REASON_NO,REASON) values (7,'팀장 개인사정');
REM INSERTING into LJB_PROJECTORS.PROFILE
SET DEFINE OFF;
Insert into LJB_PROJECTORS.PROFILE (PROFILE_NO,PIN_NO,POS_NO,SUB_REGION_NO,PROFILE_DATE) values ('PF34','UP62',2,2,to_date('23/08/26','RR/MM/DD'));
Insert into LJB_PROJECTORS.PROFILE (PROFILE_NO,PIN_NO,POS_NO,SUB_REGION_NO,PROFILE_DATE) values ('PF36','UP64',1,17,to_date('23/08/26','RR/MM/DD'));
Insert into LJB_PROJECTORS.PROFILE (PROFILE_NO,PIN_NO,POS_NO,SUB_REGION_NO,PROFILE_DATE) values ('PF37','UP66',3,991,to_date('23/08/29','RR/MM/DD'));
Insert into LJB_PROJECTORS.PROFILE (PROFILE_NO,PIN_NO,POS_NO,SUB_REGION_NO,PROFILE_DATE) values ('PF38','UP67',1,75,to_date('23/08/30','RR/MM/DD'));
Insert into LJB_PROJECTORS.PROFILE (PROFILE_NO,PIN_NO,POS_NO,SUB_REGION_NO,PROFILE_DATE) values ('PF39','UP68',2,34,to_date('23/08/30','RR/MM/DD'));
Insert into LJB_PROJECTORS.PROFILE (PROFILE_NO,PIN_NO,POS_NO,SUB_REGION_NO,PROFILE_DATE) values ('PF40','UP69',2,995,to_date('23/08/30','RR/MM/DD'));
Insert into LJB_PROJECTORS.PROFILE (PROFILE_NO,PIN_NO,POS_NO,SUB_REGION_NO,PROFILE_DATE) values ('PF1','UP1',1,991,to_date('23/08/06','RR/MM/DD'));
Insert into LJB_PROJECTORS.PROFILE (PROFILE_NO,PIN_NO,POS_NO,SUB_REGION_NO,PROFILE_DATE) values ('PF2','UP2',2,1,to_date('23/08/06','RR/MM/DD'));
Insert into LJB_PROJECTORS.PROFILE (PROFILE_NO,PIN_NO,POS_NO,SUB_REGION_NO,PROFILE_DATE) values ('PF3','UP3',2,28,to_date('23/08/06','RR/MM/DD'));
Insert into LJB_PROJECTORS.PROFILE (PROFILE_NO,PIN_NO,POS_NO,SUB_REGION_NO,PROFILE_DATE) values ('PF4','UP4',2,35,to_date('23/08/06','RR/MM/DD'));
Insert into LJB_PROJECTORS.PROFILE (PROFILE_NO,PIN_NO,POS_NO,SUB_REGION_NO,PROFILE_DATE) values ('PF5','UP5',2,45,to_date('23/08/06','RR/MM/DD'));
Insert into LJB_PROJECTORS.PROFILE (PROFILE_NO,PIN_NO,POS_NO,SUB_REGION_NO,PROFILE_DATE) values ('PF6','UP6',1,16,to_date('23/08/06','RR/MM/DD'));
Insert into LJB_PROJECTORS.PROFILE (PROFILE_NO,PIN_NO,POS_NO,SUB_REGION_NO,PROFILE_DATE) values ('PF7','UP7',2,997,to_date('23/08/25','RR/MM/DD'));
Insert into LJB_PROJECTORS.PROFILE (PROFILE_NO,PIN_NO,POS_NO,SUB_REGION_NO,PROFILE_DATE) values ('PF8','UP8',3,7,to_date('23/08/06','RR/MM/DD'));
Insert into LJB_PROJECTORS.PROFILE (PROFILE_NO,PIN_NO,POS_NO,SUB_REGION_NO,PROFILE_DATE) values ('PF9','UP9',4,12,to_date('23/08/06','RR/MM/DD'));
Insert into LJB_PROJECTORS.PROFILE (PROFILE_NO,PIN_NO,POS_NO,SUB_REGION_NO,PROFILE_DATE) values ('PF10','UP10',2,41,to_date('23/08/06','RR/MM/DD'));
Insert into LJB_PROJECTORS.PROFILE (PROFILE_NO,PIN_NO,POS_NO,SUB_REGION_NO,PROFILE_DATE) values ('PF11','UP11',1,76,to_date('23/07/01','RR/MM/DD'));
Insert into LJB_PROJECTORS.PROFILE (PROFILE_NO,PIN_NO,POS_NO,SUB_REGION_NO,PROFILE_DATE) values ('PF12','UP12',2,15,to_date('23/07/01','RR/MM/DD'));
Insert into LJB_PROJECTORS.PROFILE (PROFILE_NO,PIN_NO,POS_NO,SUB_REGION_NO,PROFILE_DATE) values ('PF13','UP13',5,2,to_date('23/07/01','RR/MM/DD'));
Insert into LJB_PROJECTORS.PROFILE (PROFILE_NO,PIN_NO,POS_NO,SUB_REGION_NO,PROFILE_DATE) values ('PF14','UP14',1,3,to_date('23/07/01','RR/MM/DD'));
Insert into LJB_PROJECTORS.PROFILE (PROFILE_NO,PIN_NO,POS_NO,SUB_REGION_NO,PROFILE_DATE) values ('PF15','UP15',6,991,to_date('23/07/01','RR/MM/DD'));
Insert into LJB_PROJECTORS.PROFILE (PROFILE_NO,PIN_NO,POS_NO,SUB_REGION_NO,PROFILE_DATE) values ('PF30','UP47',1,31,to_date('23/08/14','RR/MM/DD'));
Insert into LJB_PROJECTORS.PROFILE (PROFILE_NO,PIN_NO,POS_NO,SUB_REGION_NO,PROFILE_DATE) values ('PF31','UP16',3,991,to_date('23/08/16','RR/MM/DD'));
Insert into LJB_PROJECTORS.PROFILE (PROFILE_NO,PIN_NO,POS_NO,SUB_REGION_NO,PROFILE_DATE) values ('PF21','UP39',1,1,to_date('23/08/10','RR/MM/DD'));
Insert into LJB_PROJECTORS.PROFILE (PROFILE_NO,PIN_NO,POS_NO,SUB_REGION_NO,PROFILE_DATE) values ('PF22','UP41',1,1,to_date('23/08/10','RR/MM/DD'));
Insert into LJB_PROJECTORS.PROFILE (PROFILE_NO,PIN_NO,POS_NO,SUB_REGION_NO,PROFILE_DATE) values ('PF23','UP42',1,1,to_date('23/08/10','RR/MM/DD'));
Insert into LJB_PROJECTORS.PROFILE (PROFILE_NO,PIN_NO,POS_NO,SUB_REGION_NO,PROFILE_DATE) values ('PF24','UP43',1,1,to_date('23/08/10','RR/MM/DD'));
Insert into LJB_PROJECTORS.PROFILE (PROFILE_NO,PIN_NO,POS_NO,SUB_REGION_NO,PROFILE_DATE) values ('PF25','UP44',1,1,to_date('23/08/10','RR/MM/DD'));
Insert into LJB_PROJECTORS.PROFILE (PROFILE_NO,PIN_NO,POS_NO,SUB_REGION_NO,PROFILE_DATE) values ('PF26','UP45',1,1,to_date('23/08/10','RR/MM/DD'));
Insert into LJB_PROJECTORS.PROFILE (PROFILE_NO,PIN_NO,POS_NO,SUB_REGION_NO,PROFILE_DATE) values ('PF27','UP46',1,1,to_date('23/08/10','RR/MM/DD'));
Insert into LJB_PROJECTORS.PROFILE (PROFILE_NO,PIN_NO,POS_NO,SUB_REGION_NO,PROFILE_DATE) values ('PF32','UP58',1,991,to_date('23/08/16','RR/MM/DD'));
Insert into LJB_PROJECTORS.PROFILE (PROFILE_NO,PIN_NO,POS_NO,SUB_REGION_NO,PROFILE_DATE) values ('PF16','UP24',1,76,to_date('23/07/22','RR/MM/DD'));
Insert into LJB_PROJECTORS.PROFILE (PROFILE_NO,PIN_NO,POS_NO,SUB_REGION_NO,PROFILE_DATE) values ('PF17','UP25',2,15,to_date('23/07/22','RR/MM/DD'));
Insert into LJB_PROJECTORS.PROFILE (PROFILE_NO,PIN_NO,POS_NO,SUB_REGION_NO,PROFILE_DATE) values ('PF18','UP26',5,12,to_date('23/07/22','RR/MM/DD'));
Insert into LJB_PROJECTORS.PROFILE (PROFILE_NO,PIN_NO,POS_NO,SUB_REGION_NO,PROFILE_DATE) values ('PF19','UP27',1,13,to_date('23/07/22','RR/MM/DD'));
Insert into LJB_PROJECTORS.PROFILE (PROFILE_NO,PIN_NO,POS_NO,SUB_REGION_NO,PROFILE_DATE) values ('PF20','UP28',6,991,to_date('23/07/22','RR/MM/DD'));
Insert into LJB_PROJECTORS.PROFILE (PROFILE_NO,PIN_NO,POS_NO,SUB_REGION_NO,PROFILE_DATE) values ('PF33','UP61',2,991,to_date('23/08/23','RR/MM/DD'));
Insert into LJB_PROJECTORS.PROFILE (PROFILE_NO,PIN_NO,POS_NO,SUB_REGION_NO,PROFILE_DATE) values ('PF35','UP63',2,8,to_date('23/08/26','RR/MM/DD'));
Insert into LJB_PROJECTORS.PROFILE (PROFILE_NO,PIN_NO,POS_NO,SUB_REGION_NO,PROFILE_DATE) values ('PF41','UP70',1,37,to_date('23/09/02','RR/MM/DD'));
Insert into LJB_PROJECTORS.PROFILE (PROFILE_NO,PIN_NO,POS_NO,SUB_REGION_NO,PROFILE_DATE) values ('PF42','UP71',2,999,to_date('23/09/02','RR/MM/DD'));
REM INSERTING into LJB_PROJECTORS.PROJECT
SET DEFINE OFF;
Insert into LJB_PROJECTORS.PROJECT (PRJ_NO,RECRUIT_NO,PRJ_DATE) values ('PS2','RC18',to_date('23/08/27','RR/MM/DD'));
Insert into LJB_PROJECTORS.PROJECT (PRJ_NO,RECRUIT_NO,PRJ_DATE) values ('PJ1','RC2',to_date('23/08/06','RR/MM/DD'));
Insert into LJB_PROJECTORS.PROJECT (PRJ_NO,RECRUIT_NO,PRJ_DATE) values ('PJ2','RC6',to_date('23/07/24','RR/MM/DD'));
Insert into LJB_PROJECTORS.PROJECT (PRJ_NO,RECRUIT_NO,PRJ_DATE) values ('PJ3','RC10',to_date('23/07/24','RR/MM/DD'));
Insert into LJB_PROJECTORS.PROJECT (PRJ_NO,RECRUIT_NO,PRJ_DATE) values ('PJ4','RC11',to_date('23/07/24','RR/MM/DD'));
Insert into LJB_PROJECTORS.PROJECT (PRJ_NO,RECRUIT_NO,PRJ_DATE) values ('PJ6','RC4',to_date('23/07/31','RR/MM/DD'));
Insert into LJB_PROJECTORS.PROJECT (PRJ_NO,RECRUIT_NO,PRJ_DATE) values ('PJ5','RC12',to_date('23/01/14','RR/MM/DD'));
Insert into LJB_PROJECTORS.PROJECT (PRJ_NO,RECRUIT_NO,PRJ_DATE) values ('PS3','RC24',to_date('23/09/02','RR/MM/DD'));
REM INSERTING into LJB_PROJECTORS.PROJECT_RATE
SET DEFINE OFF;
Insert into LJB_PROJECTORS.PROJECT_RATE (DONE_RATE_NO,GIVER,RECEIVER,RATE_NO,RATE_DATE) values ('PJR1','FN10','FN11',3,to_date('23/08/10','RR/MM/DD'));
Insert into LJB_PROJECTORS.PROJECT_RATE (DONE_RATE_NO,GIVER,RECEIVER,RATE_NO,RATE_DATE) values ('PJR2','FN11','FN10',3,to_date('23/08/10','RR/MM/DD'));
Insert into LJB_PROJECTORS.PROJECT_RATE (DONE_RATE_NO,GIVER,RECEIVER,RATE_NO,RATE_DATE) values ('PJR3','FN13','FN15',2,to_date('23/08/11','RR/MM/DD'));
Insert into LJB_PROJECTORS.PROJECT_RATE (DONE_RATE_NO,GIVER,RECEIVER,RATE_NO,RATE_DATE) values ('PJR4','FN13','FN14',1,to_date('23/08/11','RR/MM/DD'));
Insert into LJB_PROJECTORS.PROJECT_RATE (DONE_RATE_NO,GIVER,RECEIVER,RATE_NO,RATE_DATE) values ('PJR5','FN14','FN13',1,to_date('23/08/11','RR/MM/DD'));
Insert into LJB_PROJECTORS.PROJECT_RATE (DONE_RATE_NO,GIVER,RECEIVER,RATE_NO,RATE_DATE) values ('PJR6','FN14','FN15',3,to_date('23/08/11','RR/MM/DD'));
Insert into LJB_PROJECTORS.PROJECT_RATE (DONE_RATE_NO,GIVER,RECEIVER,RATE_NO,RATE_DATE) values ('PJR7','FN15','FN13',6,to_date('23/08/11','RR/MM/DD'));
Insert into LJB_PROJECTORS.PROJECT_RATE (DONE_RATE_NO,GIVER,RECEIVER,RATE_NO,RATE_DATE) values ('PJR8','FN15','FN14',5,to_date('23/08/11','RR/MM/DD'));
REM INSERTING into LJB_PROJECTORS.PROJECT_STOP
SET DEFINE OFF;
Insert into LJB_PROJECTORS.PROJECT_STOP (PRJ_STOP_NO,PRJ_NO,STOP_DATE,STOP_REASON_NO) values ('PS1','PJ3',to_date('23/08/05','RR/MM/DD'),1);
REM INSERTING into LJB_PROJECTORS.PROJECT_STOP_RATE
SET DEFINE OFF;
Insert into LJB_PROJECTORS.PROJECT_STOP_RATE (STOP_RATE_NO,PRJ_STOP_NO,RECEIVER,GIVER,RATE_NO,RATE_DATE) values ('PSR1','PS1','FN9','FN8',1,to_date('23/08/06','RR/MM/DD'));
Insert into LJB_PROJECTORS.PROJECT_STOP_RATE (STOP_RATE_NO,PRJ_STOP_NO,RECEIVER,GIVER,RATE_NO,RATE_DATE) values ('PSR2','PS1','FN8','FN9',1,to_date('23/08/06','RR/MM/DD'));
REM INSERTING into LJB_PROJECTORS.QUESTION
SET DEFINE OFF;
Insert into LJB_PROJECTORS.QUESTION (QUESTION_NO,PIN_NO,TITLE,CONTENT,CREATED_DATE) values ('QN1','UP1','등업 질문','등업은 어떻게 하나요?',to_date('23/08/07','RR/MM/DD'));
Insert into LJB_PROJECTORS.QUESTION (QUESTION_NO,PIN_NO,TITLE,CONTENT,CREATED_DATE) values ('QN9','UP2','뭐야 글이 왜 하나 없어','오라클에선 잘떳는데',to_date('23/08/08','RR/MM/DD'));
Insert into LJB_PROJECTORS.QUESTION (QUESTION_NO,PIN_NO,TITLE,CONTENT,CREATED_DATE) values ('QN6','UP2','탈퇴 어떻게해요?','전 여길 탈출할거에요',to_date('23/08/08','RR/MM/DD'));
Insert into LJB_PROJECTORS.QUESTION (QUESTION_NO,PIN_NO,TITLE,CONTENT,CREATED_DATE) values ('QN13','UP2','0809 테스트용 문의글','이것은 테스트다.',to_date('23/08/09','RR/MM/DD'));
Insert into LJB_PROJECTORS.QUESTION (QUESTION_NO,PIN_NO,TITLE,CONTENT,CREATED_DATE) values ('QN7','UP2','문의좀하겟소','사실뻥이요',to_date('23/08/08','RR/MM/DD'));
Insert into LJB_PROJECTORS.QUESTION (QUESTION_NO,PIN_NO,TITLE,CONTENT,CREATED_DATE) values ('QN16','UP26','궁금한게 있습니다.','잘 입력이 될까요?',to_date('23/08/14','RR/MM/DD'));
Insert into LJB_PROJECTORS.QUESTION (QUESTION_NO,PIN_NO,TITLE,CONTENT,CREATED_DATE) values ('QN8','UP2','드디어 연결됐다','에휴',to_date('23/08/08','RR/MM/DD'));
Insert into LJB_PROJECTORS.QUESTION (QUESTION_NO,PIN_NO,TITLE,CONTENT,CREATED_DATE) values ('QN15','UP2','0809 테스트용 문의글','제발',to_date('23/08/09','RR/MM/DD'));
Insert into LJB_PROJECTORS.QUESTION (QUESTION_NO,PIN_NO,TITLE,CONTENT,CREATED_DATE) values ('QN17','UP27','입력테스트','0815 입력테스트입니다.',to_date('23/08/15','RR/MM/DD'));
REM INSERTING into LJB_PROJECTORS.QUIT_ADMIN
SET DEFINE OFF;
REM INSERTING into LJB_PROJECTORS.RATE_SELECT
SET DEFINE OFF;
Insert into LJB_PROJECTORS.RATE_SELECT (RATE_NO,CONTENT) values (1,'열심히 참여함');
Insert into LJB_PROJECTORS.RATE_SELECT (RATE_NO,CONTENT) values (2,'협업능력이 뛰어남');
Insert into LJB_PROJECTORS.RATE_SELECT (RATE_NO,CONTENT) values (4,'참여율이 저조함');
Insert into LJB_PROJECTORS.RATE_SELECT (RATE_NO,CONTENT) values (5,'협업능력이 부족함');
Insert into LJB_PROJECTORS.RATE_SELECT (RATE_NO,CONTENT) values (6,'업무 수행 능력이 낮음');
Insert into LJB_PROJECTORS.RATE_SELECT (RATE_NO,CONTENT) values (3,'업무 능력이 뛰어남');
REM INSERTING into LJB_PROJECTORS.RECRUIT
SET DEFINE OFF;
Insert into LJB_PROJECTORS.RECRUIT (RECRUIT_NO,PIN_NO,DO_TYPE_NO,TITLE,CONTENT,CREATED_DATE,PRJ_START,PRJ_END) values ('RC18','UP6',1,'230826 도라에몽의 교통정보 공유 플랫폼','230826 도라에몽의 교통정보 공유 플랫폼',to_date('23/08/26','RR/MM/DD'),to_date('23/10/20','RR/MM/DD'),to_date('24/03/01','RR/MM/DD'));
Insert into LJB_PROJECTORS.RECRUIT (RECRUIT_NO,PIN_NO,DO_TYPE_NO,TITLE,CONTENT,CREATED_DATE,PRJ_START,PRJ_END) values ('RC1','UP1',1,'반려동물 집사를 위한 커뮤니티','반려동물 집사들이 서로 정보를 공유하고 소통할 수 있는 커뮤니티를 기획하고 있습니다..',to_date('23/08/06','RR/MM/DD'),to_date('23/08/25','RR/MM/DD'),to_date('23/10/25','RR/MM/DD'));
Insert into LJB_PROJECTORS.RECRUIT (RECRUIT_NO,PIN_NO,DO_TYPE_NO,TITLE,CONTENT,CREATED_DATE,PRJ_START,PRJ_END) values ('RC2','UP2',0,'주제 미정 프로젝트','기획부터 함께하실 분들을 구합니다. 프로젝트 경험이 없거나 적은 분들도 괜찮습니다. 팀원은 저 포함 총 3명으로...',to_date('23/07/23','RR/MM/DD'),to_date('23/08/10','RR/MM/DD'),to_date('23/10/10','RR/MM/DD'));
Insert into LJB_PROJECTORS.RECRUIT (RECRUIT_NO,PIN_NO,DO_TYPE_NO,TITLE,CONTENT,CREATED_DATE,PRJ_START,PRJ_END) values ('RC3','UP6',1,'주차 시스템 프로젝트','주차 시스템 프로젝트에 관련된 내용',to_date('23/08/01','RR/MM/DD'),to_date('23/08/20','RR/MM/DD'),to_date('23/09/20','RR/MM/DD'));
Insert into LJB_PROJECTORS.RECRUIT (RECRUIT_NO,PIN_NO,DO_TYPE_NO,TITLE,CONTENT,CREATED_DATE,PRJ_START,PRJ_END) values ('RC4','UP7',1,'메신저 시스템 프로젝트','메신저 시스템 프로젝트에 관련된 내용',to_date('23/07/15','RR/MM/DD'),to_date('23/08/01','RR/MM/DD'),to_date('23/11/01','RR/MM/DD'));
Insert into LJB_PROJECTORS.RECRUIT (RECRUIT_NO,PIN_NO,DO_TYPE_NO,TITLE,CONTENT,CREATED_DATE,PRJ_START,PRJ_END) values ('RC5','UP11',0,'치킨 맛집 어플리케이션','치킨맛집 어플리케이션 프로젝트를 같이 하실 팀원들을 모집합니다.',to_date('23/07/28','RR/MM/DD'),to_date('23/08/20','RR/MM/DD'),to_date('24/01/15','RR/MM/DD'));
Insert into LJB_PROJECTORS.RECRUIT (RECRUIT_NO,PIN_NO,DO_TYPE_NO,TITLE,CONTENT,CREATED_DATE,PRJ_START,PRJ_END) values ('RC6','UP12',1,'영화 좌석 예매 웹 사이트','영화관 좌석을 예매하는 시스템을 같이 만들어 보실 팀원들을 모집합니다.',to_date('23/07/10','RR/MM/DD'),to_date('23/08/01','RR/MM/DD'),to_date('23/12/31','RR/MM/DD'));
Insert into LJB_PROJECTORS.RECRUIT (RECRUIT_NO,PIN_NO,DO_TYPE_NO,TITLE,CONTENT,CREATED_DATE,PRJ_START,PRJ_END) values ('RC8','UP20',1,'애매한 제목의 공고','애매한 내용의 공고',to_date('23/08/07','RR/MM/DD'),to_date('23/08/25','RR/MM/DD'),to_date('23/12/25','RR/MM/DD'));
Insert into LJB_PROJECTORS.RECRUIT (RECRUIT_NO,PIN_NO,DO_TYPE_NO,TITLE,CONTENT,CREATED_DATE,PRJ_START,PRJ_END) values ('RC10','UP39',1,'평가 출력용 제목 공고','평가 출력용 내용 공고',to_date('22/05/01','RR/MM/DD'),to_date('22/05/25','RR/MM/DD'),to_date('23/08/09','RR/MM/DD'));
Insert into LJB_PROJECTORS.RECRUIT (RECRUIT_NO,PIN_NO,DO_TYPE_NO,TITLE,CONTENT,CREATED_DATE,PRJ_START,PRJ_END) values ('RC11','UP41',1,'평가 출력용 제목 공고','평가 출력용 내용 공고',to_date('22/05/03','RR/MM/DD'),to_date('22/05/25','RR/MM/DD'),to_date('23/08/09','RR/MM/DD'));
Insert into LJB_PROJECTORS.RECRUIT (RECRUIT_NO,PIN_NO,DO_TYPE_NO,TITLE,CONTENT,CREATED_DATE,PRJ_START,PRJ_END) values ('RC15','UP26',1,'핸드폰 구매 가격 공유 및 실제 손익 계산 사이트','내가 구매한 핸드폰 가격이 합리적인지 확인하는 사이트입니다.
다른 사람들이 얼마에 구매했고, 어떤 요금제로 구매했는지 입력 조회 평균을 확인하는 사이트에요
UI/UX 를 담당해주실 디자이너를 구합니다.',to_date('23/08/12','RR/MM/DD'),to_date('23/09/10','RR/MM/DD'),to_date('23/10/30','RR/MM/DD'));
Insert into LJB_PROJECTORS.RECRUIT (RECRUIT_NO,PIN_NO,DO_TYPE_NO,TITLE,CONTENT,CREATED_DATE,PRJ_START,PRJ_END) values ('RC9','UP15',0,'자전거 동호회 어플리케이션 프로젝트','자전거 동호회 회원들이 산 고도에 대한 정보를 주고받고 날씨 정보 및 실시간 산 정보를 공유할 수 있는 어플리케이션을 제작하고자 합니다. 성실하고 시간적 여유가 많으신 분이시면 좋겠습니다. 많은 지원 부탁드립니다.',to_date('23/08/08','RR/MM/DD'),to_date('23/08/30','RR/MM/DD'),to_date('23/09/30','RR/MM/DD'));
Insert into LJB_PROJECTORS.RECRUIT (RECRUIT_NO,PIN_NO,DO_TYPE_NO,TITLE,CONTENT,CREATED_DATE,PRJ_START,PRJ_END) values ('RC12','UP39',1,'평가 출력용 제목 공고2','평가 출력용 내용 공고2',to_date('21/12/20','RR/MM/DD'),to_date('22/01/15','RR/MM/DD'),to_date('23/04/15','RR/MM/DD'));
Insert into LJB_PROJECTORS.RECRUIT (RECRUIT_NO,PIN_NO,DO_TYPE_NO,TITLE,CONTENT,CREATED_DATE,PRJ_START,PRJ_END) values ('RC7','UP18',1,'불량한 제목의 공고','불량한 내용의 공고',to_date('23/08/07','RR/MM/DD'),to_date('23/08/25','RR/MM/DD'),to_date('23/12/25','RR/MM/DD'));
Insert into LJB_PROJECTORS.RECRUIT (RECRUIT_NO,PIN_NO,DO_TYPE_NO,TITLE,CONTENT,CREATED_DATE,PRJ_START,PRJ_END) values ('RC13','UP24',1,'병충해 식물 판별하는 AI 어플리케이션','좋은 사람들끼리 프로젝트 하고 싶어 글을 써봅니다 ^^
많은 지원 부탁드립니다.',to_date('23/08/11','RR/MM/DD'),to_date('23/08/30','RR/MM/DD'),to_date('23/10/30','RR/MM/DD'));
Insert into LJB_PROJECTORS.RECRUIT (RECRUIT_NO,PIN_NO,DO_TYPE_NO,TITLE,CONTENT,CREATED_DATE,PRJ_START,PRJ_END) values ('RC14','UP25',1,'마포구 중식당 ''도원''의 오늘의 메뉴 확인 사이트','매일 바뀌는 ''도원''의 메뉴를 온라인으로 확인할 수 있는 사이트를 만들고자 합니다. 
마포구에 거주하시는 분이면 좋겠습니다.',to_date('23/08/11','RR/MM/DD'),to_date('23/09/01','RR/MM/DD'),to_date('23/09/30','RR/MM/DD'));
Insert into LJB_PROJECTORS.RECRUIT (RECRUIT_NO,PIN_NO,DO_TYPE_NO,TITLE,CONTENT,CREATED_DATE,PRJ_START,PRJ_END) values ('RC17','UP61',1,'230823중고거래플랫폼','230823중고거래플랫폼 신규 플랫폼 런칭 위한 프로젝트',to_date('23/08/23','RR/MM/DD'),to_date('23/09/15','RR/MM/DD'),to_date('23/12/30','RR/MM/DD'));
Insert into LJB_PROJECTORS.RECRUIT (RECRUIT_NO,PIN_NO,DO_TYPE_NO,TITLE,CONTENT,CREATED_DATE,PRJ_START,PRJ_END) values ('RC24','UP67',0,'돌 및 수석 관찰일치 어플리케이션','돌 및 수석 관찰일치 어플리케이션 개발하려고 합니다 다이어리 형식',to_date('23/08/31','RR/MM/DD'),to_date('23/09/20','RR/MM/DD'),to_date('23/10/20','RR/MM/DD'));
Insert into LJB_PROJECTORS.RECRUIT (RECRUIT_NO,PIN_NO,DO_TYPE_NO,TITLE,CONTENT,CREATED_DATE,PRJ_START,PRJ_END) values ('RC19','UP1',1,'우리동네 먹짱','동네 맛집 탐방 친구를 구하는 플랫폼입니다.
자세한 계획은 없구요
프론트 1 , 백 2 이렇게 셋이서 합시다',to_date('23/08/28','RR/MM/DD'),to_date('23/09/15','RR/MM/DD'),to_date('23/12/30','RR/MM/DD'));
REM INSERTING into LJB_PROJECTORS.RECRUIT_POS
SET DEFINE OFF;
Insert into LJB_PROJECTORS.RECRUIT_POS (RECRUIT_POS_NO,RECRUIT_NO,POS_NO) values ('RP49','RC18',1);
Insert into LJB_PROJECTORS.RECRUIT_POS (RECRUIT_POS_NO,RECRUIT_NO,POS_NO) values ('RP50','RC18',1);
Insert into LJB_PROJECTORS.RECRUIT_POS (RECRUIT_POS_NO,RECRUIT_NO,POS_NO) values ('RP51','RC18',2);
Insert into LJB_PROJECTORS.RECRUIT_POS (RECRUIT_POS_NO,RECRUIT_NO,POS_NO) values ('RP52','RC18',2);
Insert into LJB_PROJECTORS.RECRUIT_POS (RECRUIT_POS_NO,RECRUIT_NO,POS_NO) values ('RP1','RC1',1);
Insert into LJB_PROJECTORS.RECRUIT_POS (RECRUIT_POS_NO,RECRUIT_NO,POS_NO) values ('RP2','RC1',2);
Insert into LJB_PROJECTORS.RECRUIT_POS (RECRUIT_POS_NO,RECRUIT_NO,POS_NO) values ('RP3','RC2',1);
Insert into LJB_PROJECTORS.RECRUIT_POS (RECRUIT_POS_NO,RECRUIT_NO,POS_NO) values ('RP4','RC2',2);
Insert into LJB_PROJECTORS.RECRUIT_POS (RECRUIT_POS_NO,RECRUIT_NO,POS_NO) values ('RP5','RC2',2);
Insert into LJB_PROJECTORS.RECRUIT_POS (RECRUIT_POS_NO,RECRUIT_NO,POS_NO) values ('RP6','RC3',1);
Insert into LJB_PROJECTORS.RECRUIT_POS (RECRUIT_POS_NO,RECRUIT_NO,POS_NO) values ('RP7','RC3',2);
Insert into LJB_PROJECTORS.RECRUIT_POS (RECRUIT_POS_NO,RECRUIT_NO,POS_NO) values ('RP8','RC3',3);
Insert into LJB_PROJECTORS.RECRUIT_POS (RECRUIT_POS_NO,RECRUIT_NO,POS_NO) values ('RP9','RC4',1);
Insert into LJB_PROJECTORS.RECRUIT_POS (RECRUIT_POS_NO,RECRUIT_NO,POS_NO) values ('RP10','RC4',2);
Insert into LJB_PROJECTORS.RECRUIT_POS (RECRUIT_POS_NO,RECRUIT_NO,POS_NO) values ('RP11','RC4',2);
Insert into LJB_PROJECTORS.RECRUIT_POS (RECRUIT_POS_NO,RECRUIT_NO,POS_NO) values ('RP12','RC5',1);
Insert into LJB_PROJECTORS.RECRUIT_POS (RECRUIT_POS_NO,RECRUIT_NO,POS_NO) values ('RP13','RC5',2);
Insert into LJB_PROJECTORS.RECRUIT_POS (RECRUIT_POS_NO,RECRUIT_NO,POS_NO) values ('RP14','RC5',3);
Insert into LJB_PROJECTORS.RECRUIT_POS (RECRUIT_POS_NO,RECRUIT_NO,POS_NO) values ('RP15','RC5',4);
Insert into LJB_PROJECTORS.RECRUIT_POS (RECRUIT_POS_NO,RECRUIT_NO,POS_NO) values ('RP16','RC5',5);
Insert into LJB_PROJECTORS.RECRUIT_POS (RECRUIT_POS_NO,RECRUIT_NO,POS_NO) values ('RP17','RC5',6);
Insert into LJB_PROJECTORS.RECRUIT_POS (RECRUIT_POS_NO,RECRUIT_NO,POS_NO) values ('RP18','RC5',6);
Insert into LJB_PROJECTORS.RECRUIT_POS (RECRUIT_POS_NO,RECRUIT_NO,POS_NO) values ('RP19','RC6',1);
Insert into LJB_PROJECTORS.RECRUIT_POS (RECRUIT_POS_NO,RECRUIT_NO,POS_NO) values ('RP20','RC6',2);
Insert into LJB_PROJECTORS.RECRUIT_POS (RECRUIT_POS_NO,RECRUIT_NO,POS_NO) values ('RP21','RC6',5);
Insert into LJB_PROJECTORS.RECRUIT_POS (RECRUIT_POS_NO,RECRUIT_NO,POS_NO) values ('RP24','RC10',1);
Insert into LJB_PROJECTORS.RECRUIT_POS (RECRUIT_POS_NO,RECRUIT_NO,POS_NO) values ('RP25','RC10',1);
Insert into LJB_PROJECTORS.RECRUIT_POS (RECRUIT_POS_NO,RECRUIT_NO,POS_NO) values ('RP26','RC10',1);
Insert into LJB_PROJECTORS.RECRUIT_POS (RECRUIT_POS_NO,RECRUIT_NO,POS_NO) values ('RP27','RC11',1);
Insert into LJB_PROJECTORS.RECRUIT_POS (RECRUIT_POS_NO,RECRUIT_NO,POS_NO) values ('RP28','RC11',1);
Insert into LJB_PROJECTORS.RECRUIT_POS (RECRUIT_POS_NO,RECRUIT_NO,POS_NO) values ('RP38','RC15',2);
Insert into LJB_PROJECTORS.RECRUIT_POS (RECRUIT_POS_NO,RECRUIT_NO,POS_NO) values ('RP39','RC15',5);
Insert into LJB_PROJECTORS.RECRUIT_POS (RECRUIT_POS_NO,RECRUIT_NO,POS_NO) values ('RP22','RC9',1);
Insert into LJB_PROJECTORS.RECRUIT_POS (RECRUIT_POS_NO,RECRUIT_NO,POS_NO) values ('RP23','RC9',2);
Insert into LJB_PROJECTORS.RECRUIT_POS (RECRUIT_POS_NO,RECRUIT_NO,POS_NO) values ('RP29','RC12',1);
Insert into LJB_PROJECTORS.RECRUIT_POS (RECRUIT_POS_NO,RECRUIT_NO,POS_NO) values ('RP30','RC12',1);
Insert into LJB_PROJECTORS.RECRUIT_POS (RECRUIT_POS_NO,RECRUIT_NO,POS_NO) values ('RP31','RC12',1);
Insert into LJB_PROJECTORS.RECRUIT_POS (RECRUIT_POS_NO,RECRUIT_NO,POS_NO) values ('RP32','RC13',1);
Insert into LJB_PROJECTORS.RECRUIT_POS (RECRUIT_POS_NO,RECRUIT_NO,POS_NO) values ('RP33','RC13',2);
Insert into LJB_PROJECTORS.RECRUIT_POS (RECRUIT_POS_NO,RECRUIT_NO,POS_NO) values ('RP34','RC13',3);
Insert into LJB_PROJECTORS.RECRUIT_POS (RECRUIT_POS_NO,RECRUIT_NO,POS_NO) values ('RP35','RC13',6);
Insert into LJB_PROJECTORS.RECRUIT_POS (RECRUIT_POS_NO,RECRUIT_NO,POS_NO) values ('RP36','RC14',1);
Insert into LJB_PROJECTORS.RECRUIT_POS (RECRUIT_POS_NO,RECRUIT_NO,POS_NO) values ('RP37','RC14',2);
Insert into LJB_PROJECTORS.RECRUIT_POS (RECRUIT_POS_NO,RECRUIT_NO,POS_NO) values ('RP45','RC17',1);
Insert into LJB_PROJECTORS.RECRUIT_POS (RECRUIT_POS_NO,RECRUIT_NO,POS_NO) values ('RP46','RC17',1);
Insert into LJB_PROJECTORS.RECRUIT_POS (RECRUIT_POS_NO,RECRUIT_NO,POS_NO) values ('RP47','RC17',2);
Insert into LJB_PROJECTORS.RECRUIT_POS (RECRUIT_POS_NO,RECRUIT_NO,POS_NO) values ('RP48','RC17',2);
Insert into LJB_PROJECTORS.RECRUIT_POS (RECRUIT_POS_NO,RECRUIT_NO,POS_NO) values ('RP73','RC24',2);
Insert into LJB_PROJECTORS.RECRUIT_POS (RECRUIT_POS_NO,RECRUIT_NO,POS_NO) values ('RP74','RC24',2);
Insert into LJB_PROJECTORS.RECRUIT_POS (RECRUIT_POS_NO,RECRUIT_NO,POS_NO) values ('RP71','RC24',1);
Insert into LJB_PROJECTORS.RECRUIT_POS (RECRUIT_POS_NO,RECRUIT_NO,POS_NO) values ('RP72','RC24',1);
Insert into LJB_PROJECTORS.RECRUIT_POS (RECRUIT_POS_NO,RECRUIT_NO,POS_NO) values ('RP53','RC19',1);
Insert into LJB_PROJECTORS.RECRUIT_POS (RECRUIT_POS_NO,RECRUIT_NO,POS_NO) values ('RP54','RC19',2);
Insert into LJB_PROJECTORS.RECRUIT_POS (RECRUIT_POS_NO,RECRUIT_NO,POS_NO) values ('RP55','RC19',2);
REM INSERTING into LJB_PROJECTORS.RECRUIT_TOOL
SET DEFINE OFF;
Insert into LJB_PROJECTORS.RECRUIT_TOOL (RECRUIT_TOOL_NO,RECRUIT_NO,TOOL_NO) values ('RT49','RC18',2);
Insert into LJB_PROJECTORS.RECRUIT_TOOL (RECRUIT_TOOL_NO,RECRUIT_NO,TOOL_NO) values ('RT50','RC18',28);
Insert into LJB_PROJECTORS.RECRUIT_TOOL (RECRUIT_TOOL_NO,RECRUIT_NO,TOOL_NO) values ('RT51','RC18',30);
Insert into LJB_PROJECTORS.RECRUIT_TOOL (RECRUIT_TOOL_NO,RECRUIT_NO,TOOL_NO) values ('RT1','RC5',1);
Insert into LJB_PROJECTORS.RECRUIT_TOOL (RECRUIT_TOOL_NO,RECRUIT_NO,TOOL_NO) values ('RT2','RC5',3);
Insert into LJB_PROJECTORS.RECRUIT_TOOL (RECRUIT_TOOL_NO,RECRUIT_NO,TOOL_NO) values ('RT3','RC5',10);
Insert into LJB_PROJECTORS.RECRUIT_TOOL (RECRUIT_TOOL_NO,RECRUIT_NO,TOOL_NO) values ('RT4','RC5',11);
Insert into LJB_PROJECTORS.RECRUIT_TOOL (RECRUIT_TOOL_NO,RECRUIT_NO,TOOL_NO) values ('RT5','RC5',30);
Insert into LJB_PROJECTORS.RECRUIT_TOOL (RECRUIT_TOOL_NO,RECRUIT_NO,TOOL_NO) values ('RT6','RC6',1);
Insert into LJB_PROJECTORS.RECRUIT_TOOL (RECRUIT_TOOL_NO,RECRUIT_NO,TOOL_NO) values ('RT7','RC6',3);
Insert into LJB_PROJECTORS.RECRUIT_TOOL (RECRUIT_TOOL_NO,RECRUIT_NO,TOOL_NO) values ('RT8','RC6',10);
Insert into LJB_PROJECTORS.RECRUIT_TOOL (RECRUIT_TOOL_NO,RECRUIT_NO,TOOL_NO) values ('RT9','RC6',11);
Insert into LJB_PROJECTORS.RECRUIT_TOOL (RECRUIT_TOOL_NO,RECRUIT_NO,TOOL_NO) values ('RT10','RC6',30);
Insert into LJB_PROJECTORS.RECRUIT_TOOL (RECRUIT_TOOL_NO,RECRUIT_NO,TOOL_NO) values ('RT36','RC15',1);
Insert into LJB_PROJECTORS.RECRUIT_TOOL (RECRUIT_TOOL_NO,RECRUIT_NO,TOOL_NO) values ('RT37','RC15',6);
Insert into LJB_PROJECTORS.RECRUIT_TOOL (RECRUIT_TOOL_NO,RECRUIT_NO,TOOL_NO) values ('RT38','RC15',11);
Insert into LJB_PROJECTORS.RECRUIT_TOOL (RECRUIT_TOOL_NO,RECRUIT_NO,TOOL_NO) values ('RT39','RC15',21);
Insert into LJB_PROJECTORS.RECRUIT_TOOL (RECRUIT_TOOL_NO,RECRUIT_NO,TOOL_NO) values ('RT23','RC9',1);
Insert into LJB_PROJECTORS.RECRUIT_TOOL (RECRUIT_TOOL_NO,RECRUIT_NO,TOOL_NO) values ('RT24','RC9',6);
Insert into LJB_PROJECTORS.RECRUIT_TOOL (RECRUIT_TOOL_NO,RECRUIT_NO,TOOL_NO) values ('RT25','RC9',19);
Insert into LJB_PROJECTORS.RECRUIT_TOOL (RECRUIT_TOOL_NO,RECRUIT_NO,TOOL_NO) values ('RT11','RC1',1);
Insert into LJB_PROJECTORS.RECRUIT_TOOL (RECRUIT_TOOL_NO,RECRUIT_NO,TOOL_NO) values ('RT12','RC1',5);
Insert into LJB_PROJECTORS.RECRUIT_TOOL (RECRUIT_TOOL_NO,RECRUIT_NO,TOOL_NO) values ('RT13','RC1',16);
Insert into LJB_PROJECTORS.RECRUIT_TOOL (RECRUIT_TOOL_NO,RECRUIT_NO,TOOL_NO) values ('RT14','RC2',13);
Insert into LJB_PROJECTORS.RECRUIT_TOOL (RECRUIT_TOOL_NO,RECRUIT_NO,TOOL_NO) values ('RT15','RC2',3);
Insert into LJB_PROJECTORS.RECRUIT_TOOL (RECRUIT_TOOL_NO,RECRUIT_NO,TOOL_NO) values ('RT16','RC2',19);
Insert into LJB_PROJECTORS.RECRUIT_TOOL (RECRUIT_TOOL_NO,RECRUIT_NO,TOOL_NO) values ('RT17','RC3',6);
Insert into LJB_PROJECTORS.RECRUIT_TOOL (RECRUIT_TOOL_NO,RECRUIT_NO,TOOL_NO) values ('RT18','RC3',8);
Insert into LJB_PROJECTORS.RECRUIT_TOOL (RECRUIT_TOOL_NO,RECRUIT_NO,TOOL_NO) values ('RT19','RC3',26);
Insert into LJB_PROJECTORS.RECRUIT_TOOL (RECRUIT_TOOL_NO,RECRUIT_NO,TOOL_NO) values ('RT20','RC4',11);
Insert into LJB_PROJECTORS.RECRUIT_TOOL (RECRUIT_TOOL_NO,RECRUIT_NO,TOOL_NO) values ('RT21','RC4',2);
Insert into LJB_PROJECTORS.RECRUIT_TOOL (RECRUIT_TOOL_NO,RECRUIT_NO,TOOL_NO) values ('RT22','RC4',9);
Insert into LJB_PROJECTORS.RECRUIT_TOOL (RECRUIT_TOOL_NO,RECRUIT_NO,TOOL_NO) values ('RT26','RC13',1);
Insert into LJB_PROJECTORS.RECRUIT_TOOL (RECRUIT_TOOL_NO,RECRUIT_NO,TOOL_NO) values ('RT27','RC13',11);
Insert into LJB_PROJECTORS.RECRUIT_TOOL (RECRUIT_TOOL_NO,RECRUIT_NO,TOOL_NO) values ('RT28','RC13',19);
Insert into LJB_PROJECTORS.RECRUIT_TOOL (RECRUIT_TOOL_NO,RECRUIT_NO,TOOL_NO) values ('RT29','RC14',1);
Insert into LJB_PROJECTORS.RECRUIT_TOOL (RECRUIT_TOOL_NO,RECRUIT_NO,TOOL_NO) values ('RT30','RC14',3);
Insert into LJB_PROJECTORS.RECRUIT_TOOL (RECRUIT_TOOL_NO,RECRUIT_NO,TOOL_NO) values ('RT31','RC14',10);
Insert into LJB_PROJECTORS.RECRUIT_TOOL (RECRUIT_TOOL_NO,RECRUIT_NO,TOOL_NO) values ('RT32','RC14',11);
Insert into LJB_PROJECTORS.RECRUIT_TOOL (RECRUIT_TOOL_NO,RECRUIT_NO,TOOL_NO) values ('RT33','RC14',16);
Insert into LJB_PROJECTORS.RECRUIT_TOOL (RECRUIT_TOOL_NO,RECRUIT_NO,TOOL_NO) values ('RT34','RC14',28);
Insert into LJB_PROJECTORS.RECRUIT_TOOL (RECRUIT_TOOL_NO,RECRUIT_NO,TOOL_NO) values ('RT35','RC14',30);
Insert into LJB_PROJECTORS.RECRUIT_TOOL (RECRUIT_TOOL_NO,RECRUIT_NO,TOOL_NO) values ('RT46','RC17',1);
Insert into LJB_PROJECTORS.RECRUIT_TOOL (RECRUIT_TOOL_NO,RECRUIT_NO,TOOL_NO) values ('RT47','RC17',3);
Insert into LJB_PROJECTORS.RECRUIT_TOOL (RECRUIT_TOOL_NO,RECRUIT_NO,TOOL_NO) values ('RT48','RC17',30);
Insert into LJB_PROJECTORS.RECRUIT_TOOL (RECRUIT_TOOL_NO,RECRUIT_NO,TOOL_NO) values ('RT68','RC24',2);
Insert into LJB_PROJECTORS.RECRUIT_TOOL (RECRUIT_TOOL_NO,RECRUIT_NO,TOOL_NO) values ('RT69','RC24',22);
Insert into LJB_PROJECTORS.RECRUIT_TOOL (RECRUIT_TOOL_NO,RECRUIT_NO,TOOL_NO) values ('RT70','RC24',30);
Insert into LJB_PROJECTORS.RECRUIT_TOOL (RECRUIT_TOOL_NO,RECRUIT_NO,TOOL_NO) values ('RT52','RC19',1);
Insert into LJB_PROJECTORS.RECRUIT_TOOL (RECRUIT_TOOL_NO,RECRUIT_NO,TOOL_NO) values ('RT53','RC19',3);
Insert into LJB_PROJECTORS.RECRUIT_TOOL (RECRUIT_TOOL_NO,RECRUIT_NO,TOOL_NO) values ('RT54','RC19',16);
Insert into LJB_PROJECTORS.RECRUIT_TOOL (RECRUIT_TOOL_NO,RECRUIT_NO,TOOL_NO) values ('RT55','RC19',19);
Insert into LJB_PROJECTORS.RECRUIT_TOOL (RECRUIT_TOOL_NO,RECRUIT_NO,TOOL_NO) values ('RT56','RC19',21);
Insert into LJB_PROJECTORS.RECRUIT_TOOL (RECRUIT_TOOL_NO,RECRUIT_NO,TOOL_NO) values ('RT57','RC19',22);
Insert into LJB_PROJECTORS.RECRUIT_TOOL (RECRUIT_TOOL_NO,RECRUIT_NO,TOOL_NO) values ('RT58','RC19',28);
Insert into LJB_PROJECTORS.RECRUIT_TOOL (RECRUIT_TOOL_NO,RECRUIT_NO,TOOL_NO) values ('RT59','RC19',30);
REM INSERTING into LJB_PROJECTORS.REGION
SET DEFINE OFF;
Insert into LJB_PROJECTORS.REGION (REGION_NO,REGION_NAME) values (1,'서울특별시');
Insert into LJB_PROJECTORS.REGION (REGION_NO,REGION_NAME) values (2,'경기도');
Insert into LJB_PROJECTORS.REGION (REGION_NO,REGION_NAME) values (3,'인천광역시');
Insert into LJB_PROJECTORS.REGION (REGION_NO,REGION_NAME) values (4,'부산광역시');
Insert into LJB_PROJECTORS.REGION (REGION_NO,REGION_NAME) values (5,'대구광역시');
Insert into LJB_PROJECTORS.REGION (REGION_NO,REGION_NAME) values (6,'광주광역시');
Insert into LJB_PROJECTORS.REGION (REGION_NO,REGION_NAME) values (7,'대전광역시');
Insert into LJB_PROJECTORS.REGION (REGION_NO,REGION_NAME) values (8,'울산광역시');
Insert into LJB_PROJECTORS.REGION (REGION_NO,REGION_NAME) values (9,'세종특별시');
Insert into LJB_PROJECTORS.REGION (REGION_NO,REGION_NAME) values (10,'강원도');
Insert into LJB_PROJECTORS.REGION (REGION_NO,REGION_NAME) values (11,'경상남도');
Insert into LJB_PROJECTORS.REGION (REGION_NO,REGION_NAME) values (12,'경상북도');
Insert into LJB_PROJECTORS.REGION (REGION_NO,REGION_NAME) values (13,'전라남도');
Insert into LJB_PROJECTORS.REGION (REGION_NO,REGION_NAME) values (14,'전라북도');
Insert into LJB_PROJECTORS.REGION (REGION_NO,REGION_NAME) values (15,'충청남도');
Insert into LJB_PROJECTORS.REGION (REGION_NO,REGION_NAME) values (16,'충청북도');
Insert into LJB_PROJECTORS.REGION (REGION_NO,REGION_NAME) values (17,'제주특별자치도');
REM INSERTING into LJB_PROJECTORS.REGULATION
SET DEFINE OFF;
Insert into LJB_PROJECTORS.REGULATION (REGU_NO,CONTENT) values (0,'보류');
Insert into LJB_PROJECTORS.REGULATION (REGU_NO,CONTENT) values (1,'성희롱');
Insert into LJB_PROJECTORS.REGULATION (REGU_NO,CONTENT) values (2,'음란물');
Insert into LJB_PROJECTORS.REGULATION (REGU_NO,CONTENT) values (3,'욕설');
Insert into LJB_PROJECTORS.REGULATION (REGU_NO,CONTENT) values (4,'광고');
Insert into LJB_PROJECTORS.REGULATION (REGU_NO,CONTENT) values (5,'도배');
Insert into LJB_PROJECTORS.REGULATION (REGU_NO,CONTENT) values (6,'유해한 행위(자해 및 자살 등)');
Insert into LJB_PROJECTORS.REGULATION (REGU_NO,CONTENT) values (7,'사기성 행위');
Insert into LJB_PROJECTORS.REGULATION (REGU_NO,CONTENT) values (8,'부적절한 콘텐츠');
Insert into LJB_PROJECTORS.REGULATION (REGU_NO,CONTENT) values (9,'기타');
REM INSERTING into LJB_PROJECTORS.REGULATION_PERIOD
SET DEFINE OFF;
Insert into LJB_PROJECTORS.REGULATION_PERIOD (REGU_PERIOD_NO,PERIOD) values (0,0);
Insert into LJB_PROJECTORS.REGULATION_PERIOD (REGU_PERIOD_NO,PERIOD) values (1,7);
Insert into LJB_PROJECTORS.REGULATION_PERIOD (REGU_PERIOD_NO,PERIOD) values (2,14);
Insert into LJB_PROJECTORS.REGULATION_PERIOD (REGU_PERIOD_NO,PERIOD) values (3,73000);
REM INSERTING into LJB_PROJECTORS.REPORT_APPLY
SET DEFINE OFF;
Insert into LJB_PROJECTORS.REPORT_APPLY (REP_APPLY_NO,APPLY_NO,PIN_NO,CREATED_DATE,REP_REASON_NO) values ('REPA1','AP14','UP2',to_date('23/08/14','RR/MM/DD'),1);
REM INSERTING into LJB_PROJECTORS.REPORT_COMM
SET DEFINE OFF;
Insert into LJB_PROJECTORS.REPORT_COMM (REP_COMM_NO,COMM_NO,PIN_NO,REP_DATE,REP_REASON_NO) values (1,3,'UP13',to_date('23/08/09','RR/MM/DD'),2);
Insert into LJB_PROJECTORS.REPORT_COMM (REP_COMM_NO,COMM_NO,PIN_NO,REP_DATE,REP_REASON_NO) values (2,3,'UP13',to_date('23/08/09','RR/MM/DD'),2);
Insert into LJB_PROJECTORS.REPORT_COMM (REP_COMM_NO,COMM_NO,PIN_NO,REP_DATE,REP_REASON_NO) values (3,3,'UP13',to_date('23/08/09','RR/MM/DD'),2);
Insert into LJB_PROJECTORS.REPORT_COMM (REP_COMM_NO,COMM_NO,PIN_NO,REP_DATE,REP_REASON_NO) values (4,1,'UP3',to_date('23/08/14','RR/MM/DD'),1);
REM INSERTING into LJB_PROJECTORS.REPORT_NOTE
SET DEFINE OFF;
Insert into LJB_PROJECTORS.REPORT_NOTE (REP_NOTE_NO,NOTE_NO,PIN_NO,REP_REASON_NO,CREATED_DATE) values ('REPN1','NN1','UP15',1,to_date('23/08/14','RR/MM/DD'));
REM INSERTING into LJB_PROJECTORS.REPORT_PRJ
SET DEFINE OFF;
REM INSERTING into LJB_PROJECTORS.REPORT_REASON
SET DEFINE OFF;
Insert into LJB_PROJECTORS.REPORT_REASON (REP_REASON_NO,REASON) values (1,'부적절한 언어 사용');
Insert into LJB_PROJECTORS.REPORT_REASON (REP_REASON_NO,REASON) values (2,'저작권 침해');
Insert into LJB_PROJECTORS.REPORT_REASON (REP_REASON_NO,REASON) values (3,'도배 및 광고');
Insert into LJB_PROJECTORS.REPORT_REASON (REP_REASON_NO,REASON) values (4,'개인정보 침해');
Insert into LJB_PROJECTORS.REPORT_REASON (REP_REASON_NO,REASON) values (5,'허위사실유포');
REM INSERTING into LJB_PROJECTORS.REPORT_RESULT
SET DEFINE OFF;
Insert into LJB_PROJECTORS.REPORT_RESULT (REP_RESULT_NO,RESULT) values (1,'처리');
Insert into LJB_PROJECTORS.REPORT_RESULT (REP_RESULT_NO,RESULT) values (0,'반려');
REM INSERTING into LJB_PROJECTORS.REP_APPLY_RESULT
SET DEFINE OFF;
REM INSERTING into LJB_PROJECTORS.REP_COMM_RESULT
SET DEFINE OFF;
REM INSERTING into LJB_PROJECTORS.REP_NOTE_RESULT
SET DEFINE OFF;
REM INSERTING into LJB_PROJECTORS.REP_PRJ_REASON
SET DEFINE OFF;
Insert into LJB_PROJECTORS.REP_PRJ_REASON (REP_REASON_NO,REP_REASON) values (2,'스팸 및 광고');
Insert into LJB_PROJECTORS.REP_PRJ_REASON (REP_REASON_NO,REP_REASON) values (3,'부당한 운영방식');
Insert into LJB_PROJECTORS.REP_PRJ_REASON (REP_REASON_NO,REP_REASON) values (4,'법적문제');
Insert into LJB_PROJECTORS.REP_PRJ_REASON (REP_REASON_NO,REP_REASON) values (5,'비방 및 명예훼손');
Insert into LJB_PROJECTORS.REP_PRJ_REASON (REP_REASON_NO,REP_REASON) values (1,'부적절한 콘텐츠');
REM INSERTING into LJB_PROJECTORS.REP_RECRUIT
SET DEFINE OFF;
Insert into LJB_PROJECTORS.REP_RECRUIT (REP_RECRUIT_NO,RECRUIT_NO,PIN_NO,CREATED_DATE,REP_REASON_NO) values ('REPR2','RC8','UP5',to_date('23/08/07','RR/MM/DD'),1);
Insert into LJB_PROJECTORS.REP_RECRUIT (REP_RECRUIT_NO,RECRUIT_NO,PIN_NO,CREATED_DATE,REP_REASON_NO) values ('RERP3','RC5','UP18',to_date('23/08/09','RR/MM/DD'),3);
Insert into LJB_PROJECTORS.REP_RECRUIT (REP_RECRUIT_NO,RECRUIT_NO,PIN_NO,CREATED_DATE,REP_REASON_NO) values ('REPR6','RC15','UP26',to_date('23/08/15','RR/MM/DD'),5);
Insert into LJB_PROJECTORS.REP_RECRUIT (REP_RECRUIT_NO,RECRUIT_NO,PIN_NO,CREATED_DATE,REP_REASON_NO) values ('REPR9','RC13','UP26',to_date('23/08/15','RR/MM/DD'),5);
Insert into LJB_PROJECTORS.REP_RECRUIT (REP_RECRUIT_NO,RECRUIT_NO,PIN_NO,CREATED_DATE,REP_REASON_NO) values ('REPR10','RC13','UP26',to_date('23/08/15','RR/MM/DD'),4);
Insert into LJB_PROJECTORS.REP_RECRUIT (REP_RECRUIT_NO,RECRUIT_NO,PIN_NO,CREATED_DATE,REP_REASON_NO) values ('REPR5','RC13','UP2',to_date('23/08/14','RR/MM/DD'),2);
Insert into LJB_PROJECTORS.REP_RECRUIT (REP_RECRUIT_NO,RECRUIT_NO,PIN_NO,CREATED_DATE,REP_REASON_NO) values ('REPR7','RC13','UP26',to_date('23/08/15','RR/MM/DD'),2);
Insert into LJB_PROJECTORS.REP_RECRUIT (REP_RECRUIT_NO,RECRUIT_NO,PIN_NO,CREATED_DATE,REP_REASON_NO) values ('REPR8','RC13','UP26',to_date('23/08/15','RR/MM/DD'),5);
Insert into LJB_PROJECTORS.REP_RECRUIT (REP_RECRUIT_NO,RECRUIT_NO,PIN_NO,CREATED_DATE,REP_REASON_NO) values ('REPR11','RC13','UP26',to_date('23/08/15','RR/MM/DD'),2);
Insert into LJB_PROJECTORS.REP_RECRUIT (REP_RECRUIT_NO,RECRUIT_NO,PIN_NO,CREATED_DATE,REP_REASON_NO) values ('REPR12','RC13','UP26',to_date('23/08/15','RR/MM/DD'),5);
Insert into LJB_PROJECTORS.REP_RECRUIT (REP_RECRUIT_NO,RECRUIT_NO,PIN_NO,CREATED_DATE,REP_REASON_NO) values ('REPR13','RC13','UP26',to_date('23/08/15','RR/MM/DD'),4);
Insert into LJB_PROJECTORS.REP_RECRUIT (REP_RECRUIT_NO,RECRUIT_NO,PIN_NO,CREATED_DATE,REP_REASON_NO) values ('REPR14','RC13','UP26',to_date('23/08/15','RR/MM/DD'),4);
Insert into LJB_PROJECTORS.REP_RECRUIT (REP_RECRUIT_NO,RECRUIT_NO,PIN_NO,CREATED_DATE,REP_REASON_NO) values ('REPR1','RC7','UP18',to_date('23/08/07','RR/MM/DD'),1);
Insert into LJB_PROJECTORS.REP_RECRUIT (REP_RECRUIT_NO,RECRUIT_NO,PIN_NO,CREATED_DATE,REP_REASON_NO) values ('REPR4','RC8','UP1',to_date('23/08/14','RR/MM/DD'),5);
Insert into LJB_PROJECTORS.REP_RECRUIT (REP_RECRUIT_NO,RECRUIT_NO,PIN_NO,CREATED_DATE,REP_REASON_NO) values ('REPR15','RC24','UP16',to_date('23/09/02','RR/MM/DD'),2);
REM INSERTING into LJB_PROJECTORS.REP_RECRUIT_RESULT
SET DEFINE OFF;
Insert into LJB_PROJECTORS.REP_RECRUIT_RESULT (RECRUIT_RESULT_NO,REP_RECRUIT_NO,REP_RESULT_NO,REGU_NO,REGU_PERIOD_NO,PIN_NO,REGU_DATE) values ('RESR25','REPR6',1,8,1,'UP16',to_date('23/08/17','RR/MM/DD'));
Insert into LJB_PROJECTORS.REP_RECRUIT_RESULT (RECRUIT_RESULT_NO,REP_RECRUIT_NO,REP_RESULT_NO,REGU_NO,REGU_PERIOD_NO,PIN_NO,REGU_DATE) values ('RESR8','RERP3',0,0,0,'UP16',to_date('23/08/10','RR/MM/DD'));
Insert into LJB_PROJECTORS.REP_RECRUIT_RESULT (RECRUIT_RESULT_NO,REP_RECRUIT_NO,REP_RESULT_NO,REGU_NO,REGU_PERIOD_NO,PIN_NO,REGU_DATE) values ('RESR10','REPR4',1,2,3,'UP16',to_date('23/08/16','RR/MM/DD'));
Insert into LJB_PROJECTORS.REP_RECRUIT_RESULT (RECRUIT_RESULT_NO,REP_RECRUIT_NO,REP_RESULT_NO,REGU_NO,REGU_PERIOD_NO,PIN_NO,REGU_DATE) values ('RESR24','REPR2',1,9,1,'UP16',to_date('23/08/17','RR/MM/DD'));
Insert into LJB_PROJECTORS.REP_RECRUIT_RESULT (RECRUIT_RESULT_NO,REP_RECRUIT_NO,REP_RESULT_NO,REGU_NO,REGU_PERIOD_NO,PIN_NO,REGU_DATE) values ('RESR1','REPR1',1,8,3,'UP17',to_date('23/08/07','RR/MM/DD'));
REM INSERTING into LJB_PROJECTORS.SPACE_NOTICE
SET DEFINE OFF;
Insert into LJB_PROJECTORS.SPACE_NOTICE (SPACE_NOTICE_NO,PRJ_NO,TITLE,CONTENT,CREATED_DATE) values ('SN86','PJ1','24번째 공지','공지',to_date('23/08/30','RR/MM/DD'));
Insert into LJB_PROJECTORS.SPACE_NOTICE (SPACE_NOTICE_NO,PRJ_NO,TITLE,CONTENT,CREATED_DATE) values ('SN82','PJ1','진짜 공지공지에요','히히 또 속았죠?',to_date('23/08/16','RR/MM/DD'));
Insert into LJB_PROJECTORS.SPACE_NOTICE (SPACE_NOTICE_NO,PRJ_NO,TITLE,CONTENT,CREATED_DATE) values ('SN80','PJ1','공지입니다.','뻥입니다.',to_date('23/08/16','RR/MM/DD'));
Insert into LJB_PROJECTORS.SPACE_NOTICE (SPACE_NOTICE_NO,PRJ_NO,TITLE,CONTENT,CREATED_DATE) values ('SN81','PJ1','정말 공지합니다.','뻥뻥입니당',to_date('23/08/16','RR/MM/DD'));
Insert into LJB_PROJECTORS.SPACE_NOTICE (SPACE_NOTICE_NO,PRJ_NO,TITLE,CONTENT,CREATED_DATE) values ('SN59','PJ1','그라운드 룰 공지 및 첫 회의','안녕하세요. 첫 공지입니다. 제가 미리 정한 룰은 회의를 통해 변경할 수 있으니 의견이 있으시면..',to_date('23/08/11','RR/MM/DD'));
Insert into LJB_PROJECTORS.SPACE_NOTICE (SPACE_NOTICE_NO,PRJ_NO,TITLE,CONTENT,CREATED_DATE) values ('SN60','PJ1','정기 회의 2회차 안내','안녕하세요. 벌써 새로운 한 주가 시작되었네요! 지난 회의때 미결된 안은 XXX..이며..',to_date('23/08/11','RR/MM/DD'));
Insert into LJB_PROJECTORS.SPACE_NOTICE (SPACE_NOTICE_NO,PRJ_NO,TITLE,CONTENT,CREATED_DATE) values ('SN61','PJ1','정기 회의 3회차 안내','안녕하세요. 벌써 새로운 한 주가 시작되었네요! 지난 회의때 미결된 안은 XXX..이며..',to_date('23/08/11','RR/MM/DD'));
Insert into LJB_PROJECTORS.SPACE_NOTICE (SPACE_NOTICE_NO,PRJ_NO,TITLE,CONTENT,CREATED_DATE) values ('SN62','PJ1','정기 회의 4회차 안내','안녕하세요. 벌써 새로운 한 주가 시작되었네요! 지난 회의때 미결된 안은 XXX..이며..',to_date('23/08/11','RR/MM/DD'));
Insert into LJB_PROJECTORS.SPACE_NOTICE (SPACE_NOTICE_NO,PRJ_NO,TITLE,CONTENT,CREATED_DATE) values ('SN63','PJ1','정기 회의 5회차 안내','안녕하세요. 벌써 새로운 한 주가 시작되었네요! 지난 회의때 미결된 안은 XXX..이며..',to_date('23/08/11','RR/MM/DD'));
Insert into LJB_PROJECTORS.SPACE_NOTICE (SPACE_NOTICE_NO,PRJ_NO,TITLE,CONTENT,CREATED_DATE) values ('SN64','PJ1','정기 회의 6회차 안내','안녕하세요. 벌써 새로운 한 주가 시작되었네요! 지난 회의때 미결된 안은 XXX..이며..',to_date('23/08/11','RR/MM/DD'));
Insert into LJB_PROJECTORS.SPACE_NOTICE (SPACE_NOTICE_NO,PRJ_NO,TITLE,CONTENT,CREATED_DATE) values ('SN65','PJ1','정기 회의 7회차 안내','안녕하세요. 벌써 새로운 한 주가 시작되었네요! 지난 회의때 미결된 안은 XXX..이며..',to_date('23/08/11','RR/MM/DD'));
Insert into LJB_PROJECTORS.SPACE_NOTICE (SPACE_NOTICE_NO,PRJ_NO,TITLE,CONTENT,CREATED_DATE) values ('SN66','PJ1','정기 회의 8회차 안내','안녕하세요. 벌써 새로운 한 주가 시작되었네요! 지난 회의때 미결된 안은 XXX..이며..',to_date('23/08/11','RR/MM/DD'));
Insert into LJB_PROJECTORS.SPACE_NOTICE (SPACE_NOTICE_NO,PRJ_NO,TITLE,CONTENT,CREATED_DATE) values ('SN67','PJ1','정기 회의 9회차 안내','안녕하세요. 벌써 새로운 한 주가 시작되었네요! 지난 회의때 미결된 안은 XXX..이며..',to_date('23/08/11','RR/MM/DD'));
Insert into LJB_PROJECTORS.SPACE_NOTICE (SPACE_NOTICE_NO,PRJ_NO,TITLE,CONTENT,CREATED_DATE) values ('SN68','PJ1','정기 회의 10회차 안내','안녕하세요. 벌써 새로운 한 주가 시작되었네요! 지난 회의때 미결된 안은 XXX..이며..',to_date('23/08/11','RR/MM/DD'));
Insert into LJB_PROJECTORS.SPACE_NOTICE (SPACE_NOTICE_NO,PRJ_NO,TITLE,CONTENT,CREATED_DATE) values ('SN69','PJ1','정기 회의 11회차 안내','안녕하세요. 벌써 새로운 한 주가 시작되었네요! 지난 회의때 미결된 안은 XXX..이며..',to_date('23/08/11','RR/MM/DD'));
Insert into LJB_PROJECTORS.SPACE_NOTICE (SPACE_NOTICE_NO,PRJ_NO,TITLE,CONTENT,CREATED_DATE) values ('SN70','PJ1','정기 회의 12회차 안내','안녕하세요. 벌써 새로운 한 주가 시작되었네요! 지난 회의때 미결된 안은 XXX..이며..ㅇㅇ',to_date('23/08/11','RR/MM/DD'));
Insert into LJB_PROJECTORS.SPACE_NOTICE (SPACE_NOTICE_NO,PRJ_NO,TITLE,CONTENT,CREATED_DATE) values ('SN71','PJ1','정기 회의 13회차 안내','안녕하세요. 벌써 새로운 한 주가 시작되었네요! 지난 회의때 미결된 안은 XXX..이며..',to_date('23/08/11','RR/MM/DD'));
Insert into LJB_PROJECTORS.SPACE_NOTICE (SPACE_NOTICE_NO,PRJ_NO,TITLE,CONTENT,CREATED_DATE) values ('SN72','PJ1','정기 회의 14회차 안내','안녕하세요. 벌써 새로운 한 주가 시작되었네요! 지난 회의때 미결된 안은 XXX..이며..',to_date('23/08/11','RR/MM/DD'));
Insert into LJB_PROJECTORS.SPACE_NOTICE (SPACE_NOTICE_NO,PRJ_NO,TITLE,CONTENT,CREATED_DATE) values ('SN73','PJ1','정기 회의 15회차 안내','안녕하세요. 벌써 새로운 한 주가 시작되었네요! 지난 회의때 미결된 안은 XXX..이며..',to_date('23/08/11','RR/MM/DD'));
Insert into LJB_PROJECTORS.SPACE_NOTICE (SPACE_NOTICE_NO,PRJ_NO,TITLE,CONTENT,CREATED_DATE) values ('SN74','PJ1','정기 회의 16회차 안내','안녕하세요. 벌써 새로운 한 주가 시작되었네요! 지난 회의때 미결된 안은 XXX..이며..',to_date('23/08/11','RR/MM/DD'));
Insert into LJB_PROJECTORS.SPACE_NOTICE (SPACE_NOTICE_NO,PRJ_NO,TITLE,CONTENT,CREATED_DATE) values ('SN83','PJ1','작성 테스트','이것은 공지다',to_date('23/08/30','RR/MM/DD'));
Insert into LJB_PROJECTORS.SPACE_NOTICE (SPACE_NOTICE_NO,PRJ_NO,TITLE,CONTENT,CREATED_DATE) values ('SN84','PJ1','작성테스트','머시여',to_date('23/08/30','RR/MM/DD'));
Insert into LJB_PROJECTORS.SPACE_NOTICE (SPACE_NOTICE_NO,PRJ_NO,TITLE,CONTENT,CREATED_DATE) values ('SN85','PJ1','왜 안나와용?','어이없네',to_date('23/08/30','RR/MM/DD'));
Insert into LJB_PROJECTORS.SPACE_NOTICE (SPACE_NOTICE_NO,PRJ_NO,TITLE,CONTENT,CREATED_DATE) values ('SN87','PJ1','25번째 공지..','으아아아',to_date('23/08/30','RR/MM/DD'));
REM INSERTING into LJB_PROJECTORS.SUB_REGION
SET DEFINE OFF;
Insert into LJB_PROJECTORS.SUB_REGION (SUB_REGION_NO,REGION_NO,SUB_REGION_NAME) values (991,1,'전체');
Insert into LJB_PROJECTORS.SUB_REGION (SUB_REGION_NO,REGION_NO,SUB_REGION_NAME) values (993,3,'전체');
Insert into LJB_PROJECTORS.SUB_REGION (SUB_REGION_NO,REGION_NO,SUB_REGION_NAME) values (994,4,'전체');
Insert into LJB_PROJECTORS.SUB_REGION (SUB_REGION_NO,REGION_NO,SUB_REGION_NAME) values (995,5,'전체');
Insert into LJB_PROJECTORS.SUB_REGION (SUB_REGION_NO,REGION_NO,SUB_REGION_NAME) values (996,6,'전체');
Insert into LJB_PROJECTORS.SUB_REGION (SUB_REGION_NO,REGION_NO,SUB_REGION_NAME) values (997,7,'전체');
Insert into LJB_PROJECTORS.SUB_REGION (SUB_REGION_NO,REGION_NO,SUB_REGION_NAME) values (998,8,'전체');
Insert into LJB_PROJECTORS.SUB_REGION (SUB_REGION_NO,REGION_NO,SUB_REGION_NAME) values (999,9,'전체');
Insert into LJB_PROJECTORS.SUB_REGION (SUB_REGION_NO,REGION_NO,SUB_REGION_NAME) values (1,2,'고양시');
Insert into LJB_PROJECTORS.SUB_REGION (SUB_REGION_NO,REGION_NO,SUB_REGION_NAME) values (2,2,'과천시');
Insert into LJB_PROJECTORS.SUB_REGION (SUB_REGION_NO,REGION_NO,SUB_REGION_NAME) values (3,2,'광명시');
Insert into LJB_PROJECTORS.SUB_REGION (SUB_REGION_NO,REGION_NO,SUB_REGION_NAME) values (4,2,'광주시');
Insert into LJB_PROJECTORS.SUB_REGION (SUB_REGION_NO,REGION_NO,SUB_REGION_NAME) values (5,2,'구리시');
Insert into LJB_PROJECTORS.SUB_REGION (SUB_REGION_NO,REGION_NO,SUB_REGION_NAME) values (6,2,'군포시');
Insert into LJB_PROJECTORS.SUB_REGION (SUB_REGION_NO,REGION_NO,SUB_REGION_NAME) values (7,2,'남양주');
Insert into LJB_PROJECTORS.SUB_REGION (SUB_REGION_NO,REGION_NO,SUB_REGION_NAME) values (8,2,'동두천');
Insert into LJB_PROJECTORS.SUB_REGION (SUB_REGION_NO,REGION_NO,SUB_REGION_NAME) values (9,2,'부천시');
Insert into LJB_PROJECTORS.SUB_REGION (SUB_REGION_NO,REGION_NO,SUB_REGION_NAME) values (10,2,'성남시');
Insert into LJB_PROJECTORS.SUB_REGION (SUB_REGION_NO,REGION_NO,SUB_REGION_NAME) values (11,2,'수원시');
Insert into LJB_PROJECTORS.SUB_REGION (SUB_REGION_NO,REGION_NO,SUB_REGION_NAME) values (12,2,'시흥시');
Insert into LJB_PROJECTORS.SUB_REGION (SUB_REGION_NO,REGION_NO,SUB_REGION_NAME) values (13,2,'안산시');
Insert into LJB_PROJECTORS.SUB_REGION (SUB_REGION_NO,REGION_NO,SUB_REGION_NAME) values (14,2,'안성시');
Insert into LJB_PROJECTORS.SUB_REGION (SUB_REGION_NO,REGION_NO,SUB_REGION_NAME) values (15,2,'안양시');
Insert into LJB_PROJECTORS.SUB_REGION (SUB_REGION_NO,REGION_NO,SUB_REGION_NAME) values (16,2,'양주시');
Insert into LJB_PROJECTORS.SUB_REGION (SUB_REGION_NO,REGION_NO,SUB_REGION_NAME) values (17,2,'여주시');
Insert into LJB_PROJECTORS.SUB_REGION (SUB_REGION_NO,REGION_NO,SUB_REGION_NAME) values (18,2,'오산시');
Insert into LJB_PROJECTORS.SUB_REGION (SUB_REGION_NO,REGION_NO,SUB_REGION_NAME) values (19,2,'용인시');
Insert into LJB_PROJECTORS.SUB_REGION (SUB_REGION_NO,REGION_NO,SUB_REGION_NAME) values (20,2,'의왕시');
Insert into LJB_PROJECTORS.SUB_REGION (SUB_REGION_NO,REGION_NO,SUB_REGION_NAME) values (21,2,'의정부시');
Insert into LJB_PROJECTORS.SUB_REGION (SUB_REGION_NO,REGION_NO,SUB_REGION_NAME) values (22,2,'이천시');
Insert into LJB_PROJECTORS.SUB_REGION (SUB_REGION_NO,REGION_NO,SUB_REGION_NAME) values (23,2,'파주시');
Insert into LJB_PROJECTORS.SUB_REGION (SUB_REGION_NO,REGION_NO,SUB_REGION_NAME) values (24,2,'평택시');
Insert into LJB_PROJECTORS.SUB_REGION (SUB_REGION_NO,REGION_NO,SUB_REGION_NAME) values (25,2,'포천시');
Insert into LJB_PROJECTORS.SUB_REGION (SUB_REGION_NO,REGION_NO,SUB_REGION_NAME) values (26,2,'하남시');
Insert into LJB_PROJECTORS.SUB_REGION (SUB_REGION_NO,REGION_NO,SUB_REGION_NAME) values (27,2,'화성시');
Insert into LJB_PROJECTORS.SUB_REGION (SUB_REGION_NO,REGION_NO,SUB_REGION_NAME) values (28,10,'강릉시');
Insert into LJB_PROJECTORS.SUB_REGION (SUB_REGION_NO,REGION_NO,SUB_REGION_NAME) values (29,10,'동해시');
Insert into LJB_PROJECTORS.SUB_REGION (SUB_REGION_NO,REGION_NO,SUB_REGION_NAME) values (30,10,'삼척시');
Insert into LJB_PROJECTORS.SUB_REGION (SUB_REGION_NO,REGION_NO,SUB_REGION_NAME) values (31,10,'속초시');
Insert into LJB_PROJECTORS.SUB_REGION (SUB_REGION_NO,REGION_NO,SUB_REGION_NAME) values (32,10,'원주시');
Insert into LJB_PROJECTORS.SUB_REGION (SUB_REGION_NO,REGION_NO,SUB_REGION_NAME) values (33,10,'춘천시');
Insert into LJB_PROJECTORS.SUB_REGION (SUB_REGION_NO,REGION_NO,SUB_REGION_NAME) values (34,10,'태백시');
Insert into LJB_PROJECTORS.SUB_REGION (SUB_REGION_NO,REGION_NO,SUB_REGION_NAME) values (35,11,'거제시');
Insert into LJB_PROJECTORS.SUB_REGION (SUB_REGION_NO,REGION_NO,SUB_REGION_NAME) values (36,11,'김해시');
Insert into LJB_PROJECTORS.SUB_REGION (SUB_REGION_NO,REGION_NO,SUB_REGION_NAME) values (37,11,'밀양시');
Insert into LJB_PROJECTORS.SUB_REGION (SUB_REGION_NO,REGION_NO,SUB_REGION_NAME) values (38,11,'사천시');
Insert into LJB_PROJECTORS.SUB_REGION (SUB_REGION_NO,REGION_NO,SUB_REGION_NAME) values (39,11,'양산시');
Insert into LJB_PROJECTORS.SUB_REGION (SUB_REGION_NO,REGION_NO,SUB_REGION_NAME) values (40,11,'진주시');
Insert into LJB_PROJECTORS.SUB_REGION (SUB_REGION_NO,REGION_NO,SUB_REGION_NAME) values (41,11,'창원시');
Insert into LJB_PROJECTORS.SUB_REGION (SUB_REGION_NO,REGION_NO,SUB_REGION_NAME) values (42,11,'통영시');
Insert into LJB_PROJECTORS.SUB_REGION (SUB_REGION_NO,REGION_NO,SUB_REGION_NAME) values (43,12,'경산시');
Insert into LJB_PROJECTORS.SUB_REGION (SUB_REGION_NO,REGION_NO,SUB_REGION_NAME) values (44,12,'경주시');
Insert into LJB_PROJECTORS.SUB_REGION (SUB_REGION_NO,REGION_NO,SUB_REGION_NAME) values (45,12,'구미시');
Insert into LJB_PROJECTORS.SUB_REGION (SUB_REGION_NO,REGION_NO,SUB_REGION_NAME) values (46,12,'김천시');
Insert into LJB_PROJECTORS.SUB_REGION (SUB_REGION_NO,REGION_NO,SUB_REGION_NAME) values (47,12,'문경시');
Insert into LJB_PROJECTORS.SUB_REGION (SUB_REGION_NO,REGION_NO,SUB_REGION_NAME) values (48,12,'상주시');
Insert into LJB_PROJECTORS.SUB_REGION (SUB_REGION_NO,REGION_NO,SUB_REGION_NAME) values (49,12,'안동시');
Insert into LJB_PROJECTORS.SUB_REGION (SUB_REGION_NO,REGION_NO,SUB_REGION_NAME) values (50,12,'영주시');
Insert into LJB_PROJECTORS.SUB_REGION (SUB_REGION_NO,REGION_NO,SUB_REGION_NAME) values (51,12,'영천시');
Insert into LJB_PROJECTORS.SUB_REGION (SUB_REGION_NO,REGION_NO,SUB_REGION_NAME) values (52,12,'포항시');
Insert into LJB_PROJECTORS.SUB_REGION (SUB_REGION_NO,REGION_NO,SUB_REGION_NAME) values (53,13,'광양시');
Insert into LJB_PROJECTORS.SUB_REGION (SUB_REGION_NO,REGION_NO,SUB_REGION_NAME) values (54,13,'나주시');
Insert into LJB_PROJECTORS.SUB_REGION (SUB_REGION_NO,REGION_NO,SUB_REGION_NAME) values (55,13,'목포시');
Insert into LJB_PROJECTORS.SUB_REGION (SUB_REGION_NO,REGION_NO,SUB_REGION_NAME) values (56,13,'순천시');
Insert into LJB_PROJECTORS.SUB_REGION (SUB_REGION_NO,REGION_NO,SUB_REGION_NAME) values (57,13,'여수시');
Insert into LJB_PROJECTORS.SUB_REGION (SUB_REGION_NO,REGION_NO,SUB_REGION_NAME) values (58,14,'군산시');
Insert into LJB_PROJECTORS.SUB_REGION (SUB_REGION_NO,REGION_NO,SUB_REGION_NAME) values (59,14,'김제시');
Insert into LJB_PROJECTORS.SUB_REGION (SUB_REGION_NO,REGION_NO,SUB_REGION_NAME) values (60,14,'남원시');
Insert into LJB_PROJECTORS.SUB_REGION (SUB_REGION_NO,REGION_NO,SUB_REGION_NAME) values (61,14,'익산시');
Insert into LJB_PROJECTORS.SUB_REGION (SUB_REGION_NO,REGION_NO,SUB_REGION_NAME) values (62,14,'전주시');
Insert into LJB_PROJECTORS.SUB_REGION (SUB_REGION_NO,REGION_NO,SUB_REGION_NAME) values (63,14,'정읍시');
Insert into LJB_PROJECTORS.SUB_REGION (SUB_REGION_NO,REGION_NO,SUB_REGION_NAME) values (64,15,'개룡시');
Insert into LJB_PROJECTORS.SUB_REGION (SUB_REGION_NO,REGION_NO,SUB_REGION_NAME) values (65,15,'공주시');
Insert into LJB_PROJECTORS.SUB_REGION (SUB_REGION_NO,REGION_NO,SUB_REGION_NAME) values (66,15,'논산시');
Insert into LJB_PROJECTORS.SUB_REGION (SUB_REGION_NO,REGION_NO,SUB_REGION_NAME) values (67,15,'당진시');
Insert into LJB_PROJECTORS.SUB_REGION (SUB_REGION_NO,REGION_NO,SUB_REGION_NAME) values (68,15,'보령시');
Insert into LJB_PROJECTORS.SUB_REGION (SUB_REGION_NO,REGION_NO,SUB_REGION_NAME) values (69,15,'서산시');
Insert into LJB_PROJECTORS.SUB_REGION (SUB_REGION_NO,REGION_NO,SUB_REGION_NAME) values (70,15,'아산시');
Insert into LJB_PROJECTORS.SUB_REGION (SUB_REGION_NO,REGION_NO,SUB_REGION_NAME) values (71,15,'천안시');
Insert into LJB_PROJECTORS.SUB_REGION (SUB_REGION_NO,REGION_NO,SUB_REGION_NAME) values (72,16,'제천시');
Insert into LJB_PROJECTORS.SUB_REGION (SUB_REGION_NO,REGION_NO,SUB_REGION_NAME) values (73,16,'청주시');
Insert into LJB_PROJECTORS.SUB_REGION (SUB_REGION_NO,REGION_NO,SUB_REGION_NAME) values (74,16,'충주시');
Insert into LJB_PROJECTORS.SUB_REGION (SUB_REGION_NO,REGION_NO,SUB_REGION_NAME) values (75,17,'제주시');
Insert into LJB_PROJECTORS.SUB_REGION (SUB_REGION_NO,REGION_NO,SUB_REGION_NAME) values (76,17,'서귀포시');
REM INSERTING into LJB_PROJECTORS.TOOL
SET DEFINE OFF;
Insert into LJB_PROJECTORS.TOOL (TOOL_NO,TOOL_NAME) values (1,'JavaScript');
Insert into LJB_PROJECTORS.TOOL (TOOL_NO,TOOL_NAME) values (2,'Python');
Insert into LJB_PROJECTORS.TOOL (TOOL_NO,TOOL_NAME) values (3,'Java');
Insert into LJB_PROJECTORS.TOOL (TOOL_NO,TOOL_NAME) values (4,'C#');
Insert into LJB_PROJECTORS.TOOL (TOOL_NO,TOOL_NAME) values (5,'PHP');
Insert into LJB_PROJECTORS.TOOL (TOOL_NO,TOOL_NAME) values (6,'C++');
Insert into LJB_PROJECTORS.TOOL (TOOL_NO,TOOL_NAME) values (7,'Ruby');
Insert into LJB_PROJECTORS.TOOL (TOOL_NO,TOOL_NAME) values (8,'Swift');
Insert into LJB_PROJECTORS.TOOL (TOOL_NO,TOOL_NAME) values (9,'Kotlin');
Insert into LJB_PROJECTORS.TOOL (TOOL_NO,TOOL_NAME) values (10,'TypeScript');
Insert into LJB_PROJECTORS.TOOL (TOOL_NO,TOOL_NAME) values (11,'React');
Insert into LJB_PROJECTORS.TOOL (TOOL_NO,TOOL_NAME) values (12,'Angular');
Insert into LJB_PROJECTORS.TOOL (TOOL_NO,TOOL_NAME) values (13,'Vue.js');
Insert into LJB_PROJECTORS.TOOL (TOOL_NO,TOOL_NAME) values (14,'Django');
Insert into LJB_PROJECTORS.TOOL (TOOL_NO,TOOL_NAME) values (15,'Ruby on Rails');
Insert into LJB_PROJECTORS.TOOL (TOOL_NO,TOOL_NAME) values (16,'Spring Boot');
Insert into LJB_PROJECTORS.TOOL (TOOL_NO,TOOL_NAME) values (17,'Express.js');
Insert into LJB_PROJECTORS.TOOL (TOOL_NO,TOOL_NAME) values (18,'Flask');
Insert into LJB_PROJECTORS.TOOL (TOOL_NO,TOOL_NAME) values (19,'jQuery');
Insert into LJB_PROJECTORS.TOOL (TOOL_NO,TOOL_NAME) values (20,'TensorFlow');
Insert into LJB_PROJECTORS.TOOL (TOOL_NO,TOOL_NAME) values (21,'Visual Studio Code');
Insert into LJB_PROJECTORS.TOOL (TOOL_NO,TOOL_NAME) values (22,'Git');
Insert into LJB_PROJECTORS.TOOL (TOOL_NO,TOOL_NAME) values (23,'Docker');
Insert into LJB_PROJECTORS.TOOL (TOOL_NO,TOOL_NAME) values (24,'Node.js');
Insert into LJB_PROJECTORS.TOOL (TOOL_NO,TOOL_NAME) values (25,'Jupyter Notebook');
Insert into LJB_PROJECTORS.TOOL (TOOL_NO,TOOL_NAME) values (26,'Android Studio');
Insert into LJB_PROJECTORS.TOOL (TOOL_NO,TOOL_NAME) values (27,'Xcode');
Insert into LJB_PROJECTORS.TOOL (TOOL_NO,TOOL_NAME) values (28,'Eclipse');
Insert into LJB_PROJECTORS.TOOL (TOOL_NO,TOOL_NAME) values (29,'PostgreSQL');
Insert into LJB_PROJECTORS.TOOL (TOOL_NO,TOOL_NAME) values (30,'MySQL');
REM INSERTING into LJB_PROJECTORS.USERS
SET DEFINE OFF;
Insert into LJB_PROJECTORS.USERS (USER_NO,PIN_NO,ID,PW,NICKNAME,PHOTOURL) values ('US60','UP62','ll2@test.com','java0022','지원1','images/defaultPhoto.jpg');
Insert into LJB_PROJECTORS.USERS (USER_NO,PIN_NO,ID,PW,NICKNAME,PHOTOURL) values ('US61','UP63','ll3@test.com','java0022','지원2','images/defaultPhoto.jpg');
Insert into LJB_PROJECTORS.USERS (USER_NO,PIN_NO,ID,PW,NICKNAME,PHOTOURL) values ('US62','UP64','ll4@test.com','java0022','지원4','images/defaultPhoto.jpg');
Insert into LJB_PROJECTORS.USERS (USER_NO,PIN_NO,ID,PW,NICKNAME,PHOTOURL) values ('US67','UP69','모집해@test.com','java0022','모집해','images/defaultPhoto.jpg');
Insert into LJB_PROJECTORS.USERS (USER_NO,PIN_NO,ID,PW,NICKNAME,PHOTOURL) values ('US68','UP70','지원돌2@test.com','java0022','지원자','images/defaultPhoto.jpg');
Insert into LJB_PROJECTORS.USERS (USER_NO,PIN_NO,ID,PW,NICKNAME,PHOTOURL) values ('US1','UP1','doolahyeon@gmail.com','user0001','두라현','images/defaultPhoto.jpg');
Insert into LJB_PROJECTORS.USERS (USER_NO,PIN_NO,ID,PW,NICKNAME,PHOTOURL) values ('US2','UP2','sedahyeon@gmail.com','user0002','세다현','images/defaultPhoto.jpg');
Insert into LJB_PROJECTORS.USERS (USER_NO,PIN_NO,ID,PW,NICKNAME,PHOTOURL) values ('US3','UP3','nedahyeon@gmail.com','user0003','네다현','images/defaultPhoto.jpg');
Insert into LJB_PROJECTORS.USERS (USER_NO,PIN_NO,ID,PW,NICKNAME,PHOTOURL) values ('US4','UP4','ohahyeon@gmail.com','user0004','오아현','images/defaultPhoto.jpg');
Insert into LJB_PROJECTORS.USERS (USER_NO,PIN_NO,ID,PW,NICKNAME,PHOTOURL) values ('US5','UP5','ugahyeon@gmail.com','user0005','유가현','images/defaultPhoto.jpg');
Insert into LJB_PROJECTORS.USERS (USER_NO,PIN_NO,ID,PW,NICKNAME,PHOTOURL) values ('US6','UP6','도라에몽@naver.com','java002$','도라에몽','images/defaultPhoto.jpg');
Insert into LJB_PROJECTORS.USERS (USER_NO,PIN_NO,ID,PW,NICKNAME,PHOTOURL) values ('US7','UP7','노진구@naver.com','java002$','노진구','images/defaultPhoto.jpg');
Insert into LJB_PROJECTORS.USERS (USER_NO,PIN_NO,ID,PW,NICKNAME,PHOTOURL) values ('US8','UP8','비실이@naver.com','java002$','비실이','images/defaultPhoto.jpg');
Insert into LJB_PROJECTORS.USERS (USER_NO,PIN_NO,ID,PW,NICKNAME,PHOTOURL) values ('US9','UP9','퉁퉁이@naver.com','java002$','퉁퉁이','images/defaultPhoto.jpg');
Insert into LJB_PROJECTORS.USERS (USER_NO,PIN_NO,ID,PW,NICKNAME,PHOTOURL) values ('US10','UP10','이슬이@naver.com','java002$','이슬이','images/defaultPhoto.jpg');
Insert into LJB_PROJECTORS.USERS (USER_NO,PIN_NO,ID,PW,NICKNAME,PHOTOURL) values ('US11','UP11','test999@test.com','java002','김철수','images/defaultPhoto.jpg');
Insert into LJB_PROJECTORS.USERS (USER_NO,PIN_NO,ID,PW,NICKNAME,PHOTOURL) values ('US12','UP12','test998@test.com','java002','김영수','images/defaultPhoto.jpg');
Insert into LJB_PROJECTORS.USERS (USER_NO,PIN_NO,ID,PW,NICKNAME,PHOTOURL) values ('US13','UP13','test997@test.com','java002','김민수','images/defaultPhoto.jpg');
Insert into LJB_PROJECTORS.USERS (USER_NO,PIN_NO,ID,PW,NICKNAME,PHOTOURL) values ('US14','UP14','test996@test.com','java002','김민지','images/defaultPhoto.jpg');
Insert into LJB_PROJECTORS.USERS (USER_NO,PIN_NO,ID,PW,NICKNAME,PHOTOURL) values ('US15','UP15','test995@test.com','java002','이은정','images/defaultPhoto.jpg');
Insert into LJB_PROJECTORS.USERS (USER_NO,PIN_NO,ID,PW,NICKNAME,PHOTOURL) values ('US19','UP20','bad@naver.com','java002','나쁜사람','images/defaultPhoto.jpg');
Insert into LJB_PROJECTORS.USERS (USER_NO,PIN_NO,ID,PW,NICKNAME,PHOTOURL) values ('US49','UP51','이미지@test.com','java0022','스폰지','images/defaultPhoto.jpg');
Insert into LJB_PROJECTORS.USERS (USER_NO,PIN_NO,ID,PW,NICKNAME,PHOTOURL) values ('US55','UP57','god@test.com','java00222','갓대앰','images/defaultPhoto.jpg');
Insert into LJB_PROJECTORS.USERS (USER_NO,PIN_NO,ID,PW,NICKNAME,PHOTOURL) values ('US31','UP39','평가용@naver.com','java002','평가용','images/defaultPhoto.jpg');
Insert into LJB_PROJECTORS.USERS (USER_NO,PIN_NO,ID,PW,NICKNAME,PHOTOURL) values ('US56','UP58','user001@user.com','java0022','사과','images/defaultPhoto.jpg');
Insert into LJB_PROJECTORS.USERS (USER_NO,PIN_NO,ID,PW,NICKNAME,PHOTOURL) values ('US57','UP59','admin001@admin.com','java0022','관리자','images/defaultPhoto.jpg');
Insert into LJB_PROJECTORS.USERS (USER_NO,PIN_NO,ID,PW,NICKNAME,PHOTOURL) values ('US58','UP60','noprofile@test.com','java0022','프로필','images/defaultPhoto.jpg');
Insert into LJB_PROJECTORS.USERS (USER_NO,PIN_NO,ID,PW,NICKNAME,PHOTOURL) values ('US39','UP41','평가용1@naver.com','java002','평가용1','images/defaultPhoto.jpg');
Insert into LJB_PROJECTORS.USERS (USER_NO,PIN_NO,ID,PW,NICKNAME,PHOTOURL) values ('US40','UP42','평가용2@naver.com','java002','평가용2','images/defaultPhoto.jpg');
Insert into LJB_PROJECTORS.USERS (USER_NO,PIN_NO,ID,PW,NICKNAME,PHOTOURL) values ('US41','UP43','평가용3@naver.com','java002','평가용3','images/defaultPhoto.jpg');
Insert into LJB_PROJECTORS.USERS (USER_NO,PIN_NO,ID,PW,NICKNAME,PHOTOURL) values ('US42','UP44','평가용4@naver.com','java002','평가용4','images/defaultPhoto.jpg');
Insert into LJB_PROJECTORS.USERS (USER_NO,PIN_NO,ID,PW,NICKNAME,PHOTOURL) values ('US43','UP45','평가용5@naver.com','java002','평가용5','images/defaultPhoto.jpg');
Insert into LJB_PROJECTORS.USERS (USER_NO,PIN_NO,ID,PW,NICKNAME,PHOTOURL) values ('US44','UP46','평가용6@naver.com','java002','평가용6','images/defaultPhoto.jpg');
Insert into LJB_PROJECTORS.USERS (USER_NO,PIN_NO,ID,PW,NICKNAME,PHOTOURL) values ('US20','UP24','test994@test.com','java002','호랑이','images/defaultPhoto.jpg');
Insert into LJB_PROJECTORS.USERS (USER_NO,PIN_NO,ID,PW,NICKNAME,PHOTOURL) values ('US21','UP25','test993@test.com','java002','토끼','images/defaultPhoto.jpg');
Insert into LJB_PROJECTORS.USERS (USER_NO,PIN_NO,ID,PW,NICKNAME,PHOTOURL) values ('US22','UP26','test992@test.com','java002','사슴','images/defaultPhoto.jpg');
Insert into LJB_PROJECTORS.USERS (USER_NO,PIN_NO,ID,PW,NICKNAME,PHOTOURL) values ('US23','UP27','test991@test.com','java002','앵무새','images/defaultPhoto.jpg');
Insert into LJB_PROJECTORS.USERS (USER_NO,PIN_NO,ID,PW,NICKNAME,PHOTOURL) values ('US24','UP28','test990@test.com','java002','여우','images/defaultPhoto.jpg');
Insert into LJB_PROJECTORS.USERS (USER_NO,PIN_NO,ID,PW,NICKNAME,PHOTOURL) values ('US25','UP33','sbp1@naver.com','JAVA0022','스펀지죽','images/defaultPhoto.jpg');
Insert into LJB_PROJECTORS.USERS (USER_NO,PIN_NO,ID,PW,NICKNAME,PHOTOURL) values ('US26','UP34','asd@kkk.com','1234asdf','ㅁ','images/defaultPhoto.jpg');
Insert into LJB_PROJECTORS.USERS (USER_NO,PIN_NO,ID,PW,NICKNAME,PHOTOURL) values ('US27','UP35','sbp2@naver.com','1234asdf','1','images/defaultPhoto.jpg');
Insert into LJB_PROJECTORS.USERS (USER_NO,PIN_NO,ID,PW,NICKNAME,PHOTOURL) values ('US29','UP37','스폰지빔@naver.com','1234asdf','크ㅋ','images/defaultPhoto.jpg');
Insert into LJB_PROJECTORS.USERS (USER_NO,PIN_NO,ID,PW,NICKNAME,PHOTOURL) values ('US30','UP38','손흥민@korea.com','1212asas','손흥민','images/defaultPhoto.jpg');
Insert into LJB_PROJECTORS.USERS (USER_NO,PIN_NO,ID,PW,NICKNAME,PHOTOURL) values ('US46','UP48','test111@naver.com','java0022','테스투','images/defaultPhoto.jpg');
Insert into LJB_PROJECTORS.USERS (USER_NO,PIN_NO,ID,PW,NICKNAME,PHOTOURL) values ('US45','UP47','노프로필@naver.com','java002','노프로필','images/defaultPhoto.jpg');
Insert into LJB_PROJECTORS.USERS (USER_NO,PIN_NO,ID,PW,NICKNAME,PHOTOURL) values ('US47','UP49','둥근달@naver.com','java0022','사실해','images/defaultPhoto.jpg');
Insert into LJB_PROJECTORS.USERS (USER_NO,PIN_NO,ID,PW,NICKNAME,PHOTOURL) values ('US48','UP50','크크크@naver.com','java0022','크크크','images/defaultPhoto.jpg');
Insert into LJB_PROJECTORS.USERS (USER_NO,PIN_NO,ID,PW,NICKNAME,PHOTOURL) values ('US16','UP18','spb@naver.com','java002','스폰지밥','images/defaultPhoto.jpg');
Insert into LJB_PROJECTORS.USERS (USER_NO,PIN_NO,ID,PW,NICKNAME,PHOTOURL) values ('US17','UP19','tty@naver.com','java002','탈퇴용','images/defaultPhoto.jpg');
Insert into LJB_PROJECTORS.USERS (USER_NO,PIN_NO,ID,PW,NICKNAME,PHOTOURL) values ('US28','UP36','스폰지밥@naver.com','1234asdf','7','images/defaultPhoto.jpg');
Insert into LJB_PROJECTORS.USERS (USER_NO,PIN_NO,ID,PW,NICKNAME,PHOTOURL) values ('US59','UP61','lll@test.com','java0022','모집자','images/defaultPhoto.jpg');
Insert into LJB_PROJECTORS.USERS (USER_NO,PIN_NO,ID,PW,NICKNAME,PHOTOURL) values ('US65','UP67','모집돌@test.com','java0022','모집돌','images/defaultPhoto.jpg');
Insert into LJB_PROJECTORS.USERS (USER_NO,PIN_NO,ID,PW,NICKNAME,PHOTOURL) values ('US66','UP68','지원돌@test.com','java0033','지원돌','images/defaultPhoto.jpg');
Insert into LJB_PROJECTORS.USERS (USER_NO,PIN_NO,ID,PW,NICKNAME,PHOTOURL) values ('US69','UP71','지원돌3@test.com','java0022','지원인','images/defaultPhoto.jpg');
Insert into LJB_PROJECTORS.USERS (USER_NO,PIN_NO,ID,PW,NICKNAME,PHOTOURL) values ('US63','UP65','ringpoo@naver.com','wnsqhr123!','순남2','images/defaultPhoto.jpg');
Insert into LJB_PROJECTORS.USERS (USER_NO,PIN_NO,ID,PW,NICKNAME,PHOTOURL) values ('US64','UP66','안녕@test.com','java0022','안녕','images/defaultPhoto.jpg');
REM INSERTING into LJB_PROJECTORS.USER_PIN
SET DEFINE OFF;
Insert into LJB_PROJECTORS.USER_PIN (PIN_NO,JOIN_DATE) values ('UP62',to_date('23/08/26','RR/MM/DD'));
Insert into LJB_PROJECTORS.USER_PIN (PIN_NO,JOIN_DATE) values ('UP63',to_date('23/08/26','RR/MM/DD'));
Insert into LJB_PROJECTORS.USER_PIN (PIN_NO,JOIN_DATE) values ('UP64',to_date('23/08/26','RR/MM/DD'));
Insert into LJB_PROJECTORS.USER_PIN (PIN_NO,JOIN_DATE) values ('UP69',to_date('23/08/30','RR/MM/DD'));
Insert into LJB_PROJECTORS.USER_PIN (PIN_NO,JOIN_DATE) values ('UP70',to_date('23/09/02','RR/MM/DD'));
Insert into LJB_PROJECTORS.USER_PIN (PIN_NO,JOIN_DATE) values ('UP73',to_date('23/09/04','RR/MM/DD'));
Insert into LJB_PROJECTORS.USER_PIN (PIN_NO,JOIN_DATE) values ('UP1',to_date('23/08/06','RR/MM/DD'));
Insert into LJB_PROJECTORS.USER_PIN (PIN_NO,JOIN_DATE) values ('UP2',to_date('23/08/06','RR/MM/DD'));
Insert into LJB_PROJECTORS.USER_PIN (PIN_NO,JOIN_DATE) values ('UP3',to_date('23/08/06','RR/MM/DD'));
Insert into LJB_PROJECTORS.USER_PIN (PIN_NO,JOIN_DATE) values ('UP4',to_date('23/08/06','RR/MM/DD'));
Insert into LJB_PROJECTORS.USER_PIN (PIN_NO,JOIN_DATE) values ('UP5',to_date('23/08/06','RR/MM/DD'));
Insert into LJB_PROJECTORS.USER_PIN (PIN_NO,JOIN_DATE) values ('UP6',to_date('23/08/06','RR/MM/DD'));
Insert into LJB_PROJECTORS.USER_PIN (PIN_NO,JOIN_DATE) values ('UP7',to_date('23/08/06','RR/MM/DD'));
Insert into LJB_PROJECTORS.USER_PIN (PIN_NO,JOIN_DATE) values ('UP8',to_date('23/08/06','RR/MM/DD'));
Insert into LJB_PROJECTORS.USER_PIN (PIN_NO,JOIN_DATE) values ('UP9',to_date('23/08/06','RR/MM/DD'));
Insert into LJB_PROJECTORS.USER_PIN (PIN_NO,JOIN_DATE) values ('UP10',to_date('23/08/06','RR/MM/DD'));
Insert into LJB_PROJECTORS.USER_PIN (PIN_NO,JOIN_DATE) values ('UP11',to_date('23/06/30','RR/MM/DD'));
Insert into LJB_PROJECTORS.USER_PIN (PIN_NO,JOIN_DATE) values ('UP12',to_date('23/06/30','RR/MM/DD'));
Insert into LJB_PROJECTORS.USER_PIN (PIN_NO,JOIN_DATE) values ('UP13',to_date('23/06/30','RR/MM/DD'));
Insert into LJB_PROJECTORS.USER_PIN (PIN_NO,JOIN_DATE) values ('UP14',to_date('23/06/30','RR/MM/DD'));
Insert into LJB_PROJECTORS.USER_PIN (PIN_NO,JOIN_DATE) values ('UP15',to_date('23/06/30','RR/MM/DD'));
Insert into LJB_PROJECTORS.USER_PIN (PIN_NO,JOIN_DATE) values ('UP16',to_date('23/08/06','RR/MM/DD'));
Insert into LJB_PROJECTORS.USER_PIN (PIN_NO,JOIN_DATE) values ('UP17',to_date('23/08/06','RR/MM/DD'));
Insert into LJB_PROJECTORS.USER_PIN (PIN_NO,JOIN_DATE) values ('UP20',to_date('23/08/07','RR/MM/DD'));
Insert into LJB_PROJECTORS.USER_PIN (PIN_NO,JOIN_DATE) values ('UP31',to_date('23/08/09','RR/MM/DD'));
Insert into LJB_PROJECTORS.USER_PIN (PIN_NO,JOIN_DATE) values ('UP51',to_date('23/08/16','RR/MM/DD'));
Insert into LJB_PROJECTORS.USER_PIN (PIN_NO,JOIN_DATE) values ('UP52',to_date('23/08/16','RR/MM/DD'));
Insert into LJB_PROJECTORS.USER_PIN (PIN_NO,JOIN_DATE) values ('UP53',to_date('23/08/16','RR/MM/DD'));
Insert into LJB_PROJECTORS.USER_PIN (PIN_NO,JOIN_DATE) values ('UP54',to_date('23/08/16','RR/MM/DD'));
Insert into LJB_PROJECTORS.USER_PIN (PIN_NO,JOIN_DATE) values ('UP55',to_date('23/08/16','RR/MM/DD'));
Insert into LJB_PROJECTORS.USER_PIN (PIN_NO,JOIN_DATE) values ('UP56',to_date('23/08/16','RR/MM/DD'));
Insert into LJB_PROJECTORS.USER_PIN (PIN_NO,JOIN_DATE) values ('UP57',to_date('23/08/16','RR/MM/DD'));
Insert into LJB_PROJECTORS.USER_PIN (PIN_NO,JOIN_DATE) values ('UP39',to_date('23/08/10','RR/MM/DD'));
Insert into LJB_PROJECTORS.USER_PIN (PIN_NO,JOIN_DATE) values ('UP40',to_date('23/08/10','RR/MM/DD'));
Insert into LJB_PROJECTORS.USER_PIN (PIN_NO,JOIN_DATE) values ('UP41',to_date('23/08/10','RR/MM/DD'));
Insert into LJB_PROJECTORS.USER_PIN (PIN_NO,JOIN_DATE) values ('UP42',to_date('23/08/10','RR/MM/DD'));
Insert into LJB_PROJECTORS.USER_PIN (PIN_NO,JOIN_DATE) values ('UP43',to_date('23/08/10','RR/MM/DD'));
Insert into LJB_PROJECTORS.USER_PIN (PIN_NO,JOIN_DATE) values ('UP44',to_date('23/08/10','RR/MM/DD'));
Insert into LJB_PROJECTORS.USER_PIN (PIN_NO,JOIN_DATE) values ('UP45',to_date('23/08/10','RR/MM/DD'));
Insert into LJB_PROJECTORS.USER_PIN (PIN_NO,JOIN_DATE) values ('UP46',to_date('23/08/10','RR/MM/DD'));
Insert into LJB_PROJECTORS.USER_PIN (PIN_NO,JOIN_DATE) values ('UP58',to_date('23/08/16','RR/MM/DD'));
Insert into LJB_PROJECTORS.USER_PIN (PIN_NO,JOIN_DATE) values ('UP59',to_date('23/08/16','RR/MM/DD'));
Insert into LJB_PROJECTORS.USER_PIN (PIN_NO,JOIN_DATE) values ('UP60',to_date('23/08/17','RR/MM/DD'));
Insert into LJB_PROJECTORS.USER_PIN (PIN_NO,JOIN_DATE) values ('UP24',to_date('23/07/16','RR/MM/DD'));
Insert into LJB_PROJECTORS.USER_PIN (PIN_NO,JOIN_DATE) values ('UP25',to_date('23/07/16','RR/MM/DD'));
Insert into LJB_PROJECTORS.USER_PIN (PIN_NO,JOIN_DATE) values ('UP26',to_date('23/07/16','RR/MM/DD'));
Insert into LJB_PROJECTORS.USER_PIN (PIN_NO,JOIN_DATE) values ('UP27',to_date('23/07/16','RR/MM/DD'));
Insert into LJB_PROJECTORS.USER_PIN (PIN_NO,JOIN_DATE) values ('UP28',to_date('23/07/16','RR/MM/DD'));
Insert into LJB_PROJECTORS.USER_PIN (PIN_NO,JOIN_DATE) values ('UP29',to_date('23/08/09','RR/MM/DD'));
Insert into LJB_PROJECTORS.USER_PIN (PIN_NO,JOIN_DATE) values ('UP30',to_date('23/08/09','RR/MM/DD'));
Insert into LJB_PROJECTORS.USER_PIN (PIN_NO,JOIN_DATE) values ('UP32',to_date('23/08/09','RR/MM/DD'));
Insert into LJB_PROJECTORS.USER_PIN (PIN_NO,JOIN_DATE) values ('UP33',to_date('23/08/09','RR/MM/DD'));
Insert into LJB_PROJECTORS.USER_PIN (PIN_NO,JOIN_DATE) values ('UP34',to_date('23/08/09','RR/MM/DD'));
Insert into LJB_PROJECTORS.USER_PIN (PIN_NO,JOIN_DATE) values ('UP35',to_date('23/08/09','RR/MM/DD'));
Insert into LJB_PROJECTORS.USER_PIN (PIN_NO,JOIN_DATE) values ('UP37',to_date('23/08/09','RR/MM/DD'));
Insert into LJB_PROJECTORS.USER_PIN (PIN_NO,JOIN_DATE) values ('UP38',to_date('23/08/09','RR/MM/DD'));
Insert into LJB_PROJECTORS.USER_PIN (PIN_NO,JOIN_DATE) values ('UP48',to_date('23/08/14','RR/MM/DD'));
Insert into LJB_PROJECTORS.USER_PIN (PIN_NO,JOIN_DATE) values ('UP47',to_date('23/08/11','RR/MM/DD'));
Insert into LJB_PROJECTORS.USER_PIN (PIN_NO,JOIN_DATE) values ('UP49',to_date('23/08/14','RR/MM/DD'));
Insert into LJB_PROJECTORS.USER_PIN (PIN_NO,JOIN_DATE) values ('UP50',to_date('23/08/14','RR/MM/DD'));
Insert into LJB_PROJECTORS.USER_PIN (PIN_NO,JOIN_DATE) values ('UP18',to_date('23/08/07','RR/MM/DD'));
Insert into LJB_PROJECTORS.USER_PIN (PIN_NO,JOIN_DATE) values ('UP19',to_date('23/08/07','RR/MM/DD'));
Insert into LJB_PROJECTORS.USER_PIN (PIN_NO,JOIN_DATE) values ('UP36',to_date('23/08/09','RR/MM/DD'));
Insert into LJB_PROJECTORS.USER_PIN (PIN_NO,JOIN_DATE) values ('UP61',to_date('23/08/23','RR/MM/DD'));
Insert into LJB_PROJECTORS.USER_PIN (PIN_NO,JOIN_DATE) values ('UP67',to_date('23/08/30','RR/MM/DD'));
Insert into LJB_PROJECTORS.USER_PIN (PIN_NO,JOIN_DATE) values ('UP68',to_date('23/08/30','RR/MM/DD'));
Insert into LJB_PROJECTORS.USER_PIN (PIN_NO,JOIN_DATE) values ('UP71',to_date('23/09/02','RR/MM/DD'));
Insert into LJB_PROJECTORS.USER_PIN (PIN_NO,JOIN_DATE) values ('UP72',to_date('23/09/04','RR/MM/DD'));
Insert into LJB_PROJECTORS.USER_PIN (PIN_NO,JOIN_DATE) values ('UP65',to_date('23/08/27','RR/MM/DD'));
Insert into LJB_PROJECTORS.USER_PIN (PIN_NO,JOIN_DATE) values ('UP66',to_date('23/08/29','RR/MM/DD'));
REM INSERTING into LJB_PROJECTORS.USER_TOOL
SET DEFINE OFF;
Insert into LJB_PROJECTORS.USER_TOOL (UTOOL_NO,PROFILE_NO,TOOL_NO) values ('UT90','PF34',2);
Insert into LJB_PROJECTORS.USER_TOOL (UTOOL_NO,PROFILE_NO,TOOL_NO) values ('UT91','PF34',3);
Insert into LJB_PROJECTORS.USER_TOOL (UTOOL_NO,PROFILE_NO,TOOL_NO) values ('UT92','PF34',13);
Insert into LJB_PROJECTORS.USER_TOOL (UTOOL_NO,PROFILE_NO,TOOL_NO) values ('UT93','PF34',22);
Insert into LJB_PROJECTORS.USER_TOOL (UTOOL_NO,PROFILE_NO,TOOL_NO) values ('UT94','PF34',24);
Insert into LJB_PROJECTORS.USER_TOOL (UTOOL_NO,PROFILE_NO,TOOL_NO) values ('UT99','PF36',1);
Insert into LJB_PROJECTORS.USER_TOOL (UTOOL_NO,PROFILE_NO,TOOL_NO) values ('UT100','PF36',5);
Insert into LJB_PROJECTORS.USER_TOOL (UTOOL_NO,PROFILE_NO,TOOL_NO) values ('UT101','PF36',9);
Insert into LJB_PROJECTORS.USER_TOOL (UTOOL_NO,PROFILE_NO,TOOL_NO) values ('UT102','PF36',11);
Insert into LJB_PROJECTORS.USER_TOOL (UTOOL_NO,PROFILE_NO,TOOL_NO) values ('UT103','PF36',29);
Insert into LJB_PROJECTORS.USER_TOOL (UTOOL_NO,PROFILE_NO,TOOL_NO) values ('UT104','PF36',30);
Insert into LJB_PROJECTORS.USER_TOOL (UTOOL_NO,PROFILE_NO,TOOL_NO) values ('UT105','PF37',1);
Insert into LJB_PROJECTORS.USER_TOOL (UTOOL_NO,PROFILE_NO,TOOL_NO) values ('UT106','PF37',3);
Insert into LJB_PROJECTORS.USER_TOOL (UTOOL_NO,PROFILE_NO,TOOL_NO) values ('UT107','PF37',16);
Insert into LJB_PROJECTORS.USER_TOOL (UTOOL_NO,PROFILE_NO,TOOL_NO) values ('UT108','PF37',19);
Insert into LJB_PROJECTORS.USER_TOOL (UTOOL_NO,PROFILE_NO,TOOL_NO) values ('UT109','PF37',22);
Insert into LJB_PROJECTORS.USER_TOOL (UTOOL_NO,PROFILE_NO,TOOL_NO) values ('UT110','PF37',28);
Insert into LJB_PROJECTORS.USER_TOOL (UTOOL_NO,PROFILE_NO,TOOL_NO) values ('UT111','PF37',30);
Insert into LJB_PROJECTORS.USER_TOOL (UTOOL_NO,PROFILE_NO,TOOL_NO) values ('UT112','PF38',2);
Insert into LJB_PROJECTORS.USER_TOOL (UTOOL_NO,PROFILE_NO,TOOL_NO) values ('UT113','PF38',15);
Insert into LJB_PROJECTORS.USER_TOOL (UTOOL_NO,PROFILE_NO,TOOL_NO) values ('UT114','PF38',22);
Insert into LJB_PROJECTORS.USER_TOOL (UTOOL_NO,PROFILE_NO,TOOL_NO) values ('UT120','PF39',22);
Insert into LJB_PROJECTORS.USER_TOOL (UTOOL_NO,PROFILE_NO,TOOL_NO) values ('UT118','PF39',2);
Insert into LJB_PROJECTORS.USER_TOOL (UTOOL_NO,PROFILE_NO,TOOL_NO) values ('UT119','PF39',14);
Insert into LJB_PROJECTORS.USER_TOOL (UTOOL_NO,PROFILE_NO,TOOL_NO) values ('UT1','PF6',1);
Insert into LJB_PROJECTORS.USER_TOOL (UTOOL_NO,PROFILE_NO,TOOL_NO) values ('UT2','PF6',11);
Insert into LJB_PROJECTORS.USER_TOOL (UTOOL_NO,PROFILE_NO,TOOL_NO) values ('UT3','PF6',21);
Insert into LJB_PROJECTORS.USER_TOOL (UTOOL_NO,PROFILE_NO,TOOL_NO) values ('UT88','PF7',12);
Insert into LJB_PROJECTORS.USER_TOOL (UTOOL_NO,PROFILE_NO,TOOL_NO) values ('UT89','PF7',22);
Insert into LJB_PROJECTORS.USER_TOOL (UTOOL_NO,PROFILE_NO,TOOL_NO) values ('UT95','PF35',7);
Insert into LJB_PROJECTORS.USER_TOOL (UTOOL_NO,PROFILE_NO,TOOL_NO) values ('UT7','PF8',3);
Insert into LJB_PROJECTORS.USER_TOOL (UTOOL_NO,PROFILE_NO,TOOL_NO) values ('UT8','PF8',13);
Insert into LJB_PROJECTORS.USER_TOOL (UTOOL_NO,PROFILE_NO,TOOL_NO) values ('UT9','PF8',23);
Insert into LJB_PROJECTORS.USER_TOOL (UTOOL_NO,PROFILE_NO,TOOL_NO) values ('UT10','PF9',4);
Insert into LJB_PROJECTORS.USER_TOOL (UTOOL_NO,PROFILE_NO,TOOL_NO) values ('UT11','PF9',14);
Insert into LJB_PROJECTORS.USER_TOOL (UTOOL_NO,PROFILE_NO,TOOL_NO) values ('UT12','PF9',24);
Insert into LJB_PROJECTORS.USER_TOOL (UTOOL_NO,PROFILE_NO,TOOL_NO) values ('UT13','PF10',5);
Insert into LJB_PROJECTORS.USER_TOOL (UTOOL_NO,PROFILE_NO,TOOL_NO) values ('UT14','PF10',15);
Insert into LJB_PROJECTORS.USER_TOOL (UTOOL_NO,PROFILE_NO,TOOL_NO) values ('UT15','PF10',25);
Insert into LJB_PROJECTORS.USER_TOOL (UTOOL_NO,PROFILE_NO,TOOL_NO) values ('UT70','PF31',16);
Insert into LJB_PROJECTORS.USER_TOOL (UTOOL_NO,PROFILE_NO,TOOL_NO) values ('UT71','PF31',19);
Insert into LJB_PROJECTORS.USER_TOOL (UTOOL_NO,PROFILE_NO,TOOL_NO) values ('UT72','PF31',22);
Insert into LJB_PROJECTORS.USER_TOOL (UTOOL_NO,PROFILE_NO,TOOL_NO) values ('UT68','PF31',1);
Insert into LJB_PROJECTORS.USER_TOOL (UTOOL_NO,PROFILE_NO,TOOL_NO) values ('UT69','PF31',3);
Insert into LJB_PROJECTORS.USER_TOOL (UTOOL_NO,PROFILE_NO,TOOL_NO) values ('UT73','PF32',1);
Insert into LJB_PROJECTORS.USER_TOOL (UTOOL_NO,PROFILE_NO,TOOL_NO) values ('UT74','PF32',10);
Insert into LJB_PROJECTORS.USER_TOOL (UTOOL_NO,PROFILE_NO,TOOL_NO) values ('UT75','PF32',11);
Insert into LJB_PROJECTORS.USER_TOOL (UTOOL_NO,PROFILE_NO,TOOL_NO) values ('UT76','PF32',13);
Insert into LJB_PROJECTORS.USER_TOOL (UTOOL_NO,PROFILE_NO,TOOL_NO) values ('UT77','PF32',24);
Insert into LJB_PROJECTORS.USER_TOOL (UTOOL_NO,PROFILE_NO,TOOL_NO) values ('UT78','PF32',28);
Insert into LJB_PROJECTORS.USER_TOOL (UTOOL_NO,PROFILE_NO,TOOL_NO) values ('UT16','PF11',1);
Insert into LJB_PROJECTORS.USER_TOOL (UTOOL_NO,PROFILE_NO,TOOL_NO) values ('UT17','PF11',5);
Insert into LJB_PROJECTORS.USER_TOOL (UTOOL_NO,PROFILE_NO,TOOL_NO) values ('UT18','PF12',12);
Insert into LJB_PROJECTORS.USER_TOOL (UTOOL_NO,PROFILE_NO,TOOL_NO) values ('UT19','PF12',13);
Insert into LJB_PROJECTORS.USER_TOOL (UTOOL_NO,PROFILE_NO,TOOL_NO) values ('UT20','PF13',16);
Insert into LJB_PROJECTORS.USER_TOOL (UTOOL_NO,PROFILE_NO,TOOL_NO) values ('UT21','PF13',19);
Insert into LJB_PROJECTORS.USER_TOOL (UTOOL_NO,PROFILE_NO,TOOL_NO) values ('UT22','PF14',30);
Insert into LJB_PROJECTORS.USER_TOOL (UTOOL_NO,PROFILE_NO,TOOL_NO) values ('UT23','PF14',3);
Insert into LJB_PROJECTORS.USER_TOOL (UTOOL_NO,PROFILE_NO,TOOL_NO) values ('UT24','PF15',6);
Insert into LJB_PROJECTORS.USER_TOOL (UTOOL_NO,PROFILE_NO,TOOL_NO) values ('UT25','PF15',18);
Insert into LJB_PROJECTORS.USER_TOOL (UTOOL_NO,PROFILE_NO,TOOL_NO) values ('UT26','PF16',5);
Insert into LJB_PROJECTORS.USER_TOOL (UTOOL_NO,PROFILE_NO,TOOL_NO) values ('UT27','PF16',15);
Insert into LJB_PROJECTORS.USER_TOOL (UTOOL_NO,PROFILE_NO,TOOL_NO) values ('UT28','PF17',7);
Insert into LJB_PROJECTORS.USER_TOOL (UTOOL_NO,PROFILE_NO,TOOL_NO) values ('UT29','PF17',17);
Insert into LJB_PROJECTORS.USER_TOOL (UTOOL_NO,PROFILE_NO,TOOL_NO) values ('UT30','PF18',16);
Insert into LJB_PROJECTORS.USER_TOOL (UTOOL_NO,PROFILE_NO,TOOL_NO) values ('UT31','PF18',18);
Insert into LJB_PROJECTORS.USER_TOOL (UTOOL_NO,PROFILE_NO,TOOL_NO) values ('UT32','PF19',21);
Insert into LJB_PROJECTORS.USER_TOOL (UTOOL_NO,PROFILE_NO,TOOL_NO) values ('UT33','PF19',24);
Insert into LJB_PROJECTORS.USER_TOOL (UTOOL_NO,PROFILE_NO,TOOL_NO) values ('UT34','PF20',4);
Insert into LJB_PROJECTORS.USER_TOOL (UTOOL_NO,PROFILE_NO,TOOL_NO) values ('UT35','PF20',1);
Insert into LJB_PROJECTORS.USER_TOOL (UTOOL_NO,PROFILE_NO,TOOL_NO) values ('UT62','PF30',16);
Insert into LJB_PROJECTORS.USER_TOOL (UTOOL_NO,PROFILE_NO,TOOL_NO) values ('UT63','PF30',19);
Insert into LJB_PROJECTORS.USER_TOOL (UTOOL_NO,PROFILE_NO,TOOL_NO) values ('UT64','PF30',21);
Insert into LJB_PROJECTORS.USER_TOOL (UTOOL_NO,PROFILE_NO,TOOL_NO) values ('UT60','PF30',1);
Insert into LJB_PROJECTORS.USER_TOOL (UTOOL_NO,PROFILE_NO,TOOL_NO) values ('UT61','PF30',3);
Insert into LJB_PROJECTORS.USER_TOOL (UTOOL_NO,PROFILE_NO,TOOL_NO) values ('UT65','PF30',22);
Insert into LJB_PROJECTORS.USER_TOOL (UTOOL_NO,PROFILE_NO,TOOL_NO) values ('UT66','PF30',24);
Insert into LJB_PROJECTORS.USER_TOOL (UTOOL_NO,PROFILE_NO,TOOL_NO) values ('UT67','PF30',30);
Insert into LJB_PROJECTORS.USER_TOOL (UTOOL_NO,PROFILE_NO,TOOL_NO) values ('UT36','PF23',2);
Insert into LJB_PROJECTORS.USER_TOOL (UTOOL_NO,PROFILE_NO,TOOL_NO) values ('UT37','PF23',12);
Insert into LJB_PROJECTORS.USER_TOOL (UTOOL_NO,PROFILE_NO,TOOL_NO) values ('UT39','PF23',30);
Insert into LJB_PROJECTORS.USER_TOOL (UTOOL_NO,PROFILE_NO,TOOL_NO) values ('UT79','PF33',1);
Insert into LJB_PROJECTORS.USER_TOOL (UTOOL_NO,PROFILE_NO,TOOL_NO) values ('UT80','PF33',2);
Insert into LJB_PROJECTORS.USER_TOOL (UTOOL_NO,PROFILE_NO,TOOL_NO) values ('UT81','PF33',3);
Insert into LJB_PROJECTORS.USER_TOOL (UTOOL_NO,PROFILE_NO,TOOL_NO) values ('UT82','PF33',6);
Insert into LJB_PROJECTORS.USER_TOOL (UTOOL_NO,PROFILE_NO,TOOL_NO) values ('UT83','PF33',16);
Insert into LJB_PROJECTORS.USER_TOOL (UTOOL_NO,PROFILE_NO,TOOL_NO) values ('UT84','PF33',19);
Insert into LJB_PROJECTORS.USER_TOOL (UTOOL_NO,PROFILE_NO,TOOL_NO) values ('UT85','PF33',28);
Insert into LJB_PROJECTORS.USER_TOOL (UTOOL_NO,PROFILE_NO,TOOL_NO) values ('UT86','PF33',30);
Insert into LJB_PROJECTORS.USER_TOOL (UTOOL_NO,PROFILE_NO,TOOL_NO) values ('UT87','PF7',2);
Insert into LJB_PROJECTORS.USER_TOOL (UTOOL_NO,PROFILE_NO,TOOL_NO) values ('UT96','PF35',10);
Insert into LJB_PROJECTORS.USER_TOOL (UTOOL_NO,PROFILE_NO,TOOL_NO) values ('UT97','PF35',18);
Insert into LJB_PROJECTORS.USER_TOOL (UTOOL_NO,PROFILE_NO,TOOL_NO) values ('UT98','PF35',27);
Insert into LJB_PROJECTORS.USER_TOOL (UTOOL_NO,PROFILE_NO,TOOL_NO) values ('UT121','PF41',2);
Insert into LJB_PROJECTORS.USER_TOOL (UTOOL_NO,PROFILE_NO,TOOL_NO) values ('UT122','PF41',12);
Insert into LJB_PROJECTORS.USER_TOOL (UTOOL_NO,PROFILE_NO,TOOL_NO) values ('UT123','PF42',2);
Insert into LJB_PROJECTORS.USER_TOOL (UTOOL_NO,PROFILE_NO,TOOL_NO) values ('UT124','PF42',7);
REM INSERTING into LJB_PROJECTORS.WITHDRAW_TYPE
SET DEFINE OFF;
Insert into LJB_PROJECTORS.WITHDRAW_TYPE (WD_TYPE_NO,WD_TYPE_CONTENT) values (1,'사용 빈도 감소');
Insert into LJB_PROJECTORS.WITHDRAW_TYPE (WD_TYPE_NO,WD_TYPE_CONTENT) values (2,'서비스 이용 불편');
Insert into LJB_PROJECTORS.WITHDRAW_TYPE (WD_TYPE_NO,WD_TYPE_CONTENT) values (3,'목적달성');
Insert into LJB_PROJECTORS.WITHDRAW_TYPE (WD_TYPE_NO,WD_TYPE_CONTENT) values (4,'다른 서비스 이용');
Insert into LJB_PROJECTORS.WITHDRAW_TYPE (WD_TYPE_NO,WD_TYPE_CONTENT) values (5,'개인적 이유');
REM INSERTING into LJB_PROJECTORS.WITHDRAW_USER
SET DEFINE OFF;
Insert into LJB_PROJECTORS.WITHDRAW_USER (WD_USER_NO,PIN_NO,WD_DATE,ID,WD_TYPE_NO) values (21,'UP73',to_date('23/09/04','RR/MM/DD'),'탈퇴용@test.com',5);
REM INSERTING into LJB_PROJECTORS.WORKSPACE
SET DEFINE OFF;
Insert into LJB_PROJECTORS.WORKSPACE (WORKSPACE_NO,FINAL_NO,TITLE,CONTENT,CREATED_DATE,WORK_DATE) values ('WS22','FN1','첫 미팅: 기획회의','주제 회의했는데 아직 결정이 안 났다.',to_date('23/09/04','RR/MM/DD'),to_date('23/09/01','RR/MM/DD'));
Insert into LJB_PROJECTORS.WORKSPACE (WORKSPACE_NO,FINAL_NO,TITLE,CONTENT,CREATED_DATE,WORK_DATE) values ('WS23','FN1','기획안 작성','회의 결과 바탕으로 기획안을 썼습니다.',to_date('23/09/04','RR/MM/DD'),to_date('23/09/02','RR/MM/DD'));
Insert into LJB_PROJECTORS.WORKSPACE (WORKSPACE_NO,FINAL_NO,TITLE,CONTENT,CREATED_DATE,WORK_DATE) values ('WS29','FN1','테스트','야얌',to_date('23/09/04','RR/MM/DD'),to_date('23/09/04','RR/MM/DD'));
REM INSERTING into LJB_PROJECTORS.WORKSPACE_COMM
SET DEFINE OFF;
Insert into LJB_PROJECTORS.WORKSPACE_COMM (WORKSPACE_COMM_NO,WORKSPACE_NO,FINAL_NO,CONTENT,CREATED_DATE) values (2,'WS22','FN2','너무 짧게 쓰신거 아닌가요~!! 다음엔 더 자세히 써주세요',to_date('23/09/04','RR/MM/DD'));
REM INSERTING into LJB_PROJECTORS.APPLYVIEW
SET DEFINE OFF;
Insert into LJB_PROJECTORS.APPLYVIEW (APPLYNO,RECRUITPOSNO,RECRUITNO,POSNAME,PINNO,CONTENT) values ('AP43','RP49','RC18','FRONTEND','UP6','모집공고 작성자 자동 지원');
Insert into LJB_PROJECTORS.APPLYVIEW (APPLYNO,RECRUITPOSNO,RECRUITNO,POSNAME,PINNO,CONTENT) values ('AP44','RP51','RC18','BACKEND','UP62','지원1의 백엔드 포지션 지원');
Insert into LJB_PROJECTORS.APPLYVIEW (APPLYNO,RECRUITPOSNO,RECRUITNO,POSNAME,PINNO,CONTENT) values ('AP45','RP52','RC18','BACKEND','UP63','지원2의 백엔드 포지션 지원');
Insert into LJB_PROJECTORS.APPLYVIEW (APPLYNO,RECRUITPOSNO,RECRUITNO,POSNAME,PINNO,CONTENT) values ('AP46','RP50','RC18','FRONTEND','UP64','지원4의 프론트엔드 포지션 지원');
Insert into LJB_PROJECTORS.APPLYVIEW (APPLYNO,RECRUITPOSNO,RECRUITNO,POSNAME,PINNO,CONTENT) values ('AP1','RP1','RC1','FRONTEND','UP1','없음');
Insert into LJB_PROJECTORS.APPLYVIEW (APPLYNO,RECRUITPOSNO,RECRUITNO,POSNAME,PINNO,CONTENT) values ('AP2','RP2','RC1','BACKEND','UP3','안녕하세요. 강아지 두 마리를 키우고 있는 집사입니다! 반려인으로서 주제에 관심이..');
Insert into LJB_PROJECTORS.APPLYVIEW (APPLYNO,RECRUITPOSNO,RECRUITNO,POSNAME,PINNO,CONTENT) values ('AP3','RP3','RC2','FRONTEND','UP2','없음');
Insert into LJB_PROJECTORS.APPLYVIEW (APPLYNO,RECRUITPOSNO,RECRUITNO,POSNAME,PINNO,CONTENT) values ('AP4','RP4','RC2','BACKEND','UP4','프로젝트 경험은 없지만 프론트엔드에 관심이 많아 이론적인 부분은 전반적으로 숙지하고 있습니다. 또한 클론 코딩으로..');
Insert into LJB_PROJECTORS.APPLYVIEW (APPLYNO,RECRUITPOSNO,RECRUITNO,POSNAME,PINNO,CONTENT) values ('AP5','RP5','RC2','BACKEND','UP5','프로젝트 경험이 1회 있고 기본적인 기능 위주로 구성된 게시판이었습니다. 능숙하지는 않지만..');
Insert into LJB_PROJECTORS.APPLYVIEW (APPLYNO,RECRUITPOSNO,RECRUITNO,POSNAME,PINNO,CONTENT) values ('AP6','RP8','RC3','FULLSTACK','UP6','모집자 자동 지원 처리');
Insert into LJB_PROJECTORS.APPLYVIEW (APPLYNO,RECRUITPOSNO,RECRUITNO,POSNAME,PINNO,CONTENT) values ('AP9','RP9','RC4','FRONTEND','UP7','팀장 자동 지원(노진구)');
Insert into LJB_PROJECTORS.APPLYVIEW (APPLYNO,RECRUITPOSNO,RECRUITNO,POSNAME,PINNO,CONTENT) values ('AP10','RP7','RC3','BACKEND','UP9','도라에몽 공고에 대한 퉁퉁이의 지원');
Insert into LJB_PROJECTORS.APPLYVIEW (APPLYNO,RECRUITPOSNO,RECRUITNO,POSNAME,PINNO,CONTENT) values ('AP11','RP10','RC4','BACKEND','UP8','노진구 공고에 대한 비실이의 지원');
Insert into LJB_PROJECTORS.APPLYVIEW (APPLYNO,RECRUITPOSNO,RECRUITNO,POSNAME,PINNO,CONTENT) values ('AP12','RP11','RC4','BACKEND','UP10','노진구의 공고에 대한 이슬이의 지원');
Insert into LJB_PROJECTORS.APPLYVIEW (APPLYNO,RECRUITPOSNO,RECRUITNO,POSNAME,PINNO,CONTENT) values ('AP13','RP21','RC6','DESIGN','UP13','최선을 다하겠습니다. :)');
Insert into LJB_PROJECTORS.APPLYVIEW (APPLYNO,RECRUITPOSNO,RECRUITNO,POSNAME,PINNO,CONTENT) values ('AP14','RP19','RC6','FRONTEND','UP14','열심히 하겠습니다 ^^');
Insert into LJB_PROJECTORS.APPLYVIEW (APPLYNO,RECRUITPOSNO,RECRUITNO,POSNAME,PINNO,CONTENT) values ('AP15','RP20','RC6','BACKEND','UP12','팀장(김영수) 자동 지원');
Insert into LJB_PROJECTORS.APPLYVIEW (APPLYNO,RECRUITPOSNO,RECRUITNO,POSNAME,PINNO,CONTENT) values ('AP29','RP35','RC13','PLANNING','UP24','모집공고 작성자 자동 지원');
Insert into LJB_PROJECTORS.APPLYVIEW (APPLYNO,RECRUITPOSNO,RECRUITNO,POSNAME,PINNO,CONTENT) values ('AP21','RP24','RC10','FRONTEND','UP42','평가용 2의 지원내용');
Insert into LJB_PROJECTORS.APPLYVIEW (APPLYNO,RECRUITPOSNO,RECRUITNO,POSNAME,PINNO,CONTENT) values ('AP22','RP25','RC10','FRONTEND','UP43','평가용 3의 지원내용');
Insert into LJB_PROJECTORS.APPLYVIEW (APPLYNO,RECRUITPOSNO,RECRUITNO,POSNAME,PINNO,CONTENT) values ('AP23','RP26','RC10','FRONTEND','UP44','평가용4의 지원내용');
Insert into LJB_PROJECTORS.APPLYVIEW (APPLYNO,RECRUITPOSNO,RECRUITNO,POSNAME,PINNO,CONTENT) values ('AP24','RP27','RC11','FRONTEND','UP45','평가용5의 지원내용');
Insert into LJB_PROJECTORS.APPLYVIEW (APPLYNO,RECRUITPOSNO,RECRUITNO,POSNAME,PINNO,CONTENT) values ('AP25','RP28','RC11','FRONTEND','UP46','평가용6의 지원내용');
Insert into LJB_PROJECTORS.APPLYVIEW (APPLYNO,RECRUITPOSNO,RECRUITNO,POSNAME,PINNO,CONTENT) values ('AP31','RP38','RC15','BACKEND','UP26','모집공고 작성자 자동 지원');
Insert into LJB_PROJECTORS.APPLYVIEW (APPLYNO,RECRUITPOSNO,RECRUITNO,POSNAME,PINNO,CONTENT) values ('AP32','RP12','RC5','FRONTEND','UP11','모집공고 작성자 자동 지원');
Insert into LJB_PROJECTORS.APPLYVIEW (APPLYNO,RECRUITPOSNO,RECRUITNO,POSNAME,PINNO,CONTENT) values ('AP37','RP1','RC1','FRONTEND','UP26','잘 지원이 되었나요?');
Insert into LJB_PROJECTORS.APPLYVIEW (APPLYNO,RECRUITPOSNO,RECRUITNO,POSNAME,PINNO,CONTENT) values ('AP19','RP22','RC9','FRONTEND','UP15','팀장(김은정) 자동 지원');
Insert into LJB_PROJECTORS.APPLYVIEW (APPLYNO,RECRUITPOSNO,RECRUITNO,POSNAME,PINNO,CONTENT) values ('AP20','RP23','RC9','BACKEND','UP28','최선을 다하겠습니다!! 제가 이래뵈도 체력도 좋고 성실합니다. 비전공자지만 열심히 구글링하고 공부하면서 배워나가겠습니다. *^^*');
Insert into LJB_PROJECTORS.APPLYVIEW (APPLYNO,RECRUITPOSNO,RECRUITNO,POSNAME,PINNO,CONTENT) values ('AP26','RP29','RC12','FRONTEND','UP42','평가용2의 지원내용');
Insert into LJB_PROJECTORS.APPLYVIEW (APPLYNO,RECRUITPOSNO,RECRUITNO,POSNAME,PINNO,CONTENT) values ('AP27','RP30','RC12','FRONTEND','UP43','평가용3의 지원내용');
Insert into LJB_PROJECTORS.APPLYVIEW (APPLYNO,RECRUITPOSNO,RECRUITNO,POSNAME,PINNO,CONTENT) values ('AP28','RP31','RC12','FRONTEND','UP44','평가용4의 지원내용');
Insert into LJB_PROJECTORS.APPLYVIEW (APPLYNO,RECRUITPOSNO,RECRUITNO,POSNAME,PINNO,CONTENT) values ('AP35','RP36','RC14','FRONTEND','UP26','열심히 하겠습니다.');
Insert into LJB_PROJECTORS.APPLYVIEW (APPLYNO,RECRUITPOSNO,RECRUITNO,POSNAME,PINNO,CONTENT) values ('AP36','RP37','RC14','BACKEND','UP27','열심히 하겠습니다.');
Insert into LJB_PROJECTORS.APPLYVIEW (APPLYNO,RECRUITPOSNO,RECRUITNO,POSNAME,PINNO,CONTENT) values ('AP30','RP36','RC14','FRONTEND','UP25','모집공고 작성자 자동 지원');
Insert into LJB_PROJECTORS.APPLYVIEW (APPLYNO,RECRUITPOSNO,RECRUITNO,POSNAME,PINNO,CONTENT) values ('AP33','RP36','RC14','FRONTEND','UP26','열심히 하겠습니다.');
Insert into LJB_PROJECTORS.APPLYVIEW (APPLYNO,RECRUITPOSNO,RECRUITNO,POSNAME,PINNO,CONTENT) values ('AP34','RP37','RC14','BACKEND','UP27','열심히 하겠습니다.');
Insert into LJB_PROJECTORS.APPLYVIEW (APPLYNO,RECRUITPOSNO,RECRUITNO,POSNAME,PINNO,CONTENT) values ('AP38','RP2','RC1','BACKEND','UP27','이것도 잘 지원이 되었나여?');
Insert into LJB_PROJECTORS.APPLYVIEW (APPLYNO,RECRUITPOSNO,RECRUITNO,POSNAME,PINNO,CONTENT) values ('AP39','RP1','RC1','FRONTEND','UP27','세번째 지원서 지원이 잘 되고 있나요?');
Insert into LJB_PROJECTORS.APPLYVIEW (APPLYNO,RECRUITPOSNO,RECRUITNO,POSNAME,PINNO,CONTENT) values ('AP40','RP2','RC1','BACKEND','UP27','네번 지원서');
Insert into LJB_PROJECTORS.APPLYVIEW (APPLYNO,RECRUITPOSNO,RECRUITNO,POSNAME,PINNO,CONTENT) values ('AP42','RP47','RC17','BACKEND','UP61','모집공고 작성자 자동 지원');
Insert into LJB_PROJECTORS.APPLYVIEW (APPLYNO,RECRUITPOSNO,RECRUITNO,POSNAME,PINNO,CONTENT) values ('AP58','RP74','RC24','BACKEND','UP68','돌 및 수석 관찰일지 같은 데이터 기록 및 활용 어플리케이션에
관심이 많습니다.');
Insert into LJB_PROJECTORS.APPLYVIEW (APPLYNO,RECRUITPOSNO,RECRUITNO,POSNAME,PINNO,CONTENT) values ('AP59','RP73','RC24','BACKEND','UP71','백엔드에서 작업을 진행하고 싶습니다.');
Insert into LJB_PROJECTORS.APPLYVIEW (APPLYNO,RECRUITPOSNO,RECRUITNO,POSNAME,PINNO,CONTENT) values ('AP56','RP71','RC24','FRONTEND','UP67','모집공고 작성자 자동 지원');
Insert into LJB_PROJECTORS.APPLYVIEW (APPLYNO,RECRUITPOSNO,RECRUITNO,POSNAME,PINNO,CONTENT) values ('AP60','RP72','RC24','FRONTEND','UP70','프론트엔드에서 업무를 맡고 싶습니다.');
Insert into LJB_PROJECTORS.APPLYVIEW (APPLYNO,RECRUITPOSNO,RECRUITNO,POSNAME,PINNO,CONTENT) values ('AP47','RP54','RC19','BACKEND','UP1','모집공고 작성자 자동 지원');
REM INSERTING into LJB_PROJECTORS.IDCHECK
SET DEFINE OFF;
Insert into LJB_PROJECTORS.IDCHECK (ID) values ('admin001@admin.com');
Insert into LJB_PROJECTORS.IDCHECK (ID) values ('asd@kkk.com');
Insert into LJB_PROJECTORS.IDCHECK (ID) values ('bad@naver.com');
Insert into LJB_PROJECTORS.IDCHECK (ID) values ('doolahyeon@gmail.com');
Insert into LJB_PROJECTORS.IDCHECK (ID) values ('god@test.com');
Insert into LJB_PROJECTORS.IDCHECK (ID) values ('ll2@test.com');
Insert into LJB_PROJECTORS.IDCHECK (ID) values ('ll3@test.com');
Insert into LJB_PROJECTORS.IDCHECK (ID) values ('ll4@test.com');
Insert into LJB_PROJECTORS.IDCHECK (ID) values ('lll@test.com');
Insert into LJB_PROJECTORS.IDCHECK (ID) values ('nedahyeon@gmail.com');
Insert into LJB_PROJECTORS.IDCHECK (ID) values ('noprofile@test.com');
Insert into LJB_PROJECTORS.IDCHECK (ID) values ('ohahyeon@gmail.com');
Insert into LJB_PROJECTORS.IDCHECK (ID) values ('ringpoo@naver.com');
Insert into LJB_PROJECTORS.IDCHECK (ID) values ('sbp1@naver.com');
Insert into LJB_PROJECTORS.IDCHECK (ID) values ('sbp2@naver.com');
Insert into LJB_PROJECTORS.IDCHECK (ID) values ('sedahyeon@gmail.com');
Insert into LJB_PROJECTORS.IDCHECK (ID) values ('spb@naver.com');
Insert into LJB_PROJECTORS.IDCHECK (ID) values ('test111@naver.com');
Insert into LJB_PROJECTORS.IDCHECK (ID) values ('test990@test.com');
Insert into LJB_PROJECTORS.IDCHECK (ID) values ('test991@test.com');
Insert into LJB_PROJECTORS.IDCHECK (ID) values ('test992@test.com');
Insert into LJB_PROJECTORS.IDCHECK (ID) values ('test993@test.com');
Insert into LJB_PROJECTORS.IDCHECK (ID) values ('test994@test.com');
Insert into LJB_PROJECTORS.IDCHECK (ID) values ('test995@test.com');
Insert into LJB_PROJECTORS.IDCHECK (ID) values ('test996@test.com');
Insert into LJB_PROJECTORS.IDCHECK (ID) values ('test997@test.com');
Insert into LJB_PROJECTORS.IDCHECK (ID) values ('test998@test.com');
Insert into LJB_PROJECTORS.IDCHECK (ID) values ('test999@test.com');
Insert into LJB_PROJECTORS.IDCHECK (ID) values ('tty@naver.com');
Insert into LJB_PROJECTORS.IDCHECK (ID) values ('ugahyeon@gmail.com');
Insert into LJB_PROJECTORS.IDCHECK (ID) values ('user001@user.com');
Insert into LJB_PROJECTORS.IDCHECK (ID) values ('노진구@naver.com');
Insert into LJB_PROJECTORS.IDCHECK (ID) values ('노프로필@naver.com');
Insert into LJB_PROJECTORS.IDCHECK (ID) values ('도라에몽@naver.com');
Insert into LJB_PROJECTORS.IDCHECK (ID) values ('둥근달@naver.com');
Insert into LJB_PROJECTORS.IDCHECK (ID) values ('모집돌@test.com');
Insert into LJB_PROJECTORS.IDCHECK (ID) values ('모집해@test.com');
Insert into LJB_PROJECTORS.IDCHECK (ID) values ('비실이@naver.com');
Insert into LJB_PROJECTORS.IDCHECK (ID) values ('손흥민@korea.com');
Insert into LJB_PROJECTORS.IDCHECK (ID) values ('스폰지밥@naver.com');
Insert into LJB_PROJECTORS.IDCHECK (ID) values ('스폰지빔@naver.com');
Insert into LJB_PROJECTORS.IDCHECK (ID) values ('안녕@test.com');
Insert into LJB_PROJECTORS.IDCHECK (ID) values ('이미지@test.com');
Insert into LJB_PROJECTORS.IDCHECK (ID) values ('이슬이@naver.com');
Insert into LJB_PROJECTORS.IDCHECK (ID) values ('지원돌2@test.com');
Insert into LJB_PROJECTORS.IDCHECK (ID) values ('지원돌3@test.com');
Insert into LJB_PROJECTORS.IDCHECK (ID) values ('지원돌@test.com');
Insert into LJB_PROJECTORS.IDCHECK (ID) values ('크크크@naver.com');
Insert into LJB_PROJECTORS.IDCHECK (ID) values ('퉁퉁이@naver.com');
Insert into LJB_PROJECTORS.IDCHECK (ID) values ('평가용1@naver.com');
Insert into LJB_PROJECTORS.IDCHECK (ID) values ('평가용2@naver.com');
Insert into LJB_PROJECTORS.IDCHECK (ID) values ('평가용3@naver.com');
Insert into LJB_PROJECTORS.IDCHECK (ID) values ('평가용4@naver.com');
Insert into LJB_PROJECTORS.IDCHECK (ID) values ('평가용5@naver.com');
Insert into LJB_PROJECTORS.IDCHECK (ID) values ('평가용6@naver.com');
Insert into LJB_PROJECTORS.IDCHECK (ID) values ('평가용@naver.com');
Insert into LJB_PROJECTORS.IDCHECK (ID) values ('admin001@gmail.com');
Insert into LJB_PROJECTORS.IDCHECK (ID) values ('admin002@gmail.com');
REM INSERTING into LJB_PROJECTORS.PROFILEUPDATEVIEW
SET DEFINE OFF;
Insert into LJB_PROJECTORS.PROFILEUPDATEVIEW (TOOLNO,TOOLNAME,PINNO) values (30,'MySQL','UP42');
Insert into LJB_PROJECTORS.PROFILEUPDATEVIEW (TOOLNO,TOOLNAME,PINNO) values (12,'Angular','UP42');
Insert into LJB_PROJECTORS.PROFILEUPDATEVIEW (TOOLNO,TOOLNAME,PINNO) values (2,'Python','UP42');
Insert into LJB_PROJECTORS.PROFILEUPDATEVIEW (TOOLNO,TOOLNAME,PINNO) values (26,'Android Studio',null);
Insert into LJB_PROJECTORS.PROFILEUPDATEVIEW (TOOLNO,TOOLNAME,PINNO) values (20,'TensorFlow',null);
Insert into LJB_PROJECTORS.PROFILEUPDATEVIEW (TOOLNO,TOOLNAME,PINNO) values (8,'Swift',null);
Insert into LJB_PROJECTORS.PROFILEUPDATEVIEW (TOOLNO,TOOLNAME,PINNO) values (25,'Jupyter Notebook',null);
Insert into LJB_PROJECTORS.PROFILEUPDATEVIEW (TOOLNO,TOOLNAME,PINNO) values (15,'Ruby on Rails',null);
Insert into LJB_PROJECTORS.PROFILEUPDATEVIEW (TOOLNO,TOOLNAME,PINNO) values (5,'PHP',null);
Insert into LJB_PROJECTORS.PROFILEUPDATEVIEW (TOOLNO,TOOLNAME,PINNO) values (23,'Docker',null);
Insert into LJB_PROJECTORS.PROFILEUPDATEVIEW (TOOLNO,TOOLNAME,PINNO) values (13,'Vue.js',null);
Insert into LJB_PROJECTORS.PROFILEUPDATEVIEW (TOOLNO,TOOLNAME,PINNO) values (3,'Java',null);
Insert into LJB_PROJECTORS.PROFILEUPDATEVIEW (TOOLNO,TOOLNAME,PINNO) values (30,'MySQL',null);
Insert into LJB_PROJECTORS.PROFILEUPDATEVIEW (TOOLNO,TOOLNAME,PINNO) values (28,'Eclipse',null);
Insert into LJB_PROJECTORS.PROFILEUPDATEVIEW (TOOLNO,TOOLNAME,PINNO) values (19,'jQuery',null);
Insert into LJB_PROJECTORS.PROFILEUPDATEVIEW (TOOLNO,TOOLNAME,PINNO) values (16,'Spring Boot',null);
Insert into LJB_PROJECTORS.PROFILEUPDATEVIEW (TOOLNO,TOOLNAME,PINNO) values (6,'C++',null);
Insert into LJB_PROJECTORS.PROFILEUPDATEVIEW (TOOLNO,TOOLNAME,PINNO) values (3,'Java',null);
Insert into LJB_PROJECTORS.PROFILEUPDATEVIEW (TOOLNO,TOOLNAME,PINNO) values (2,'Python',null);
Insert into LJB_PROJECTORS.PROFILEUPDATEVIEW (TOOLNO,TOOLNAME,PINNO) values (1,'JavaScript',null);
Insert into LJB_PROJECTORS.PROFILEUPDATEVIEW (TOOLNO,TOOLNAME,PINNO) values (13,'Vue.js',null);
Insert into LJB_PROJECTORS.PROFILEUPDATEVIEW (TOOLNO,TOOLNAME,PINNO) values (12,'Angular',null);
Insert into LJB_PROJECTORS.PROFILEUPDATEVIEW (TOOLNO,TOOLNAME,PINNO) values (30,'MySQL',null);
Insert into LJB_PROJECTORS.PROFILEUPDATEVIEW (TOOLNO,TOOLNAME,PINNO) values (24,'Node.js',null);
Insert into LJB_PROJECTORS.PROFILEUPDATEVIEW (TOOLNO,TOOLNAME,PINNO) values (22,'Git',null);
Insert into LJB_PROJECTORS.PROFILEUPDATEVIEW (TOOLNO,TOOLNAME,PINNO) values (21,'Visual Studio Code',null);
Insert into LJB_PROJECTORS.PROFILEUPDATEVIEW (TOOLNO,TOOLNAME,PINNO) values (19,'jQuery',null);
Insert into LJB_PROJECTORS.PROFILEUPDATEVIEW (TOOLNO,TOOLNAME,PINNO) values (16,'Spring Boot',null);
Insert into LJB_PROJECTORS.PROFILEUPDATEVIEW (TOOLNO,TOOLNAME,PINNO) values (3,'Java',null);
Insert into LJB_PROJECTORS.PROFILEUPDATEVIEW (TOOLNO,TOOLNAME,PINNO) values (1,'JavaScript',null);
Insert into LJB_PROJECTORS.PROFILEUPDATEVIEW (TOOLNO,TOOLNAME,PINNO) values (15,'Ruby on Rails',null);
Insert into LJB_PROJECTORS.PROFILEUPDATEVIEW (TOOLNO,TOOLNAME,PINNO) values (5,'PHP',null);
Insert into LJB_PROJECTORS.PROFILEUPDATEVIEW (TOOLNO,TOOLNAME,PINNO) values (18,'Flask',null);
Insert into LJB_PROJECTORS.PROFILEUPDATEVIEW (TOOLNO,TOOLNAME,PINNO) values (6,'C++',null);
Insert into LJB_PROJECTORS.PROFILEUPDATEVIEW (TOOLNO,TOOLNAME,PINNO) values (30,'MySQL',null);
Insert into LJB_PROJECTORS.PROFILEUPDATEVIEW (TOOLNO,TOOLNAME,PINNO) values (29,'PostgreSQL',null);
Insert into LJB_PROJECTORS.PROFILEUPDATEVIEW (TOOLNO,TOOLNAME,PINNO) values (11,'React',null);
Insert into LJB_PROJECTORS.PROFILEUPDATEVIEW (TOOLNO,TOOLNAME,PINNO) values (9,'Kotlin',null);
Insert into LJB_PROJECTORS.PROFILEUPDATEVIEW (TOOLNO,TOOLNAME,PINNO) values (5,'PHP',null);
Insert into LJB_PROJECTORS.PROFILEUPDATEVIEW (TOOLNO,TOOLNAME,PINNO) values (1,'JavaScript',null);
Insert into LJB_PROJECTORS.PROFILEUPDATEVIEW (TOOLNO,TOOLNAME,PINNO) values (22,'Git',null);
Insert into LJB_PROJECTORS.PROFILEUPDATEVIEW (TOOLNO,TOOLNAME,PINNO) values (12,'Angular',null);
Insert into LJB_PROJECTORS.PROFILEUPDATEVIEW (TOOLNO,TOOLNAME,PINNO) values (2,'Python',null);
Insert into LJB_PROJECTORS.PROFILEUPDATEVIEW (TOOLNO,TOOLNAME,PINNO) values (21,'Visual Studio Code',null);
Insert into LJB_PROJECTORS.PROFILEUPDATEVIEW (TOOLNO,TOOLNAME,PINNO) values (11,'React',null);
Insert into LJB_PROJECTORS.PROFILEUPDATEVIEW (TOOLNO,TOOLNAME,PINNO) values (1,'JavaScript',null);
Insert into LJB_PROJECTORS.PROFILEUPDATEVIEW (TOOLNO,TOOLNAME,PINNO) values (28,'Eclipse',null);
Insert into LJB_PROJECTORS.PROFILEUPDATEVIEW (TOOLNO,TOOLNAME,PINNO) values (24,'Node.js',null);
Insert into LJB_PROJECTORS.PROFILEUPDATEVIEW (TOOLNO,TOOLNAME,PINNO) values (13,'Vue.js',null);
Insert into LJB_PROJECTORS.PROFILEUPDATEVIEW (TOOLNO,TOOLNAME,PINNO) values (11,'React',null);
Insert into LJB_PROJECTORS.PROFILEUPDATEVIEW (TOOLNO,TOOLNAME,PINNO) values (10,'TypeScript',null);
Insert into LJB_PROJECTORS.PROFILEUPDATEVIEW (TOOLNO,TOOLNAME,PINNO) values (1,'JavaScript',null);
Insert into LJB_PROJECTORS.PROFILEUPDATEVIEW (TOOLNO,TOOLNAME,PINNO) values (17,'Express.js',null);
Insert into LJB_PROJECTORS.PROFILEUPDATEVIEW (TOOLNO,TOOLNAME,PINNO) values (7,'Ruby',null);
Insert into LJB_PROJECTORS.PROFILEUPDATEVIEW (TOOLNO,TOOLNAME,PINNO) values (4,'C#',null);
Insert into LJB_PROJECTORS.PROFILEUPDATEVIEW (TOOLNO,TOOLNAME,PINNO) values (1,'JavaScript',null);
Insert into LJB_PROJECTORS.PROFILEUPDATEVIEW (TOOLNO,TOOLNAME,PINNO) values (18,'Flask',null);
Insert into LJB_PROJECTORS.PROFILEUPDATEVIEW (TOOLNO,TOOLNAME,PINNO) values (16,'Spring Boot',null);
Insert into LJB_PROJECTORS.PROFILEUPDATEVIEW (TOOLNO,TOOLNAME,PINNO) values (22,'Git',null);
Insert into LJB_PROJECTORS.PROFILEUPDATEVIEW (TOOLNO,TOOLNAME,PINNO) values (19,'jQuery',null);
Insert into LJB_PROJECTORS.PROFILEUPDATEVIEW (TOOLNO,TOOLNAME,PINNO) values (16,'Spring Boot',null);
Insert into LJB_PROJECTORS.PROFILEUPDATEVIEW (TOOLNO,TOOLNAME,PINNO) values (3,'Java',null);
Insert into LJB_PROJECTORS.PROFILEUPDATEVIEW (TOOLNO,TOOLNAME,PINNO) values (1,'JavaScript',null);
Insert into LJB_PROJECTORS.PROFILEUPDATEVIEW (TOOLNO,TOOLNAME,PINNO) values (24,'Node.js',null);
Insert into LJB_PROJECTORS.PROFILEUPDATEVIEW (TOOLNO,TOOLNAME,PINNO) values (22,'Git',null);
Insert into LJB_PROJECTORS.PROFILEUPDATEVIEW (TOOLNO,TOOLNAME,PINNO) values (13,'Vue.js',null);
Insert into LJB_PROJECTORS.PROFILEUPDATEVIEW (TOOLNO,TOOLNAME,PINNO) values (3,'Java',null);
Insert into LJB_PROJECTORS.PROFILEUPDATEVIEW (TOOLNO,TOOLNAME,PINNO) values (2,'Python',null);
Insert into LJB_PROJECTORS.PROFILEUPDATEVIEW (TOOLNO,TOOLNAME,PINNO) values (24,'Node.js',null);
Insert into LJB_PROJECTORS.PROFILEUPDATEVIEW (TOOLNO,TOOLNAME,PINNO) values (21,'Visual Studio Code',null);
Insert into LJB_PROJECTORS.PROFILEUPDATEVIEW (TOOLNO,TOOLNAME,PINNO) values (7,'Ruby',null);
Insert into LJB_PROJECTORS.PROFILEUPDATEVIEW (TOOLNO,TOOLNAME,PINNO) values (2,'Python',null);
Insert into LJB_PROJECTORS.PROFILEUPDATEVIEW (TOOLNO,TOOLNAME,PINNO) values (22,'Git',null);
Insert into LJB_PROJECTORS.PROFILEUPDATEVIEW (TOOLNO,TOOLNAME,PINNO) values (14,'Django',null);
Insert into LJB_PROJECTORS.PROFILEUPDATEVIEW (TOOLNO,TOOLNAME,PINNO) values (2,'Python',null);
Insert into LJB_PROJECTORS.PROFILEUPDATEVIEW (TOOLNO,TOOLNAME,PINNO) values (30,'MySQL',null);
Insert into LJB_PROJECTORS.PROFILEUPDATEVIEW (TOOLNO,TOOLNAME,PINNO) values (3,'Java',null);
Insert into LJB_PROJECTORS.PROFILEUPDATEVIEW (TOOLNO,TOOLNAME,PINNO) values (5,'PHP',null);
Insert into LJB_PROJECTORS.PROFILEUPDATEVIEW (TOOLNO,TOOLNAME,PINNO) values (1,'JavaScript',null);
Insert into LJB_PROJECTORS.PROFILEUPDATEVIEW (TOOLNO,TOOLNAME,PINNO) values (24,'Node.js',null);
Insert into LJB_PROJECTORS.PROFILEUPDATEVIEW (TOOLNO,TOOLNAME,PINNO) values (14,'Django',null);
Insert into LJB_PROJECTORS.PROFILEUPDATEVIEW (TOOLNO,TOOLNAME,PINNO) values (4,'C#',null);
Insert into LJB_PROJECTORS.PROFILEUPDATEVIEW (TOOLNO,TOOLNAME,PINNO) values (27,'Xcode',null);
Insert into LJB_PROJECTORS.PROFILEUPDATEVIEW (TOOLNO,TOOLNAME,PINNO) values (18,'Flask',null);
Insert into LJB_PROJECTORS.PROFILEUPDATEVIEW (TOOLNO,TOOLNAME,PINNO) values (10,'TypeScript',null);
Insert into LJB_PROJECTORS.PROFILEUPDATEVIEW (TOOLNO,TOOLNAME,PINNO) values (7,'Ruby',null);
Insert into LJB_PROJECTORS.PROFILEUPDATEVIEW (TOOLNO,TOOLNAME,PINNO) values (30,'MySQL',null);
Insert into LJB_PROJECTORS.PROFILEUPDATEVIEW (TOOLNO,TOOLNAME,PINNO) values (28,'Eclipse',null);
Insert into LJB_PROJECTORS.PROFILEUPDATEVIEW (TOOLNO,TOOLNAME,PINNO) values (22,'Git',null);
Insert into LJB_PROJECTORS.PROFILEUPDATEVIEW (TOOLNO,TOOLNAME,PINNO) values (19,'jQuery',null);
Insert into LJB_PROJECTORS.PROFILEUPDATEVIEW (TOOLNO,TOOLNAME,PINNO) values (16,'Spring Boot',null);
Insert into LJB_PROJECTORS.PROFILEUPDATEVIEW (TOOLNO,TOOLNAME,PINNO) values (3,'Java',null);
Insert into LJB_PROJECTORS.PROFILEUPDATEVIEW (TOOLNO,TOOLNAME,PINNO) values (1,'JavaScript',null);
Insert into LJB_PROJECTORS.PROFILEUPDATEVIEW (TOOLNO,TOOLNAME,PINNO) values (19,'jQuery',null);
Insert into LJB_PROJECTORS.PROFILEUPDATEVIEW (TOOLNO,TOOLNAME,PINNO) values (16,'Spring Boot',null);
Insert into LJB_PROJECTORS.PROFILEUPDATEVIEW (TOOLNO,TOOLNAME,PINNO) values (12,'Angular',null);
Insert into LJB_PROJECTORS.PROFILEUPDATEVIEW (TOOLNO,TOOLNAME,PINNO) values (2,'Python',null);
Insert into LJB_PROJECTORS.PROFILEUPDATEVIEW (TOOLNO,TOOLNAME,PINNO) values (22,'Git',null);
Insert into LJB_PROJECTORS.PROFILEUPDATEVIEW (TOOLNO,TOOLNAME,PINNO) values (15,'Ruby on Rails',null);
Insert into LJB_PROJECTORS.PROFILEUPDATEVIEW (TOOLNO,TOOLNAME,PINNO) values (2,'Python',null);
REM INSERTING into LJB_PROJECTORS.PROFILEVIEW
SET DEFINE OFF;
Insert into LJB_PROJECTORS.PROFILEVIEW (PINNO,PROFILENO,PHOTOURL,NICKNAME,ID,REGIONNO,REGIONNAME,SUBREGIONNO,SUBREGIONNAME,POSNO,POSNAME) values ('UP1','PF1','images/defaultPhoto.jpg','두라현','doolahyeon@gmail.com',1,'서울특별시',991,'전체',1,'FRONTEND');
Insert into LJB_PROJECTORS.PROFILEVIEW (PINNO,PROFILENO,PHOTOURL,NICKNAME,ID,REGIONNO,REGIONNAME,SUBREGIONNO,SUBREGIONNAME,POSNO,POSNAME) values ('UP15','PF15','images/defaultPhoto.jpg','이은정','test995@test.com',1,'서울특별시',991,'전체',6,'PLANNING');
Insert into LJB_PROJECTORS.PROFILEVIEW (PINNO,PROFILENO,PHOTOURL,NICKNAME,ID,REGIONNO,REGIONNAME,SUBREGIONNO,SUBREGIONNAME,POSNO,POSNAME) values ('UP58','PF32','images/defaultPhoto.jpg','사과','user001@user.com',1,'서울특별시',991,'전체',1,'FRONTEND');
Insert into LJB_PROJECTORS.PROFILEVIEW (PINNO,PROFILENO,PHOTOURL,NICKNAME,ID,REGIONNO,REGIONNAME,SUBREGIONNO,SUBREGIONNAME,POSNO,POSNAME) values ('UP28','PF20','images/defaultPhoto.jpg','여우','test990@test.com',1,'서울특별시',991,'전체',6,'PLANNING');
Insert into LJB_PROJECTORS.PROFILEVIEW (PINNO,PROFILENO,PHOTOURL,NICKNAME,ID,REGIONNO,REGIONNAME,SUBREGIONNO,SUBREGIONNAME,POSNO,POSNAME) values ('UP61','PF33','images/defaultPhoto.jpg','모집자','lll@test.com',1,'서울특별시',991,'전체',2,'BACKEND');
Insert into LJB_PROJECTORS.PROFILEVIEW (PINNO,PROFILENO,PHOTOURL,NICKNAME,ID,REGIONNO,REGIONNAME,SUBREGIONNO,SUBREGIONNAME,POSNO,POSNAME) values ('UP66','PF37','images/defaultPhoto.jpg','안녕','안녕@test.com',1,'서울특별시',991,'전체',3,'FULLSTACK');
Insert into LJB_PROJECTORS.PROFILEVIEW (PINNO,PROFILENO,PHOTOURL,NICKNAME,ID,REGIONNO,REGIONNAME,SUBREGIONNO,SUBREGIONNAME,POSNO,POSNAME) values ('UP16','PF31',null,null,null,1,'서울특별시',991,'전체',3,'FULLSTACK');
Insert into LJB_PROJECTORS.PROFILEVIEW (PINNO,PROFILENO,PHOTOURL,NICKNAME,ID,REGIONNO,REGIONNAME,SUBREGIONNO,SUBREGIONNAME,POSNO,POSNAME) values ('UP64','PF36','images/defaultPhoto.jpg','지원4','ll4@test.com',2,'경기도',17,'여주시',1,'FRONTEND');
Insert into LJB_PROJECTORS.PROFILEVIEW (PINNO,PROFILENO,PHOTOURL,NICKNAME,ID,REGIONNO,REGIONNAME,SUBREGIONNO,SUBREGIONNAME,POSNO,POSNAME) values ('UP6','PF6','images/defaultPhoto.jpg','도라에몽','도라에몽@naver.com',2,'경기도',16,'양주시',1,'FRONTEND');
Insert into LJB_PROJECTORS.PROFILEVIEW (PINNO,PROFILENO,PHOTOURL,NICKNAME,ID,REGIONNO,REGIONNAME,SUBREGIONNO,SUBREGIONNAME,POSNO,POSNAME) values ('UP12','PF12','images/defaultPhoto.jpg','김영수','test998@test.com',2,'경기도',15,'안양시',2,'BACKEND');
Insert into LJB_PROJECTORS.PROFILEVIEW (PINNO,PROFILENO,PHOTOURL,NICKNAME,ID,REGIONNO,REGIONNAME,SUBREGIONNO,SUBREGIONNAME,POSNO,POSNAME) values ('UP25','PF17','images/defaultPhoto.jpg','토끼','test993@test.com',2,'경기도',15,'안양시',2,'BACKEND');
Insert into LJB_PROJECTORS.PROFILEVIEW (PINNO,PROFILENO,PHOTOURL,NICKNAME,ID,REGIONNO,REGIONNAME,SUBREGIONNO,SUBREGIONNAME,POSNO,POSNAME) values ('UP27','PF19','images/defaultPhoto.jpg','앵무새','test991@test.com',2,'경기도',13,'안산시',1,'FRONTEND');
Insert into LJB_PROJECTORS.PROFILEVIEW (PINNO,PROFILENO,PHOTOURL,NICKNAME,ID,REGIONNO,REGIONNAME,SUBREGIONNO,SUBREGIONNAME,POSNO,POSNAME) values ('UP9','PF9','images/defaultPhoto.jpg','퉁퉁이','퉁퉁이@naver.com',2,'경기도',12,'시흥시',4,'PUBLISHING');
Insert into LJB_PROJECTORS.PROFILEVIEW (PINNO,PROFILENO,PHOTOURL,NICKNAME,ID,REGIONNO,REGIONNAME,SUBREGIONNO,SUBREGIONNAME,POSNO,POSNAME) values ('UP26','PF18','images/defaultPhoto.jpg','사슴','test992@test.com',2,'경기도',12,'시흥시',5,'DESIGN');
Insert into LJB_PROJECTORS.PROFILEVIEW (PINNO,PROFILENO,PHOTOURL,NICKNAME,ID,REGIONNO,REGIONNAME,SUBREGIONNO,SUBREGIONNAME,POSNO,POSNAME) values ('UP63','PF35','images/defaultPhoto.jpg','지원2','ll3@test.com',2,'경기도',8,'동두천',2,'BACKEND');
Insert into LJB_PROJECTORS.PROFILEVIEW (PINNO,PROFILENO,PHOTOURL,NICKNAME,ID,REGIONNO,REGIONNAME,SUBREGIONNO,SUBREGIONNAME,POSNO,POSNAME) values ('UP8','PF8','images/defaultPhoto.jpg','비실이','비실이@naver.com',2,'경기도',7,'남양주',3,'FULLSTACK');
Insert into LJB_PROJECTORS.PROFILEVIEW (PINNO,PROFILENO,PHOTOURL,NICKNAME,ID,REGIONNO,REGIONNAME,SUBREGIONNO,SUBREGIONNAME,POSNO,POSNAME) values ('UP14','PF14','images/defaultPhoto.jpg','김민지','test996@test.com',2,'경기도',3,'광명시',1,'FRONTEND');
Insert into LJB_PROJECTORS.PROFILEVIEW (PINNO,PROFILENO,PHOTOURL,NICKNAME,ID,REGIONNO,REGIONNAME,SUBREGIONNO,SUBREGIONNAME,POSNO,POSNAME) values ('UP62','PF34','images/defaultPhoto.jpg','지원1','ll2@test.com',2,'경기도',2,'과천시',2,'BACKEND');
Insert into LJB_PROJECTORS.PROFILEVIEW (PINNO,PROFILENO,PHOTOURL,NICKNAME,ID,REGIONNO,REGIONNAME,SUBREGIONNO,SUBREGIONNAME,POSNO,POSNAME) values ('UP13','PF13','images/defaultPhoto.jpg','김민수','test997@test.com',2,'경기도',2,'과천시',5,'DESIGN');
Insert into LJB_PROJECTORS.PROFILEVIEW (PINNO,PROFILENO,PHOTOURL,NICKNAME,ID,REGIONNO,REGIONNAME,SUBREGIONNO,SUBREGIONNAME,POSNO,POSNAME) values ('UP2','PF2','images/defaultPhoto.jpg','세다현','sedahyeon@gmail.com',2,'경기도',1,'고양시',2,'BACKEND');
Insert into LJB_PROJECTORS.PROFILEVIEW (PINNO,PROFILENO,PHOTOURL,NICKNAME,ID,REGIONNO,REGIONNAME,SUBREGIONNO,SUBREGIONNAME,POSNO,POSNAME) values ('UP39','PF21','images/defaultPhoto.jpg','평가용','평가용@naver.com',2,'경기도',1,'고양시',1,'FRONTEND');
Insert into LJB_PROJECTORS.PROFILEVIEW (PINNO,PROFILENO,PHOTOURL,NICKNAME,ID,REGIONNO,REGIONNAME,SUBREGIONNO,SUBREGIONNAME,POSNO,POSNAME) values ('UP41','PF22','images/defaultPhoto.jpg','평가용1','평가용1@naver.com',2,'경기도',1,'고양시',1,'FRONTEND');
Insert into LJB_PROJECTORS.PROFILEVIEW (PINNO,PROFILENO,PHOTOURL,NICKNAME,ID,REGIONNO,REGIONNAME,SUBREGIONNO,SUBREGIONNAME,POSNO,POSNAME) values ('UP42','PF23','images/defaultPhoto.jpg','평가용2','평가용2@naver.com',2,'경기도',1,'고양시',1,'FRONTEND');
Insert into LJB_PROJECTORS.PROFILEVIEW (PINNO,PROFILENO,PHOTOURL,NICKNAME,ID,REGIONNO,REGIONNAME,SUBREGIONNO,SUBREGIONNAME,POSNO,POSNAME) values ('UP43','PF24','images/defaultPhoto.jpg','평가용3','평가용3@naver.com',2,'경기도',1,'고양시',1,'FRONTEND');
Insert into LJB_PROJECTORS.PROFILEVIEW (PINNO,PROFILENO,PHOTOURL,NICKNAME,ID,REGIONNO,REGIONNAME,SUBREGIONNO,SUBREGIONNAME,POSNO,POSNAME) values ('UP44','PF25','images/defaultPhoto.jpg','평가용4','평가용4@naver.com',2,'경기도',1,'고양시',1,'FRONTEND');
Insert into LJB_PROJECTORS.PROFILEVIEW (PINNO,PROFILENO,PHOTOURL,NICKNAME,ID,REGIONNO,REGIONNAME,SUBREGIONNO,SUBREGIONNAME,POSNO,POSNAME) values ('UP45','PF26','images/defaultPhoto.jpg','평가용5','평가용5@naver.com',2,'경기도',1,'고양시',1,'FRONTEND');
Insert into LJB_PROJECTORS.PROFILEVIEW (PINNO,PROFILENO,PHOTOURL,NICKNAME,ID,REGIONNO,REGIONNAME,SUBREGIONNO,SUBREGIONNAME,POSNO,POSNAME) values ('UP46','PF27','images/defaultPhoto.jpg','평가용6','평가용6@naver.com',2,'경기도',1,'고양시',1,'FRONTEND');
Insert into LJB_PROJECTORS.PROFILEVIEW (PINNO,PROFILENO,PHOTOURL,NICKNAME,ID,REGIONNO,REGIONNAME,SUBREGIONNO,SUBREGIONNAME,POSNO,POSNAME) values ('UP69','PF40','images/defaultPhoto.jpg','모집해','모집해@test.com',5,'대구광역시',995,'전체',2,'BACKEND');
Insert into LJB_PROJECTORS.PROFILEVIEW (PINNO,PROFILENO,PHOTOURL,NICKNAME,ID,REGIONNO,REGIONNAME,SUBREGIONNO,SUBREGIONNAME,POSNO,POSNAME) values ('UP7','PF7','images/defaultPhoto.jpg','노진구','노진구@naver.com',7,'대전광역시',997,'전체',2,'BACKEND');
Insert into LJB_PROJECTORS.PROFILEVIEW (PINNO,PROFILENO,PHOTOURL,NICKNAME,ID,REGIONNO,REGIONNAME,SUBREGIONNO,SUBREGIONNAME,POSNO,POSNAME) values ('UP71','PF42','images/defaultPhoto.jpg','지원인','지원돌3@test.com',9,'세종특별시',999,'전체',2,'BACKEND');
Insert into LJB_PROJECTORS.PROFILEVIEW (PINNO,PROFILENO,PHOTOURL,NICKNAME,ID,REGIONNO,REGIONNAME,SUBREGIONNO,SUBREGIONNAME,POSNO,POSNAME) values ('UP68','PF39','images/defaultPhoto.jpg','지원돌','지원돌@test.com',10,'강원도',34,'태백시',2,'BACKEND');
Insert into LJB_PROJECTORS.PROFILEVIEW (PINNO,PROFILENO,PHOTOURL,NICKNAME,ID,REGIONNO,REGIONNAME,SUBREGIONNO,SUBREGIONNAME,POSNO,POSNAME) values ('UP47','PF30','images/defaultPhoto.jpg','노프로필','노프로필@naver.com',10,'강원도',31,'속초시',1,'FRONTEND');
Insert into LJB_PROJECTORS.PROFILEVIEW (PINNO,PROFILENO,PHOTOURL,NICKNAME,ID,REGIONNO,REGIONNAME,SUBREGIONNO,SUBREGIONNAME,POSNO,POSNAME) values ('UP3','PF3','images/defaultPhoto.jpg','네다현','nedahyeon@gmail.com',10,'강원도',28,'강릉시',2,'BACKEND');
Insert into LJB_PROJECTORS.PROFILEVIEW (PINNO,PROFILENO,PHOTOURL,NICKNAME,ID,REGIONNO,REGIONNAME,SUBREGIONNO,SUBREGIONNAME,POSNO,POSNAME) values ('UP10','PF10','images/defaultPhoto.jpg','이슬이','이슬이@naver.com',11,'경상남도',41,'창원시',2,'BACKEND');
Insert into LJB_PROJECTORS.PROFILEVIEW (PINNO,PROFILENO,PHOTOURL,NICKNAME,ID,REGIONNO,REGIONNAME,SUBREGIONNO,SUBREGIONNAME,POSNO,POSNAME) values ('UP70','PF41','images/defaultPhoto.jpg','지원자','지원돌2@test.com',11,'경상남도',37,'밀양시',1,'FRONTEND');
Insert into LJB_PROJECTORS.PROFILEVIEW (PINNO,PROFILENO,PHOTOURL,NICKNAME,ID,REGIONNO,REGIONNAME,SUBREGIONNO,SUBREGIONNAME,POSNO,POSNAME) values ('UP4','PF4','images/defaultPhoto.jpg','오아현','ohahyeon@gmail.com',11,'경상남도',35,'거제시',2,'BACKEND');
Insert into LJB_PROJECTORS.PROFILEVIEW (PINNO,PROFILENO,PHOTOURL,NICKNAME,ID,REGIONNO,REGIONNAME,SUBREGIONNO,SUBREGIONNAME,POSNO,POSNAME) values ('UP5','PF5','images/defaultPhoto.jpg','유가현','ugahyeon@gmail.com',12,'경상북도',45,'구미시',2,'BACKEND');
Insert into LJB_PROJECTORS.PROFILEVIEW (PINNO,PROFILENO,PHOTOURL,NICKNAME,ID,REGIONNO,REGIONNAME,SUBREGIONNO,SUBREGIONNAME,POSNO,POSNAME) values ('UP11','PF11','images/defaultPhoto.jpg','김철수','test999@test.com',17,'제주특별자치도',76,'서귀포시',1,'FRONTEND');
Insert into LJB_PROJECTORS.PROFILEVIEW (PINNO,PROFILENO,PHOTOURL,NICKNAME,ID,REGIONNO,REGIONNAME,SUBREGIONNO,SUBREGIONNAME,POSNO,POSNAME) values ('UP24','PF16','images/defaultPhoto.jpg','호랑이','test994@test.com',17,'제주특별자치도',76,'서귀포시',1,'FRONTEND');
Insert into LJB_PROJECTORS.PROFILEVIEW (PINNO,PROFILENO,PHOTOURL,NICKNAME,ID,REGIONNO,REGIONNAME,SUBREGIONNO,SUBREGIONNAME,POSNO,POSNAME) values ('UP67','PF38','images/defaultPhoto.jpg','모집돌','모집돌@test.com',17,'제주특별자치도',75,'제주시',1,'FRONTEND');
REM INSERTING into LJB_PROJECTORS.PROFILE_TOTAL_RATE
SET DEFINE OFF;
Insert into LJB_PROJECTORS.PROFILE_TOTAL_RATE (PINNO,RATENO,RATENAME,TOTAL_COUNT) values ('UP42',6,'업무 수행 능력이 낮음',1);
Insert into LJB_PROJECTORS.PROFILE_TOTAL_RATE (PINNO,RATENO,RATENAME,TOTAL_COUNT) values ('UP42',4,'참여율이 저조함',1);
Insert into LJB_PROJECTORS.PROFILE_TOTAL_RATE (PINNO,RATENO,RATENAME,TOTAL_COUNT) values ('UP42',1,'열심히 참여함',1);
REM INSERTING into LJB_PROJECTORS.RATE_SUMMARY
SET DEFINE OFF;
REM INSERTING into LJB_PROJECTORS.RECRUITPOSITIONVIEW
SET DEFINE OFF;
Insert into LJB_PROJECTORS.RECRUITPOSITIONVIEW (RECRUITPOSNO,POSNAME,COUNTALL,COUNTPOS,RECRUITNO,APPLYCOUNT) values ('RP3','FRONTEND',1,0,'RC2',1);
Insert into LJB_PROJECTORS.RECRUITPOSITIONVIEW (RECRUITPOSNO,POSNAME,COUNTALL,COUNTPOS,RECRUITNO,APPLYCOUNT) values ('RP12','FRONTEND',1,1,'RC5',1);
Insert into LJB_PROJECTORS.RECRUITPOSITIONVIEW (RECRUITPOSNO,POSNAME,COUNTALL,COUNTPOS,RECRUITNO,APPLYCOUNT) values ('RP18','PLANNING',1,0,'RC5',0);
Insert into LJB_PROJECTORS.RECRUITPOSITIONVIEW (RECRUITPOSNO,POSNAME,COUNTALL,COUNTPOS,RECRUITNO,APPLYCOUNT) values ('RP22','FRONTEND',1,1,'RC9',1);
Insert into LJB_PROJECTORS.RECRUITPOSITIONVIEW (RECRUITPOSNO,POSNAME,COUNTALL,COUNTPOS,RECRUITNO,APPLYCOUNT) values ('RP46','FRONTEND',1,0,'RC17',0);
Insert into LJB_PROJECTORS.RECRUITPOSITIONVIEW (RECRUITPOSNO,POSNAME,COUNTALL,COUNTPOS,RECRUITNO,APPLYCOUNT) values ('RP48','BACKEND',1,0,'RC17',0);
Insert into LJB_PROJECTORS.RECRUITPOSITIONVIEW (RECRUITPOSNO,POSNAME,COUNTALL,COUNTPOS,RECRUITNO,APPLYCOUNT) values ('RP13','BACKEND',1,0,'RC5',0);
Insert into LJB_PROJECTORS.RECRUITPOSITIONVIEW (RECRUITPOSNO,POSNAME,COUNTALL,COUNTPOS,RECRUITNO,APPLYCOUNT) values ('RP39','DESIGN',1,0,'RC15',0);
Insert into LJB_PROJECTORS.RECRUITPOSITIONVIEW (RECRUITPOSNO,POSNAME,COUNTALL,COUNTPOS,RECRUITNO,APPLYCOUNT) values ('RP32','FRONTEND',1,0,'RC13',0);
Insert into LJB_PROJECTORS.RECRUITPOSITIONVIEW (RECRUITPOSNO,POSNAME,COUNTALL,COUNTPOS,RECRUITNO,APPLYCOUNT) values ('RP34','FULLSTACK',1,0,'RC13',0);
Insert into LJB_PROJECTORS.RECRUITPOSITIONVIEW (RECRUITPOSNO,POSNAME,COUNTALL,COUNTPOS,RECRUITNO,APPLYCOUNT) values ('RP37','BACKEND',1,0,'RC14',2);
Insert into LJB_PROJECTORS.RECRUITPOSITIONVIEW (RECRUITPOSNO,POSNAME,COUNTALL,COUNTPOS,RECRUITNO,APPLYCOUNT) values ('RP45','FRONTEND',1,0,'RC17',0);
Insert into LJB_PROJECTORS.RECRUITPOSITIONVIEW (RECRUITPOSNO,POSNAME,COUNTALL,COUNTPOS,RECRUITNO,APPLYCOUNT) values ('RP47','BACKEND',1,1,'RC17',1);
Insert into LJB_PROJECTORS.RECRUITPOSITIONVIEW (RECRUITPOSNO,POSNAME,COUNTALL,COUNTPOS,RECRUITNO,APPLYCOUNT) values ('RP72','FRONTEND',1,1,'RC24',1);
Insert into LJB_PROJECTORS.RECRUITPOSITIONVIEW (RECRUITPOSNO,POSNAME,COUNTALL,COUNTPOS,RECRUITNO,APPLYCOUNT) values ('RP9','FRONTEND',1,1,'RC4',1);
Insert into LJB_PROJECTORS.RECRUITPOSITIONVIEW (RECRUITPOSNO,POSNAME,COUNTALL,COUNTPOS,RECRUITNO,APPLYCOUNT) values ('RP15','PUBLISHING',1,0,'RC5',0);
Insert into LJB_PROJECTORS.RECRUITPOSITIONVIEW (RECRUITPOSNO,POSNAME,COUNTALL,COUNTPOS,RECRUITNO,APPLYCOUNT) values ('RP50','FRONTEND',1,1,'RC18',1);
Insert into LJB_PROJECTORS.RECRUITPOSITIONVIEW (RECRUITPOSNO,POSNAME,COUNTALL,COUNTPOS,RECRUITNO,APPLYCOUNT) values ('RP1','FRONTEND',1,0,'RC1',3);
Insert into LJB_PROJECTORS.RECRUITPOSITIONVIEW (RECRUITPOSNO,POSNAME,COUNTALL,COUNTPOS,RECRUITNO,APPLYCOUNT) values ('RP6','FRONTEND',1,0,'RC3',0);
Insert into LJB_PROJECTORS.RECRUITPOSITIONVIEW (RECRUITPOSNO,POSNAME,COUNTALL,COUNTPOS,RECRUITNO,APPLYCOUNT) values ('RP10','BACKEND',1,1,'RC4',1);
Insert into LJB_PROJECTORS.RECRUITPOSITIONVIEW (RECRUITPOSNO,POSNAME,COUNTALL,COUNTPOS,RECRUITNO,APPLYCOUNT) values ('RP27','FRONTEND',1,1,'RC11',1);
Insert into LJB_PROJECTORS.RECRUITPOSITIONVIEW (RECRUITPOSNO,POSNAME,COUNTALL,COUNTPOS,RECRUITNO,APPLYCOUNT) values ('RP28','FRONTEND',1,1,'RC11',1);
Insert into LJB_PROJECTORS.RECRUITPOSITIONVIEW (RECRUITPOSNO,POSNAME,COUNTALL,COUNTPOS,RECRUITNO,APPLYCOUNT) values ('RP54','BACKEND',1,1,'RC19',1);
Insert into LJB_PROJECTORS.RECRUITPOSITIONVIEW (RECRUITPOSNO,POSNAME,COUNTALL,COUNTPOS,RECRUITNO,APPLYCOUNT) values ('RP51','BACKEND',1,1,'RC18',1);
Insert into LJB_PROJECTORS.RECRUITPOSITIONVIEW (RECRUITPOSNO,POSNAME,COUNTALL,COUNTPOS,RECRUITNO,APPLYCOUNT) values ('RP2','BACKEND',1,0,'RC1',3);
Insert into LJB_PROJECTORS.RECRUITPOSITIONVIEW (RECRUITPOSNO,POSNAME,COUNTALL,COUNTPOS,RECRUITNO,APPLYCOUNT) values ('RP21','DESIGN',1,1,'RC6',1);
Insert into LJB_PROJECTORS.RECRUITPOSITIONVIEW (RECRUITPOSNO,POSNAME,COUNTALL,COUNTPOS,RECRUITNO,APPLYCOUNT) values ('RP26','FRONTEND',1,1,'RC10',1);
Insert into LJB_PROJECTORS.RECRUITPOSITIONVIEW (RECRUITPOSNO,POSNAME,COUNTALL,COUNTPOS,RECRUITNO,APPLYCOUNT) values ('RP38','BACKEND',1,1,'RC15',1);
Insert into LJB_PROJECTORS.RECRUITPOSITIONVIEW (RECRUITPOSNO,POSNAME,COUNTALL,COUNTPOS,RECRUITNO,APPLYCOUNT) values ('RP36','FRONTEND',1,1,'RC14',3);
Insert into LJB_PROJECTORS.RECRUITPOSITIONVIEW (RECRUITPOSNO,POSNAME,COUNTALL,COUNTPOS,RECRUITNO,APPLYCOUNT) values ('RP53','FRONTEND',1,0,'RC19',0);
Insert into LJB_PROJECTORS.RECRUITPOSITIONVIEW (RECRUITPOSNO,POSNAME,COUNTALL,COUNTPOS,RECRUITNO,APPLYCOUNT) values ('RP5','BACKEND',1,0,'RC2',1);
Insert into LJB_PROJECTORS.RECRUITPOSITIONVIEW (RECRUITPOSNO,POSNAME,COUNTALL,COUNTPOS,RECRUITNO,APPLYCOUNT) values ('RP8','FULLSTACK',1,1,'RC3',1);
Insert into LJB_PROJECTORS.RECRUITPOSITIONVIEW (RECRUITPOSNO,POSNAME,COUNTALL,COUNTPOS,RECRUITNO,APPLYCOUNT) values ('RP14','FULLSTACK',1,0,'RC5',0);
Insert into LJB_PROJECTORS.RECRUITPOSITIONVIEW (RECRUITPOSNO,POSNAME,COUNTALL,COUNTPOS,RECRUITNO,APPLYCOUNT) values ('RP17','PLANNING',1,0,'RC5',0);
Insert into LJB_PROJECTORS.RECRUITPOSITIONVIEW (RECRUITPOSNO,POSNAME,COUNTALL,COUNTPOS,RECRUITNO,APPLYCOUNT) values ('RP19','FRONTEND',1,1,'RC6',1);
Insert into LJB_PROJECTORS.RECRUITPOSITIONVIEW (RECRUITPOSNO,POSNAME,COUNTALL,COUNTPOS,RECRUITNO,APPLYCOUNT) values ('RP24','FRONTEND',1,1,'RC10',1);
Insert into LJB_PROJECTORS.RECRUITPOSITIONVIEW (RECRUITPOSNO,POSNAME,COUNTALL,COUNTPOS,RECRUITNO,APPLYCOUNT) values ('RP33','BACKEND',1,0,'RC13',0);
Insert into LJB_PROJECTORS.RECRUITPOSITIONVIEW (RECRUITPOSNO,POSNAME,COUNTALL,COUNTPOS,RECRUITNO,APPLYCOUNT) values ('RP74','BACKEND',1,1,'RC24',1);
Insert into LJB_PROJECTORS.RECRUITPOSITIONVIEW (RECRUITPOSNO,POSNAME,COUNTALL,COUNTPOS,RECRUITNO,APPLYCOUNT) values ('RP52','BACKEND',1,1,'RC18',1);
Insert into LJB_PROJECTORS.RECRUITPOSITIONVIEW (RECRUITPOSNO,POSNAME,COUNTALL,COUNTPOS,RECRUITNO,APPLYCOUNT) values ('RP4','BACKEND',1,0,'RC2',1);
Insert into LJB_PROJECTORS.RECRUITPOSITIONVIEW (RECRUITPOSNO,POSNAME,COUNTALL,COUNTPOS,RECRUITNO,APPLYCOUNT) values ('RP16','DESIGN',1,0,'RC5',0);
Insert into LJB_PROJECTORS.RECRUITPOSITIONVIEW (RECRUITPOSNO,POSNAME,COUNTALL,COUNTPOS,RECRUITNO,APPLYCOUNT) values ('RP23','BACKEND',1,1,'RC9',1);
Insert into LJB_PROJECTORS.RECRUITPOSITIONVIEW (RECRUITPOSNO,POSNAME,COUNTALL,COUNTPOS,RECRUITNO,APPLYCOUNT) values ('RP29','FRONTEND',1,1,'RC12',1);
Insert into LJB_PROJECTORS.RECRUITPOSITIONVIEW (RECRUITPOSNO,POSNAME,COUNTALL,COUNTPOS,RECRUITNO,APPLYCOUNT) values ('RP30','FRONTEND',1,1,'RC12',1);
Insert into LJB_PROJECTORS.RECRUITPOSITIONVIEW (RECRUITPOSNO,POSNAME,COUNTALL,COUNTPOS,RECRUITNO,APPLYCOUNT) values ('RP31','FRONTEND',1,1,'RC12',1);
Insert into LJB_PROJECTORS.RECRUITPOSITIONVIEW (RECRUITPOSNO,POSNAME,COUNTALL,COUNTPOS,RECRUITNO,APPLYCOUNT) values ('RP49','FRONTEND',1,1,'RC18',1);
Insert into LJB_PROJECTORS.RECRUITPOSITIONVIEW (RECRUITPOSNO,POSNAME,COUNTALL,COUNTPOS,RECRUITNO,APPLYCOUNT) values ('RP7','BACKEND',1,0,'RC3',1);
Insert into LJB_PROJECTORS.RECRUITPOSITIONVIEW (RECRUITPOSNO,POSNAME,COUNTALL,COUNTPOS,RECRUITNO,APPLYCOUNT) values ('RP11','BACKEND',1,1,'RC4',1);
Insert into LJB_PROJECTORS.RECRUITPOSITIONVIEW (RECRUITPOSNO,POSNAME,COUNTALL,COUNTPOS,RECRUITNO,APPLYCOUNT) values ('RP20','BACKEND',1,1,'RC6',1);
Insert into LJB_PROJECTORS.RECRUITPOSITIONVIEW (RECRUITPOSNO,POSNAME,COUNTALL,COUNTPOS,RECRUITNO,APPLYCOUNT) values ('RP25','FRONTEND',1,1,'RC10',1);
Insert into LJB_PROJECTORS.RECRUITPOSITIONVIEW (RECRUITPOSNO,POSNAME,COUNTALL,COUNTPOS,RECRUITNO,APPLYCOUNT) values ('RP35','PLANNING',1,1,'RC13',1);
Insert into LJB_PROJECTORS.RECRUITPOSITIONVIEW (RECRUITPOSNO,POSNAME,COUNTALL,COUNTPOS,RECRUITNO,APPLYCOUNT) values ('RP73','BACKEND',1,1,'RC24',1);
Insert into LJB_PROJECTORS.RECRUITPOSITIONVIEW (RECRUITPOSNO,POSNAME,COUNTALL,COUNTPOS,RECRUITNO,APPLYCOUNT) values ('RP71','FRONTEND',1,1,'RC24',1);
Insert into LJB_PROJECTORS.RECRUITPOSITIONVIEW (RECRUITPOSNO,POSNAME,COUNTALL,COUNTPOS,RECRUITNO,APPLYCOUNT) values ('RP55','BACKEND',1,0,'RC19',0);
REM INSERTING into LJB_PROJECTORS.RECRUITVIEW
SET DEFINE OFF;
Insert into LJB_PROJECTORS.RECRUITVIEW (RECRUITNO,PINNO,NICKNAME,DEADLINEDATE,DDAY,PRJSTART,PRJEND,TITLE,CONTENT,DOTYPENAME,REGIONNAME,SUBREGIONNAME) values ('RC13','UP24','호랑이','2023.08.25',-11,'2023.08.30','2023.10.30','병충해 식물 판별하는 AI 어플리케이션','좋은 사람들끼리 프로젝트 하고 싶어 글을 써봅니다 ^^
많은 지원 부탁드립니다.','대면','제주특별자치도','서귀포시');
Insert into LJB_PROJECTORS.RECRUITVIEW (RECRUITNO,PINNO,NICKNAME,DEADLINEDATE,DDAY,PRJSTART,PRJEND,TITLE,CONTENT,DOTYPENAME,REGIONNAME,SUBREGIONNAME) values ('RC3','UP6','도라에몽','2023.08.15',-21,'2023.08.20','2023.09.20','주차 시스템 프로젝트','주차 시스템 프로젝트에 관련된 내용','대면','경기도','양주시');
Insert into LJB_PROJECTORS.RECRUITVIEW (RECRUITNO,PINNO,NICKNAME,DEADLINEDATE,DDAY,PRJSTART,PRJEND,TITLE,CONTENT,DOTYPENAME,REGIONNAME,SUBREGIONNAME) values ('RC12','UP39','평가용','2022.01.03',-610,'2022.01.15','2023.04.15','평가 출력용 제목 공고2','평가 출력용 내용 공고2','대면','경기도','고양시');
Insert into LJB_PROJECTORS.RECRUITVIEW (RECRUITNO,PINNO,NICKNAME,DEADLINEDATE,DDAY,PRJSTART,PRJEND,TITLE,CONTENT,DOTYPENAME,REGIONNAME,SUBREGIONNAME) values ('RC19','UP1','두라현','2023.09.11',6,'2023.09.15','2023.12.30','우리동네 먹짱','동네 맛집 탐방 친구를 구하는 플랫폼입니다.
자세한 계획은 없구요
프론트 1 , 백 2 이렇게 셋이서 합시다','대면','서울특별시','전체');
Insert into LJB_PROJECTORS.RECRUITVIEW (RECRUITNO,PINNO,NICKNAME,DEADLINEDATE,DDAY,PRJSTART,PRJEND,TITLE,CONTENT,DOTYPENAME,REGIONNAME,SUBREGIONNAME) values ('RC2','UP2','세다현','2023.08.06',-30,'2023.08.10','2023.10.10','주제 미정 프로젝트','기획부터 함께하실 분들을 구합니다. 프로젝트 경험이 없거나 적은 분들도 괜찮습니다. 팀원은 저 포함 총 3명으로...','비대면','경기도','고양시');
Insert into LJB_PROJECTORS.RECRUITVIEW (RECRUITNO,PINNO,NICKNAME,DEADLINEDATE,DDAY,PRJSTART,PRJEND,TITLE,CONTENT,DOTYPENAME,REGIONNAME,SUBREGIONNAME) values ('RC11','UP41','평가용1','2022.05.17',-476,'2022.05.25','2023.08.09','평가 출력용 제목 공고','평가 출력용 내용 공고','대면','경기도','고양시');
Insert into LJB_PROJECTORS.RECRUITVIEW (RECRUITNO,PINNO,NICKNAME,DEADLINEDATE,DDAY,PRJSTART,PRJEND,TITLE,CONTENT,DOTYPENAME,REGIONNAME,SUBREGIONNAME) values ('RC4','UP7','노진구','2023.07.29',-38,'2023.08.01','2023.11.01','메신저 시스템 프로젝트','메신저 시스템 프로젝트에 관련된 내용','대면','대전광역시','전체');
Insert into LJB_PROJECTORS.RECRUITVIEW (RECRUITNO,PINNO,NICKNAME,DEADLINEDATE,DDAY,PRJSTART,PRJEND,TITLE,CONTENT,DOTYPENAME,REGIONNAME,SUBREGIONNAME) values ('RC1','UP1','두라현','2023.08.20',-16,'2023.08.25','2023.10.25','반려동물 집사를 위한 커뮤니티','반려동물 집사들이 서로 정보를 공유하고 소통할 수 있는 커뮤니티를 기획하고 있습니다..','대면','서울특별시','전체');
Insert into LJB_PROJECTORS.RECRUITVIEW (RECRUITNO,PINNO,NICKNAME,DEADLINEDATE,DDAY,PRJSTART,PRJEND,TITLE,CONTENT,DOTYPENAME,REGIONNAME,SUBREGIONNAME) values ('RC9','UP15','이은정','2023.08.22',-14,'2023.08.30','2023.09.30','자전거 동호회 어플리케이션 프로젝트','자전거 동호회 회원들이 산 고도에 대한 정보를 주고받고 날씨 정보 및 실시간 산 정보를 공유할 수 있는 어플리케이션을 제작하고자 합니다. 성실하고 시간적 여유가 많으신 분이시면 좋겠습니다. 많은 지원 부탁드립니다.','비대면','서울특별시','전체');
Insert into LJB_PROJECTORS.RECRUITVIEW (RECRUITNO,PINNO,NICKNAME,DEADLINEDATE,DDAY,PRJSTART,PRJEND,TITLE,CONTENT,DOTYPENAME,REGIONNAME,SUBREGIONNAME) values ('RC7','UP18','스폰지밥','2023.08.21',-15,'2023.08.25','2023.12.25','불량한 제목의 공고','불량한 내용의 공고','대면',null,null);
Insert into LJB_PROJECTORS.RECRUITVIEW (RECRUITNO,PINNO,NICKNAME,DEADLINEDATE,DDAY,PRJSTART,PRJEND,TITLE,CONTENT,DOTYPENAME,REGIONNAME,SUBREGIONNAME) values ('RC6','UP12','김영수','2023.07.24',-43,'2023.08.01','2023.12.31','영화 좌석 예매 웹 사이트','영화관 좌석을 예매하는 시스템을 같이 만들어 보실 팀원들을 모집합니다.','대면','경기도','안양시');
Insert into LJB_PROJECTORS.RECRUITVIEW (RECRUITNO,PINNO,NICKNAME,DEADLINEDATE,DDAY,PRJSTART,PRJEND,TITLE,CONTENT,DOTYPENAME,REGIONNAME,SUBREGIONNAME) values ('RC18','UP6','도라에몽','2023.09.09',4,'2023.10.20','2024.03.01','230826 도라에몽의 교통정보 공유 플랫폼','230826 도라에몽의 교통정보 공유 플랫폼','대면','경기도','양주시');
Insert into LJB_PROJECTORS.RECRUITVIEW (RECRUITNO,PINNO,NICKNAME,DEADLINEDATE,DDAY,PRJSTART,PRJEND,TITLE,CONTENT,DOTYPENAME,REGIONNAME,SUBREGIONNAME) values ('RC5','UP11','김철수','2023.08.11',-25,'2023.08.20','2024.01.15','치킨 맛집 어플리케이션','치킨맛집 어플리케이션 프로젝트를 같이 하실 팀원들을 모집합니다.','비대면','제주특별자치도','서귀포시');
Insert into LJB_PROJECTORS.RECRUITVIEW (RECRUITNO,PINNO,NICKNAME,DEADLINEDATE,DDAY,PRJSTART,PRJEND,TITLE,CONTENT,DOTYPENAME,REGIONNAME,SUBREGIONNAME) values ('RC14','UP25','토끼','2023.08.25',-11,'2023.09.01','2023.09.30','마포구 중식당 ''도원''의 오늘의 메뉴 확인 사이트','매일 바뀌는 ''도원''의 메뉴를 온라인으로 확인할 수 있는 사이트를 만들고자 합니다. 
마포구에 거주하시는 분이면 좋겠습니다.','대면','경기도','안양시');
Insert into LJB_PROJECTORS.RECRUITVIEW (RECRUITNO,PINNO,NICKNAME,DEADLINEDATE,DDAY,PRJSTART,PRJEND,TITLE,CONTENT,DOTYPENAME,REGIONNAME,SUBREGIONNAME) values ('RC8','UP20','나쁜사람','2023.08.21',-15,'2023.08.25','2023.12.25','애매한 제목의 공고','애매한 내용의 공고','대면',null,null);
Insert into LJB_PROJECTORS.RECRUITVIEW (RECRUITNO,PINNO,NICKNAME,DEADLINEDATE,DDAY,PRJSTART,PRJEND,TITLE,CONTENT,DOTYPENAME,REGIONNAME,SUBREGIONNAME) values ('RC10','UP39','평가용','2022.05.15',-478,'2022.05.25','2023.08.09','평가 출력용 제목 공고','평가 출력용 내용 공고','대면','경기도','고양시');
Insert into LJB_PROJECTORS.RECRUITVIEW (RECRUITNO,PINNO,NICKNAME,DEADLINEDATE,DDAY,PRJSTART,PRJEND,TITLE,CONTENT,DOTYPENAME,REGIONNAME,SUBREGIONNAME) values ('RC24','UP67','모집돌','2023.09.14',9,'2023.09.20','2023.10.20','돌 및 수석 관찰일치 어플리케이션','돌 및 수석 관찰일치 어플리케이션 개발하려고 합니다 다이어리 형식','비대면','제주특별자치도','제주시');
Insert into LJB_PROJECTORS.RECRUITVIEW (RECRUITNO,PINNO,NICKNAME,DEADLINEDATE,DDAY,PRJSTART,PRJEND,TITLE,CONTENT,DOTYPENAME,REGIONNAME,SUBREGIONNAME) values ('RC17','UP61','모집자','2023.09.06',1,'2023.09.15','2023.12.30','230823중고거래플랫폼','230823중고거래플랫폼 신규 플랫폼 런칭 위한 프로젝트','대면','서울특별시','전체');
Insert into LJB_PROJECTORS.RECRUITVIEW (RECRUITNO,PINNO,NICKNAME,DEADLINEDATE,DDAY,PRJSTART,PRJEND,TITLE,CONTENT,DOTYPENAME,REGIONNAME,SUBREGIONNAME) values ('RC15','UP26','사슴','2023.08.26',-10,'2023.09.10','2023.10.30','핸드폰 구매 가격 공유 및 실제 손익 계산 사이트','내가 구매한 핸드폰 가격이 합리적인지 확인하는 사이트입니다.
다른 사람들이 얼마에 구매했고, 어떤 요금제로 구매했는지 입력 조회 평균을 확인하는 사이트에요
UI/UX 를 담당해주실 디자이너를 구합니다.','대면','경기도','시흥시');
REM INSERTING into LJB_PROJECTORS.REGVIEW
SET DEFINE OFF;
Insert into LJB_PROJECTORS.REGVIEW (REGDATE,PINNO) values (-12,'UP16');
Insert into LJB_PROJECTORS.REGVIEW (REGDATE,PINNO) values (72981,'UP16');
Insert into LJB_PROJECTORS.REGVIEW (REGDATE,PINNO) values (-12,'UP16');
Insert into LJB_PROJECTORS.REGVIEW (REGDATE,PINNO) values (72972,'UP17');
REM INSERTING into LJB_PROJECTORS.REPAPPLYCOMPLETE
SET DEFINE OFF;
REM INSERTING into LJB_PROJECTORS.REPAPPLYNULL
SET DEFINE OFF;
Insert into LJB_PROJECTORS.REPAPPLYNULL (REPORTEDNICKNAME,REPORTEDUSERPINNO,REPORTNICKNAME,REPORTUSERPINNO,REGUDATE,REPNO,POSTNO,REPORTDATE,REPREASON) values ('김민지','UP14','세다현','UP2',null,'REPA1','AP14',to_date('23/08/14','RR/MM/DD'),'부적절한 언어 사용');
REM INSERTING into LJB_PROJECTORS.REPCOMMCOMPLETE
SET DEFINE OFF;
REM INSERTING into LJB_PROJECTORS.REPCOMMNULL
SET DEFINE OFF;
Insert into LJB_PROJECTORS.REPCOMMNULL (REPORTEDNICKNAME,REPORTEDUSERPINNO,REPORTNICKNAME,REPORTUSERPINNO,REGUDATE,REPNO,POSTNO,REPORTDATE,REPREASON) values ('스폰지밥','UP18','네다현','UP3',null,4,1,to_date('23/08/14','RR/MM/DD'),'부적절한 언어 사용');
Insert into LJB_PROJECTORS.REPCOMMNULL (REPORTEDNICKNAME,REPORTEDUSERPINNO,REPORTNICKNAME,REPORTUSERPINNO,REGUDATE,REPNO,POSTNO,REPORTDATE,REPREASON) values ('스폰지밥','UP18','김민수','UP13',null,3,3,to_date('23/08/09','RR/MM/DD'),'저작권 침해');
Insert into LJB_PROJECTORS.REPCOMMNULL (REPORTEDNICKNAME,REPORTEDUSERPINNO,REPORTNICKNAME,REPORTUSERPINNO,REGUDATE,REPNO,POSTNO,REPORTDATE,REPREASON) values ('스폰지밥','UP18','김민수','UP13',null,2,3,to_date('23/08/09','RR/MM/DD'),'저작권 침해');
Insert into LJB_PROJECTORS.REPCOMMNULL (REPORTEDNICKNAME,REPORTEDUSERPINNO,REPORTNICKNAME,REPORTUSERPINNO,REGUDATE,REPNO,POSTNO,REPORTDATE,REPREASON) values ('스폰지밥','UP18','김민수','UP13',null,1,3,to_date('23/08/09','RR/MM/DD'),'저작권 침해');
REM INSERTING into LJB_PROJECTORS.REPNOTECOMPLETE
SET DEFINE OFF;
REM INSERTING into LJB_PROJECTORS.REPNOTENULL
SET DEFINE OFF;
Insert into LJB_PROJECTORS.REPNOTENULL (REPORTEDNICKNAME,REPORTEDUSERPINNO,REPORTNICKNAME,REPORTUSERPINNO,REGUDATE,REPNO,POSTNO,REPORTDATE,REPREASON) values ('앵무새','UP27','이은정','UP15',null,'REPN1','NN1',to_date('23/08/14','RR/MM/DD'),'부적절한 언어 사용');
REM INSERTING into LJB_PROJECTORS.REPRECRUITCOMPLETE
SET DEFINE OFF;
Insert into LJB_PROJECTORS.REPRECRUITCOMPLETE (RESULTNO,REPRESULTNO,REGUNO,REGUPERIOD,REPORTEDUSERPINNO,REPORTUSERPINNO,REGUDATE,REPNO,POSTNO,ADMINPINNO,REPORTDATE,REPREASONNO) values ('RESR8',0,0,0,'UP11','UP18',to_date('23/08/10','RR/MM/DD'),'RERP3','RC5','UP16',to_date('23/08/09','RR/MM/DD'),3);
Insert into LJB_PROJECTORS.REPRECRUITCOMPLETE (RESULTNO,REPRESULTNO,REGUNO,REGUPERIOD,REPORTEDUSERPINNO,REPORTUSERPINNO,REGUDATE,REPNO,POSTNO,ADMINPINNO,REPORTDATE,REPREASONNO) values ('RESR10',1,2,3,'UP20','UP1',to_date('23/08/16','RR/MM/DD'),'REPR4','RC8','UP16',to_date('23/08/14','RR/MM/DD'),5);
Insert into LJB_PROJECTORS.REPRECRUITCOMPLETE (RESULTNO,REPRESULTNO,REGUNO,REGUPERIOD,REPORTEDUSERPINNO,REPORTUSERPINNO,REGUDATE,REPNO,POSTNO,ADMINPINNO,REPORTDATE,REPREASONNO) values ('RESR24',1,9,1,'UP20','UP5',to_date('23/08/17','RR/MM/DD'),'REPR2','RC8','UP16',to_date('23/08/07','RR/MM/DD'),1);
Insert into LJB_PROJECTORS.REPRECRUITCOMPLETE (RESULTNO,REPRESULTNO,REGUNO,REGUPERIOD,REPORTEDUSERPINNO,REPORTUSERPINNO,REGUDATE,REPNO,POSTNO,ADMINPINNO,REPORTDATE,REPREASONNO) values ('RESR25',1,8,1,'UP26','UP26',to_date('23/08/17','RR/MM/DD'),'REPR6','RC15','UP16',to_date('23/08/15','RR/MM/DD'),5);
Insert into LJB_PROJECTORS.REPRECRUITCOMPLETE (RESULTNO,REPRESULTNO,REGUNO,REGUPERIOD,REPORTEDUSERPINNO,REPORTUSERPINNO,REGUDATE,REPNO,POSTNO,ADMINPINNO,REPORTDATE,REPREASONNO) values ('RESR1',1,8,3,'UP18','UP18',to_date('23/08/07','RR/MM/DD'),'REPR1','RC7','UP17',to_date('23/08/07','RR/MM/DD'),1);
REM INSERTING into LJB_PROJECTORS.REPRECRUITNULL
SET DEFINE OFF;
Insert into LJB_PROJECTORS.REPRECRUITNULL (REPORTEDNICKNAME,REPORTEDUSERPINNO,REPORTNICKNAME,REPORTUSERPINNO,REGUDATE,REPNO,POSTNO,REPORTDATE,REPREASON) values ('호랑이','UP24','사슴','UP26',null,'REPR9','RC13',to_date('23/08/15','RR/MM/DD'),'허위사실유포');
Insert into LJB_PROJECTORS.REPRECRUITNULL (REPORTEDNICKNAME,REPORTEDUSERPINNO,REPORTNICKNAME,REPORTUSERPINNO,REGUDATE,REPNO,POSTNO,REPORTDATE,REPREASON) values ('호랑이','UP24','사슴','UP26',null,'REPR8','RC13',to_date('23/08/15','RR/MM/DD'),'허위사실유포');
Insert into LJB_PROJECTORS.REPRECRUITNULL (REPORTEDNICKNAME,REPORTEDUSERPINNO,REPORTNICKNAME,REPORTUSERPINNO,REGUDATE,REPNO,POSTNO,REPORTDATE,REPREASON) values ('호랑이','UP24','사슴','UP26',null,'REPR7','RC13',to_date('23/08/15','RR/MM/DD'),'저작권 침해');
Insert into LJB_PROJECTORS.REPRECRUITNULL (REPORTEDNICKNAME,REPORTEDUSERPINNO,REPORTNICKNAME,REPORTUSERPINNO,REGUDATE,REPNO,POSTNO,REPORTDATE,REPREASON) values ('호랑이','UP24','세다현','UP2',null,'REPR5','RC13',to_date('23/08/14','RR/MM/DD'),'저작권 침해');
Insert into LJB_PROJECTORS.REPRECRUITNULL (REPORTEDNICKNAME,REPORTEDUSERPINNO,REPORTNICKNAME,REPORTUSERPINNO,REGUDATE,REPNO,POSTNO,REPORTDATE,REPREASON) values ('호랑이','UP24','사슴','UP26',null,'REPR14','RC13',to_date('23/08/15','RR/MM/DD'),'개인정보 침해');
Insert into LJB_PROJECTORS.REPRECRUITNULL (REPORTEDNICKNAME,REPORTEDUSERPINNO,REPORTNICKNAME,REPORTUSERPINNO,REGUDATE,REPNO,POSTNO,REPORTDATE,REPREASON) values ('호랑이','UP24','사슴','UP26',null,'REPR13','RC13',to_date('23/08/15','RR/MM/DD'),'개인정보 침해');
Insert into LJB_PROJECTORS.REPRECRUITNULL (REPORTEDNICKNAME,REPORTEDUSERPINNO,REPORTNICKNAME,REPORTUSERPINNO,REGUDATE,REPNO,POSTNO,REPORTDATE,REPREASON) values ('호랑이','UP24','사슴','UP26',null,'REPR12','RC13',to_date('23/08/15','RR/MM/DD'),'허위사실유포');
Insert into LJB_PROJECTORS.REPRECRUITNULL (REPORTEDNICKNAME,REPORTEDUSERPINNO,REPORTNICKNAME,REPORTUSERPINNO,REGUDATE,REPNO,POSTNO,REPORTDATE,REPREASON) values ('호랑이','UP24','사슴','UP26',null,'REPR11','RC13',to_date('23/08/15','RR/MM/DD'),'저작권 침해');
Insert into LJB_PROJECTORS.REPRECRUITNULL (REPORTEDNICKNAME,REPORTEDUSERPINNO,REPORTNICKNAME,REPORTUSERPINNO,REGUDATE,REPNO,POSTNO,REPORTDATE,REPREASON) values ('호랑이','UP24','사슴','UP26',null,'REPR10','RC13',to_date('23/08/15','RR/MM/DD'),'개인정보 침해');
Insert into LJB_PROJECTORS.REPRECRUITNULL (REPORTEDNICKNAME,REPORTEDUSERPINNO,REPORTNICKNAME,REPORTUSERPINNO,REGUDATE,REPNO,POSTNO,REPORTDATE,REPREASON) values ('모집돌','UP67',null,'UP16',null,'REPR15','RC24',to_date('23/09/02','RR/MM/DD'),'저작권 침해');
REM INSERTING into LJB_PROJECTORS.USERTOOLVIEW
SET DEFINE OFF;
Insert into LJB_PROJECTORS.USERTOOLVIEW (PINNO,PROFILENO,TOOLNO,TOOLNAME) values ('UP62','PF34',24,'Node.js');
Insert into LJB_PROJECTORS.USERTOOLVIEW (PINNO,PROFILENO,TOOLNO,TOOLNAME) values ('UP62','PF34',22,'Git');
Insert into LJB_PROJECTORS.USERTOOLVIEW (PINNO,PROFILENO,TOOLNO,TOOLNAME) values ('UP62','PF34',13,'Vue.js');
Insert into LJB_PROJECTORS.USERTOOLVIEW (PINNO,PROFILENO,TOOLNO,TOOLNAME) values ('UP62','PF34',3,'Java');
Insert into LJB_PROJECTORS.USERTOOLVIEW (PINNO,PROFILENO,TOOLNO,TOOLNAME) values ('UP62','PF34',2,'Python');
Insert into LJB_PROJECTORS.USERTOOLVIEW (PINNO,PROFILENO,TOOLNO,TOOLNAME) values ('UP64','PF36',30,'MySQL');
Insert into LJB_PROJECTORS.USERTOOLVIEW (PINNO,PROFILENO,TOOLNO,TOOLNAME) values ('UP64','PF36',29,'PostgreSQL');
Insert into LJB_PROJECTORS.USERTOOLVIEW (PINNO,PROFILENO,TOOLNO,TOOLNAME) values ('UP64','PF36',11,'React');
Insert into LJB_PROJECTORS.USERTOOLVIEW (PINNO,PROFILENO,TOOLNO,TOOLNAME) values ('UP64','PF36',9,'Kotlin');
Insert into LJB_PROJECTORS.USERTOOLVIEW (PINNO,PROFILENO,TOOLNO,TOOLNAME) values ('UP64','PF36',5,'PHP');
Insert into LJB_PROJECTORS.USERTOOLVIEW (PINNO,PROFILENO,TOOLNO,TOOLNAME) values ('UP64','PF36',1,'JavaScript');
Insert into LJB_PROJECTORS.USERTOOLVIEW (PINNO,PROFILENO,TOOLNO,TOOLNAME) values ('UP66','PF37',30,'MySQL');
Insert into LJB_PROJECTORS.USERTOOLVIEW (PINNO,PROFILENO,TOOLNO,TOOLNAME) values ('UP66','PF37',28,'Eclipse');
Insert into LJB_PROJECTORS.USERTOOLVIEW (PINNO,PROFILENO,TOOLNO,TOOLNAME) values ('UP66','PF37',22,'Git');
Insert into LJB_PROJECTORS.USERTOOLVIEW (PINNO,PROFILENO,TOOLNO,TOOLNAME) values ('UP66','PF37',19,'jQuery');
Insert into LJB_PROJECTORS.USERTOOLVIEW (PINNO,PROFILENO,TOOLNO,TOOLNAME) values ('UP66','PF37',16,'Spring Boot');
Insert into LJB_PROJECTORS.USERTOOLVIEW (PINNO,PROFILENO,TOOLNO,TOOLNAME) values ('UP66','PF37',3,'Java');
Insert into LJB_PROJECTORS.USERTOOLVIEW (PINNO,PROFILENO,TOOLNO,TOOLNAME) values ('UP66','PF37',1,'JavaScript');
Insert into LJB_PROJECTORS.USERTOOLVIEW (PINNO,PROFILENO,TOOLNO,TOOLNAME) values ('UP67','PF38',22,'Git');
Insert into LJB_PROJECTORS.USERTOOLVIEW (PINNO,PROFILENO,TOOLNO,TOOLNAME) values ('UP67','PF38',15,'Ruby on Rails');
Insert into LJB_PROJECTORS.USERTOOLVIEW (PINNO,PROFILENO,TOOLNO,TOOLNAME) values ('UP67','PF38',2,'Python');
Insert into LJB_PROJECTORS.USERTOOLVIEW (PINNO,PROFILENO,TOOLNO,TOOLNAME) values ('UP68','PF39',22,'Git');
Insert into LJB_PROJECTORS.USERTOOLVIEW (PINNO,PROFILENO,TOOLNO,TOOLNAME) values ('UP68','PF39',14,'Django');
Insert into LJB_PROJECTORS.USERTOOLVIEW (PINNO,PROFILENO,TOOLNO,TOOLNAME) values ('UP68','PF39',2,'Python');
Insert into LJB_PROJECTORS.USERTOOLVIEW (PINNO,PROFILENO,TOOLNO,TOOLNAME) values ('UP6','PF6',21,'Visual Studio Code');
Insert into LJB_PROJECTORS.USERTOOLVIEW (PINNO,PROFILENO,TOOLNO,TOOLNAME) values ('UP6','PF6',11,'React');
Insert into LJB_PROJECTORS.USERTOOLVIEW (PINNO,PROFILENO,TOOLNO,TOOLNAME) values ('UP6','PF6',1,'JavaScript');
Insert into LJB_PROJECTORS.USERTOOLVIEW (PINNO,PROFILENO,TOOLNO,TOOLNAME) values ('UP7','PF7',22,'Git');
Insert into LJB_PROJECTORS.USERTOOLVIEW (PINNO,PROFILENO,TOOLNO,TOOLNAME) values ('UP7','PF7',12,'Angular');
Insert into LJB_PROJECTORS.USERTOOLVIEW (PINNO,PROFILENO,TOOLNO,TOOLNAME) values ('UP7','PF7',2,'Python');
Insert into LJB_PROJECTORS.USERTOOLVIEW (PINNO,PROFILENO,TOOLNO,TOOLNAME) values ('UP8','PF8',23,'Docker');
Insert into LJB_PROJECTORS.USERTOOLVIEW (PINNO,PROFILENO,TOOLNO,TOOLNAME) values ('UP8','PF8',13,'Vue.js');
Insert into LJB_PROJECTORS.USERTOOLVIEW (PINNO,PROFILENO,TOOLNO,TOOLNAME) values ('UP8','PF8',3,'Java');
Insert into LJB_PROJECTORS.USERTOOLVIEW (PINNO,PROFILENO,TOOLNO,TOOLNAME) values ('UP9','PF9',24,'Node.js');
Insert into LJB_PROJECTORS.USERTOOLVIEW (PINNO,PROFILENO,TOOLNO,TOOLNAME) values ('UP9','PF9',14,'Django');
Insert into LJB_PROJECTORS.USERTOOLVIEW (PINNO,PROFILENO,TOOLNO,TOOLNAME) values ('UP9','PF9',4,'C#');
Insert into LJB_PROJECTORS.USERTOOLVIEW (PINNO,PROFILENO,TOOLNO,TOOLNAME) values ('UP10','PF10',25,'Jupyter Notebook');
Insert into LJB_PROJECTORS.USERTOOLVIEW (PINNO,PROFILENO,TOOLNO,TOOLNAME) values ('UP10','PF10',15,'Ruby on Rails');
Insert into LJB_PROJECTORS.USERTOOLVIEW (PINNO,PROFILENO,TOOLNO,TOOLNAME) values ('UP10','PF10',5,'PHP');
Insert into LJB_PROJECTORS.USERTOOLVIEW (PINNO,PROFILENO,TOOLNO,TOOLNAME) values ('UP11','PF11',5,'PHP');
Insert into LJB_PROJECTORS.USERTOOLVIEW (PINNO,PROFILENO,TOOLNO,TOOLNAME) values ('UP11','PF11',1,'JavaScript');
Insert into LJB_PROJECTORS.USERTOOLVIEW (PINNO,PROFILENO,TOOLNO,TOOLNAME) values ('UP12','PF12',13,'Vue.js');
Insert into LJB_PROJECTORS.USERTOOLVIEW (PINNO,PROFILENO,TOOLNO,TOOLNAME) values ('UP12','PF12',12,'Angular');
Insert into LJB_PROJECTORS.USERTOOLVIEW (PINNO,PROFILENO,TOOLNO,TOOLNAME) values ('UP13','PF13',19,'jQuery');
Insert into LJB_PROJECTORS.USERTOOLVIEW (PINNO,PROFILENO,TOOLNO,TOOLNAME) values ('UP13','PF13',16,'Spring Boot');
Insert into LJB_PROJECTORS.USERTOOLVIEW (PINNO,PROFILENO,TOOLNO,TOOLNAME) values ('UP14','PF14',30,'MySQL');
Insert into LJB_PROJECTORS.USERTOOLVIEW (PINNO,PROFILENO,TOOLNO,TOOLNAME) values ('UP14','PF14',3,'Java');
Insert into LJB_PROJECTORS.USERTOOLVIEW (PINNO,PROFILENO,TOOLNO,TOOLNAME) values ('UP15','PF15',18,'Flask');
Insert into LJB_PROJECTORS.USERTOOLVIEW (PINNO,PROFILENO,TOOLNO,TOOLNAME) values ('UP15','PF15',6,'C++');
Insert into LJB_PROJECTORS.USERTOOLVIEW (PINNO,PROFILENO,TOOLNO,TOOLNAME) values ('UP47','PF30',30,'MySQL');
Insert into LJB_PROJECTORS.USERTOOLVIEW (PINNO,PROFILENO,TOOLNO,TOOLNAME) values ('UP47','PF30',24,'Node.js');
Insert into LJB_PROJECTORS.USERTOOLVIEW (PINNO,PROFILENO,TOOLNO,TOOLNAME) values ('UP47','PF30',22,'Git');
Insert into LJB_PROJECTORS.USERTOOLVIEW (PINNO,PROFILENO,TOOLNO,TOOLNAME) values ('UP47','PF30',21,'Visual Studio Code');
Insert into LJB_PROJECTORS.USERTOOLVIEW (PINNO,PROFILENO,TOOLNO,TOOLNAME) values ('UP47','PF30',19,'jQuery');
Insert into LJB_PROJECTORS.USERTOOLVIEW (PINNO,PROFILENO,TOOLNO,TOOLNAME) values ('UP47','PF30',16,'Spring Boot');
Insert into LJB_PROJECTORS.USERTOOLVIEW (PINNO,PROFILENO,TOOLNO,TOOLNAME) values ('UP47','PF30',3,'Java');
Insert into LJB_PROJECTORS.USERTOOLVIEW (PINNO,PROFILENO,TOOLNO,TOOLNAME) values ('UP47','PF30',1,'JavaScript');
Insert into LJB_PROJECTORS.USERTOOLVIEW (PINNO,PROFILENO,TOOLNO,TOOLNAME) values ('UP16','PF31',22,'Git');
Insert into LJB_PROJECTORS.USERTOOLVIEW (PINNO,PROFILENO,TOOLNO,TOOLNAME) values ('UP16','PF31',19,'jQuery');
Insert into LJB_PROJECTORS.USERTOOLVIEW (PINNO,PROFILENO,TOOLNO,TOOLNAME) values ('UP16','PF31',16,'Spring Boot');
Insert into LJB_PROJECTORS.USERTOOLVIEW (PINNO,PROFILENO,TOOLNO,TOOLNAME) values ('UP16','PF31',3,'Java');
Insert into LJB_PROJECTORS.USERTOOLVIEW (PINNO,PROFILENO,TOOLNO,TOOLNAME) values ('UP16','PF31',1,'JavaScript');
Insert into LJB_PROJECTORS.USERTOOLVIEW (PINNO,PROFILENO,TOOLNO,TOOLNAME) values ('UP42','PF23',30,'MySQL');
Insert into LJB_PROJECTORS.USERTOOLVIEW (PINNO,PROFILENO,TOOLNO,TOOLNAME) values ('UP42','PF23',12,'Angular');
Insert into LJB_PROJECTORS.USERTOOLVIEW (PINNO,PROFILENO,TOOLNO,TOOLNAME) values ('UP42','PF23',2,'Python');
Insert into LJB_PROJECTORS.USERTOOLVIEW (PINNO,PROFILENO,TOOLNO,TOOLNAME) values ('UP58','PF32',28,'Eclipse');
Insert into LJB_PROJECTORS.USERTOOLVIEW (PINNO,PROFILENO,TOOLNO,TOOLNAME) values ('UP58','PF32',24,'Node.js');
Insert into LJB_PROJECTORS.USERTOOLVIEW (PINNO,PROFILENO,TOOLNO,TOOLNAME) values ('UP58','PF32',13,'Vue.js');
Insert into LJB_PROJECTORS.USERTOOLVIEW (PINNO,PROFILENO,TOOLNO,TOOLNAME) values ('UP58','PF32',11,'React');
Insert into LJB_PROJECTORS.USERTOOLVIEW (PINNO,PROFILENO,TOOLNO,TOOLNAME) values ('UP58','PF32',10,'TypeScript');
Insert into LJB_PROJECTORS.USERTOOLVIEW (PINNO,PROFILENO,TOOLNO,TOOLNAME) values ('UP58','PF32',1,'JavaScript');
Insert into LJB_PROJECTORS.USERTOOLVIEW (PINNO,PROFILENO,TOOLNO,TOOLNAME) values ('UP24','PF16',15,'Ruby on Rails');
Insert into LJB_PROJECTORS.USERTOOLVIEW (PINNO,PROFILENO,TOOLNO,TOOLNAME) values ('UP24','PF16',5,'PHP');
Insert into LJB_PROJECTORS.USERTOOLVIEW (PINNO,PROFILENO,TOOLNO,TOOLNAME) values ('UP25','PF17',17,'Express.js');
Insert into LJB_PROJECTORS.USERTOOLVIEW (PINNO,PROFILENO,TOOLNO,TOOLNAME) values ('UP25','PF17',7,'Ruby');
Insert into LJB_PROJECTORS.USERTOOLVIEW (PINNO,PROFILENO,TOOLNO,TOOLNAME) values ('UP26','PF18',18,'Flask');
Insert into LJB_PROJECTORS.USERTOOLVIEW (PINNO,PROFILENO,TOOLNO,TOOLNAME) values ('UP26','PF18',16,'Spring Boot');
Insert into LJB_PROJECTORS.USERTOOLVIEW (PINNO,PROFILENO,TOOLNO,TOOLNAME) values ('UP27','PF19',24,'Node.js');
Insert into LJB_PROJECTORS.USERTOOLVIEW (PINNO,PROFILENO,TOOLNO,TOOLNAME) values ('UP27','PF19',21,'Visual Studio Code');
Insert into LJB_PROJECTORS.USERTOOLVIEW (PINNO,PROFILENO,TOOLNO,TOOLNAME) values ('UP28','PF20',4,'C#');
Insert into LJB_PROJECTORS.USERTOOLVIEW (PINNO,PROFILENO,TOOLNO,TOOLNAME) values ('UP28','PF20',1,'JavaScript');
Insert into LJB_PROJECTORS.USERTOOLVIEW (PINNO,PROFILENO,TOOLNO,TOOLNAME) values ('UP61','PF33',30,'MySQL');
Insert into LJB_PROJECTORS.USERTOOLVIEW (PINNO,PROFILENO,TOOLNO,TOOLNAME) values ('UP61','PF33',28,'Eclipse');
Insert into LJB_PROJECTORS.USERTOOLVIEW (PINNO,PROFILENO,TOOLNO,TOOLNAME) values ('UP61','PF33',19,'jQuery');
Insert into LJB_PROJECTORS.USERTOOLVIEW (PINNO,PROFILENO,TOOLNO,TOOLNAME) values ('UP61','PF33',16,'Spring Boot');
Insert into LJB_PROJECTORS.USERTOOLVIEW (PINNO,PROFILENO,TOOLNO,TOOLNAME) values ('UP61','PF33',6,'C++');
Insert into LJB_PROJECTORS.USERTOOLVIEW (PINNO,PROFILENO,TOOLNO,TOOLNAME) values ('UP61','PF33',3,'Java');
Insert into LJB_PROJECTORS.USERTOOLVIEW (PINNO,PROFILENO,TOOLNO,TOOLNAME) values ('UP61','PF33',2,'Python');
Insert into LJB_PROJECTORS.USERTOOLVIEW (PINNO,PROFILENO,TOOLNO,TOOLNAME) values ('UP61','PF33',1,'JavaScript');
Insert into LJB_PROJECTORS.USERTOOLVIEW (PINNO,PROFILENO,TOOLNO,TOOLNAME) values ('UP63','PF35',27,'Xcode');
Insert into LJB_PROJECTORS.USERTOOLVIEW (PINNO,PROFILENO,TOOLNO,TOOLNAME) values ('UP63','PF35',18,'Flask');
Insert into LJB_PROJECTORS.USERTOOLVIEW (PINNO,PROFILENO,TOOLNO,TOOLNAME) values ('UP63','PF35',10,'TypeScript');
Insert into LJB_PROJECTORS.USERTOOLVIEW (PINNO,PROFILENO,TOOLNO,TOOLNAME) values ('UP63','PF35',7,'Ruby');
Insert into LJB_PROJECTORS.USERTOOLVIEW (PINNO,PROFILENO,TOOLNO,TOOLNAME) values ('UP70','PF41',12,'Angular');
Insert into LJB_PROJECTORS.USERTOOLVIEW (PINNO,PROFILENO,TOOLNO,TOOLNAME) values ('UP70','PF41',2,'Python');
Insert into LJB_PROJECTORS.USERTOOLVIEW (PINNO,PROFILENO,TOOLNO,TOOLNAME) values ('UP71','PF42',7,'Ruby');
Insert into LJB_PROJECTORS.USERTOOLVIEW (PINNO,PROFILENO,TOOLNO,TOOLNAME) values ('UP71','PF42',2,'Python');
REM INSERTING into LJB_PROJECTORS.USER_TOOL_VIEW
SET DEFINE OFF;
Insert into LJB_PROJECTORS.USER_TOOL_VIEW (PINNO,TOOLNO,TOOLNAME) values ('UP61',1,'JavaScript');
Insert into LJB_PROJECTORS.USER_TOOL_VIEW (PINNO,TOOLNO,TOOLNAME) values ('UP47',1,'JavaScript');
Insert into LJB_PROJECTORS.USER_TOOL_VIEW (PINNO,TOOLNO,TOOLNAME) values ('UP28',1,'JavaScript');
Insert into LJB_PROJECTORS.USER_TOOL_VIEW (PINNO,TOOLNO,TOOLNAME) values ('UP11',1,'JavaScript');
Insert into LJB_PROJECTORS.USER_TOOL_VIEW (PINNO,TOOLNO,TOOLNAME) values ('UP58',1,'JavaScript');
Insert into LJB_PROJECTORS.USER_TOOL_VIEW (PINNO,TOOLNO,TOOLNAME) values ('UP16',1,'JavaScript');
Insert into LJB_PROJECTORS.USER_TOOL_VIEW (PINNO,TOOLNO,TOOLNAME) values ('UP6',1,'JavaScript');
Insert into LJB_PROJECTORS.USER_TOOL_VIEW (PINNO,TOOLNO,TOOLNAME) values ('UP66',1,'JavaScript');
Insert into LJB_PROJECTORS.USER_TOOL_VIEW (PINNO,TOOLNO,TOOLNAME) values ('UP64',1,'JavaScript');
Insert into LJB_PROJECTORS.USER_TOOL_VIEW (PINNO,TOOLNO,TOOLNAME) values ('UP71',2,'Python');
Insert into LJB_PROJECTORS.USER_TOOL_VIEW (PINNO,TOOLNO,TOOLNAME) values ('UP70',2,'Python');
Insert into LJB_PROJECTORS.USER_TOOL_VIEW (PINNO,TOOLNO,TOOLNAME) values ('UP7',2,'Python');
Insert into LJB_PROJECTORS.USER_TOOL_VIEW (PINNO,TOOLNO,TOOLNAME) values ('UP61',2,'Python');
Insert into LJB_PROJECTORS.USER_TOOL_VIEW (PINNO,TOOLNO,TOOLNAME) values ('UP42',2,'Python');
Insert into LJB_PROJECTORS.USER_TOOL_VIEW (PINNO,TOOLNO,TOOLNAME) values ('UP68',2,'Python');
Insert into LJB_PROJECTORS.USER_TOOL_VIEW (PINNO,TOOLNO,TOOLNAME) values ('UP67',2,'Python');
Insert into LJB_PROJECTORS.USER_TOOL_VIEW (PINNO,TOOLNO,TOOLNAME) values ('UP62',2,'Python');
Insert into LJB_PROJECTORS.USER_TOOL_VIEW (PINNO,TOOLNO,TOOLNAME) values ('UP61',3,'Java');
Insert into LJB_PROJECTORS.USER_TOOL_VIEW (PINNO,TOOLNO,TOOLNAME) values ('UP47',3,'Java');
Insert into LJB_PROJECTORS.USER_TOOL_VIEW (PINNO,TOOLNO,TOOLNAME) values ('UP14',3,'Java');
Insert into LJB_PROJECTORS.USER_TOOL_VIEW (PINNO,TOOLNO,TOOLNAME) values ('UP16',3,'Java');
Insert into LJB_PROJECTORS.USER_TOOL_VIEW (PINNO,TOOLNO,TOOLNAME) values ('UP8',3,'Java');
Insert into LJB_PROJECTORS.USER_TOOL_VIEW (PINNO,TOOLNO,TOOLNAME) values ('UP66',3,'Java');
Insert into LJB_PROJECTORS.USER_TOOL_VIEW (PINNO,TOOLNO,TOOLNAME) values ('UP62',3,'Java');
Insert into LJB_PROJECTORS.USER_TOOL_VIEW (PINNO,TOOLNO,TOOLNAME) values ('UP28',4,'C#');
Insert into LJB_PROJECTORS.USER_TOOL_VIEW (PINNO,TOOLNO,TOOLNAME) values ('UP9',4,'C#');
Insert into LJB_PROJECTORS.USER_TOOL_VIEW (PINNO,TOOLNO,TOOLNAME) values ('UP24',5,'PHP');
Insert into LJB_PROJECTORS.USER_TOOL_VIEW (PINNO,TOOLNO,TOOLNAME) values ('UP11',5,'PHP');
Insert into LJB_PROJECTORS.USER_TOOL_VIEW (PINNO,TOOLNO,TOOLNAME) values ('UP10',5,'PHP');
Insert into LJB_PROJECTORS.USER_TOOL_VIEW (PINNO,TOOLNO,TOOLNAME) values ('UP64',5,'PHP');
Insert into LJB_PROJECTORS.USER_TOOL_VIEW (PINNO,TOOLNO,TOOLNAME) values ('UP61',6,'C++');
Insert into LJB_PROJECTORS.USER_TOOL_VIEW (PINNO,TOOLNO,TOOLNAME) values ('UP15',6,'C++');
Insert into LJB_PROJECTORS.USER_TOOL_VIEW (PINNO,TOOLNO,TOOLNAME) values ('UP71',7,'Ruby');
Insert into LJB_PROJECTORS.USER_TOOL_VIEW (PINNO,TOOLNO,TOOLNAME) values ('UP25',7,'Ruby');
Insert into LJB_PROJECTORS.USER_TOOL_VIEW (PINNO,TOOLNO,TOOLNAME) values ('UP63',7,'Ruby');
Insert into LJB_PROJECTORS.USER_TOOL_VIEW (PINNO,TOOLNO,TOOLNAME) values ('UP64',9,'Kotlin');
Insert into LJB_PROJECTORS.USER_TOOL_VIEW (PINNO,TOOLNO,TOOLNAME) values ('UP63',10,'TypeScript');
Insert into LJB_PROJECTORS.USER_TOOL_VIEW (PINNO,TOOLNO,TOOLNAME) values ('UP58',10,'TypeScript');
Insert into LJB_PROJECTORS.USER_TOOL_VIEW (PINNO,TOOLNO,TOOLNAME) values ('UP58',11,'React');
Insert into LJB_PROJECTORS.USER_TOOL_VIEW (PINNO,TOOLNO,TOOLNAME) values ('UP6',11,'React');
Insert into LJB_PROJECTORS.USER_TOOL_VIEW (PINNO,TOOLNO,TOOLNAME) values ('UP64',11,'React');
Insert into LJB_PROJECTORS.USER_TOOL_VIEW (PINNO,TOOLNO,TOOLNAME) values ('UP70',12,'Angular');
Insert into LJB_PROJECTORS.USER_TOOL_VIEW (PINNO,TOOLNO,TOOLNAME) values ('UP42',12,'Angular');
Insert into LJB_PROJECTORS.USER_TOOL_VIEW (PINNO,TOOLNO,TOOLNAME) values ('UP12',12,'Angular');
Insert into LJB_PROJECTORS.USER_TOOL_VIEW (PINNO,TOOLNO,TOOLNAME) values ('UP7',12,'Angular');
Insert into LJB_PROJECTORS.USER_TOOL_VIEW (PINNO,TOOLNO,TOOLNAME) values ('UP12',13,'Vue.js');
Insert into LJB_PROJECTORS.USER_TOOL_VIEW (PINNO,TOOLNO,TOOLNAME) values ('UP58',13,'Vue.js');
Insert into LJB_PROJECTORS.USER_TOOL_VIEW (PINNO,TOOLNO,TOOLNAME) values ('UP8',13,'Vue.js');
Insert into LJB_PROJECTORS.USER_TOOL_VIEW (PINNO,TOOLNO,TOOLNAME) values ('UP62',13,'Vue.js');
Insert into LJB_PROJECTORS.USER_TOOL_VIEW (PINNO,TOOLNO,TOOLNAME) values ('UP9',14,'Django');
Insert into LJB_PROJECTORS.USER_TOOL_VIEW (PINNO,TOOLNO,TOOLNAME) values ('UP68',14,'Django');
Insert into LJB_PROJECTORS.USER_TOOL_VIEW (PINNO,TOOLNO,TOOLNAME) values ('UP24',15,'Ruby on Rails');
Insert into LJB_PROJECTORS.USER_TOOL_VIEW (PINNO,TOOLNO,TOOLNAME) values ('UP10',15,'Ruby on Rails');
Insert into LJB_PROJECTORS.USER_TOOL_VIEW (PINNO,TOOLNO,TOOLNAME) values ('UP67',15,'Ruby on Rails');
Insert into LJB_PROJECTORS.USER_TOOL_VIEW (PINNO,TOOLNO,TOOLNAME) values ('UP61',16,'Spring Boot');
Insert into LJB_PROJECTORS.USER_TOOL_VIEW (PINNO,TOOLNO,TOOLNAME) values ('UP47',16,'Spring Boot');
Insert into LJB_PROJECTORS.USER_TOOL_VIEW (PINNO,TOOLNO,TOOLNAME) values ('UP26',16,'Spring Boot');
Insert into LJB_PROJECTORS.USER_TOOL_VIEW (PINNO,TOOLNO,TOOLNAME) values ('UP13',16,'Spring Boot');
Insert into LJB_PROJECTORS.USER_TOOL_VIEW (PINNO,TOOLNO,TOOLNAME) values ('UP16',16,'Spring Boot');
Insert into LJB_PROJECTORS.USER_TOOL_VIEW (PINNO,TOOLNO,TOOLNAME) values ('UP66',16,'Spring Boot');
Insert into LJB_PROJECTORS.USER_TOOL_VIEW (PINNO,TOOLNO,TOOLNAME) values ('UP25',17,'Express.js');
Insert into LJB_PROJECTORS.USER_TOOL_VIEW (PINNO,TOOLNO,TOOLNAME) values ('UP63',18,'Flask');
Insert into LJB_PROJECTORS.USER_TOOL_VIEW (PINNO,TOOLNO,TOOLNAME) values ('UP26',18,'Flask');
Insert into LJB_PROJECTORS.USER_TOOL_VIEW (PINNO,TOOLNO,TOOLNAME) values ('UP15',18,'Flask');
Insert into LJB_PROJECTORS.USER_TOOL_VIEW (PINNO,TOOLNO,TOOLNAME) values ('UP61',19,'jQuery');
Insert into LJB_PROJECTORS.USER_TOOL_VIEW (PINNO,TOOLNO,TOOLNAME) values ('UP47',19,'jQuery');
Insert into LJB_PROJECTORS.USER_TOOL_VIEW (PINNO,TOOLNO,TOOLNAME) values ('UP13',19,'jQuery');
Insert into LJB_PROJECTORS.USER_TOOL_VIEW (PINNO,TOOLNO,TOOLNAME) values ('UP16',19,'jQuery');
Insert into LJB_PROJECTORS.USER_TOOL_VIEW (PINNO,TOOLNO,TOOLNAME) values ('UP66',19,'jQuery');
Insert into LJB_PROJECTORS.USER_TOOL_VIEW (PINNO,TOOLNO,TOOLNAME) values ('UP47',21,'Visual Studio Code');
Insert into LJB_PROJECTORS.USER_TOOL_VIEW (PINNO,TOOLNO,TOOLNAME) values ('UP27',21,'Visual Studio Code');
Insert into LJB_PROJECTORS.USER_TOOL_VIEW (PINNO,TOOLNO,TOOLNAME) values ('UP6',21,'Visual Studio Code');
Insert into LJB_PROJECTORS.USER_TOOL_VIEW (PINNO,TOOLNO,TOOLNAME) values ('UP47',22,'Git');
Insert into LJB_PROJECTORS.USER_TOOL_VIEW (PINNO,TOOLNO,TOOLNAME) values ('UP16',22,'Git');
Insert into LJB_PROJECTORS.USER_TOOL_VIEW (PINNO,TOOLNO,TOOLNAME) values ('UP7',22,'Git');
Insert into LJB_PROJECTORS.USER_TOOL_VIEW (PINNO,TOOLNO,TOOLNAME) values ('UP68',22,'Git');
Insert into LJB_PROJECTORS.USER_TOOL_VIEW (PINNO,TOOLNO,TOOLNAME) values ('UP67',22,'Git');
Insert into LJB_PROJECTORS.USER_TOOL_VIEW (PINNO,TOOLNO,TOOLNAME) values ('UP66',22,'Git');
Insert into LJB_PROJECTORS.USER_TOOL_VIEW (PINNO,TOOLNO,TOOLNAME) values ('UP62',22,'Git');
Insert into LJB_PROJECTORS.USER_TOOL_VIEW (PINNO,TOOLNO,TOOLNAME) values ('UP8',23,'Docker');
Insert into LJB_PROJECTORS.USER_TOOL_VIEW (PINNO,TOOLNO,TOOLNAME) values ('UP47',24,'Node.js');
Insert into LJB_PROJECTORS.USER_TOOL_VIEW (PINNO,TOOLNO,TOOLNAME) values ('UP27',24,'Node.js');
Insert into LJB_PROJECTORS.USER_TOOL_VIEW (PINNO,TOOLNO,TOOLNAME) values ('UP58',24,'Node.js');
Insert into LJB_PROJECTORS.USER_TOOL_VIEW (PINNO,TOOLNO,TOOLNAME) values ('UP9',24,'Node.js');
Insert into LJB_PROJECTORS.USER_TOOL_VIEW (PINNO,TOOLNO,TOOLNAME) values ('UP62',24,'Node.js');
Insert into LJB_PROJECTORS.USER_TOOL_VIEW (PINNO,TOOLNO,TOOLNAME) values ('UP10',25,'Jupyter Notebook');
Insert into LJB_PROJECTORS.USER_TOOL_VIEW (PINNO,TOOLNO,TOOLNAME) values ('UP63',27,'Xcode');
Insert into LJB_PROJECTORS.USER_TOOL_VIEW (PINNO,TOOLNO,TOOLNAME) values ('UP61',28,'Eclipse');
Insert into LJB_PROJECTORS.USER_TOOL_VIEW (PINNO,TOOLNO,TOOLNAME) values ('UP58',28,'Eclipse');
Insert into LJB_PROJECTORS.USER_TOOL_VIEW (PINNO,TOOLNO,TOOLNAME) values ('UP66',28,'Eclipse');
Insert into LJB_PROJECTORS.USER_TOOL_VIEW (PINNO,TOOLNO,TOOLNAME) values ('UP64',29,'PostgreSQL');
Insert into LJB_PROJECTORS.USER_TOOL_VIEW (PINNO,TOOLNO,TOOLNAME) values ('UP61',30,'MySQL');
Insert into LJB_PROJECTORS.USER_TOOL_VIEW (PINNO,TOOLNO,TOOLNAME) values ('UP42',30,'MySQL');
Insert into LJB_PROJECTORS.USER_TOOL_VIEW (PINNO,TOOLNO,TOOLNAME) values ('UP47',30,'MySQL');
Insert into LJB_PROJECTORS.USER_TOOL_VIEW (PINNO,TOOLNO,TOOLNAME) values ('UP14',30,'MySQL');
Insert into LJB_PROJECTORS.USER_TOOL_VIEW (PINNO,TOOLNO,TOOLNAME) values ('UP66',30,'MySQL');
Insert into LJB_PROJECTORS.USER_TOOL_VIEW (PINNO,TOOLNO,TOOLNAME) values ('UP64',30,'MySQL');
Insert into LJB_PROJECTORS.USER_TOOL_VIEW (PINNO,TOOLNO,TOOLNAME) values ('UP39',null,null);
Insert into LJB_PROJECTORS.USER_TOOL_VIEW (PINNO,TOOLNO,TOOLNAME) values ('UP41',null,null);
Insert into LJB_PROJECTORS.USER_TOOL_VIEW (PINNO,TOOLNO,TOOLNAME) values ('UP4',null,null);
Insert into LJB_PROJECTORS.USER_TOOL_VIEW (PINNO,TOOLNO,TOOLNAME) values ('UP1',null,null);
Insert into LJB_PROJECTORS.USER_TOOL_VIEW (PINNO,TOOLNO,TOOLNAME) values ('UP5',null,null);
Insert into LJB_PROJECTORS.USER_TOOL_VIEW (PINNO,TOOLNO,TOOLNAME) values ('UP2',null,null);
Insert into LJB_PROJECTORS.USER_TOOL_VIEW (PINNO,TOOLNO,TOOLNAME) values ('UP69',null,null);
Insert into LJB_PROJECTORS.USER_TOOL_VIEW (PINNO,TOOLNO,TOOLNAME) values ('UP46',null,null);
Insert into LJB_PROJECTORS.USER_TOOL_VIEW (PINNO,TOOLNO,TOOLNAME) values ('UP3',null,null);
Insert into LJB_PROJECTORS.USER_TOOL_VIEW (PINNO,TOOLNO,TOOLNAME) values ('UP44',null,null);
Insert into LJB_PROJECTORS.USER_TOOL_VIEW (PINNO,TOOLNO,TOOLNAME) values ('UP43',null,null);
Insert into LJB_PROJECTORS.USER_TOOL_VIEW (PINNO,TOOLNO,TOOLNAME) values ('UP45',null,null);
--------------------------------------------------------
--  DDL for Index ADEL_PRJ_NO_PK
--------------------------------------------------------

  CREATE UNIQUE INDEX "LJB_PROJECTORS"."ADEL_PRJ_NO_PK" ON "LJB_PROJECTORS"."DEL_REP_PRJ" ("DEL_PRJ_NO") 
  PCTFREE 10 INITRANS 2 MAXTRANS 255 COMPUTE STATISTICS 
  STORAGE(INITIAL 65536 NEXT 1048576 MINEXTENTS 1 MAXEXTENTS 2147483645
  PCTINCREASE 0 FREELISTS 1 FREELIST GROUPS 1 BUFFER_POOL DEFAULT FLASH_CACHE DEFAULT CELL_FLASH_CACHE DEFAULT)
  TABLESPACE "TBS_PROJECTORS" ;
--------------------------------------------------------
--  DDL for Index ADMIN_ID_UK
--------------------------------------------------------

  CREATE UNIQUE INDEX "LJB_PROJECTORS"."ADMIN_ID_UK" ON "LJB_PROJECTORS"."ADMIN" ("ADMIN_ID") 
  PCTFREE 10 INITRANS 2 MAXTRANS 255 COMPUTE STATISTICS 
  STORAGE(INITIAL 65536 NEXT 1048576 MINEXTENTS 1 MAXEXTENTS 2147483645
  PCTINCREASE 0 FREELISTS 1 FREELIST GROUPS 1 BUFFER_POOL DEFAULT FLASH_CACHE DEFAULT CELL_FLASH_CACHE DEFAULT)
  TABLESPACE "TBS_PROJECTORS" ;
--------------------------------------------------------
--  DDL for Index ADMIN_NOTICE_NO_PK
--------------------------------------------------------

  CREATE UNIQUE INDEX "LJB_PROJECTORS"."ADMIN_NOTICE_NO_PK" ON "LJB_PROJECTORS"."ADMIN_NOTICE" ("ADMIN_NOTICE_NO") 
  PCTFREE 10 INITRANS 2 MAXTRANS 255 COMPUTE STATISTICS 
  STORAGE(INITIAL 65536 NEXT 1048576 MINEXTENTS 1 MAXEXTENTS 2147483645
  PCTINCREASE 0 FREELISTS 1 FREELIST GROUPS 1 BUFFER_POOL DEFAULT FLASH_CACHE DEFAULT CELL_FLASH_CACHE DEFAULT)
  TABLESPACE "TBS_PROJECTORS" ;
--------------------------------------------------------
--  DDL for Index ADMIN_NO_PK
--------------------------------------------------------

  CREATE UNIQUE INDEX "LJB_PROJECTORS"."ADMIN_NO_PK" ON "LJB_PROJECTORS"."ADMIN" ("ADMIN_NO") 
  PCTFREE 10 INITRANS 2 MAXTRANS 255 COMPUTE STATISTICS 
  STORAGE(INITIAL 65536 NEXT 1048576 MINEXTENTS 1 MAXEXTENTS 2147483645
  PCTINCREASE 0 FREELISTS 1 FREELIST GROUPS 1 BUFFER_POOL DEFAULT FLASH_CACHE DEFAULT CELL_FLASH_CACHE DEFAULT)
  TABLESPACE "TBS_PROJECTORS" ;
--------------------------------------------------------
--  DDL for Index ANSWER_NO_PK
--------------------------------------------------------

  CREATE UNIQUE INDEX "LJB_PROJECTORS"."ANSWER_NO_PK" ON "LJB_PROJECTORS"."ANSWER" ("ANSWER_NO") 
  PCTFREE 10 INITRANS 2 MAXTRANS 255 COMPUTE STATISTICS 
  STORAGE(INITIAL 65536 NEXT 1048576 MINEXTENTS 1 MAXEXTENTS 2147483645
  PCTINCREASE 0 FREELISTS 1 FREELIST GROUPS 1 BUFFER_POOL DEFAULT FLASH_CACHE DEFAULT CELL_FLASH_CACHE DEFAULT)
  TABLESPACE "TBS_PROJECTORS" ;
--------------------------------------------------------
--  DDL for Index APPLY_NO_PK
--------------------------------------------------------

  CREATE UNIQUE INDEX "LJB_PROJECTORS"."APPLY_NO_PK" ON "LJB_PROJECTORS"."APPLY" ("APPLY_NO") 
  PCTFREE 10 INITRANS 2 MAXTRANS 255 COMPUTE STATISTICS 
  STORAGE(INITIAL 65536 NEXT 1048576 MINEXTENTS 1 MAXEXTENTS 2147483645
  PCTINCREASE 0 FREELISTS 1 FREELIST GROUPS 1 BUFFER_POOL DEFAULT FLASH_CACHE DEFAULT CELL_FLASH_CACHE DEFAULT)
  TABLESPACE "TBS_PROJECTORS" ;
--------------------------------------------------------
--  DDL for Index APPLY_RESULT_NO_PK
--------------------------------------------------------

  CREATE UNIQUE INDEX "LJB_PROJECTORS"."APPLY_RESULT_NO_PK" ON "LJB_PROJECTORS"."REP_APPLY_RESULT" ("APPLY_RESULT_NO") 
  PCTFREE 10 INITRANS 2 MAXTRANS 255 COMPUTE STATISTICS 
  STORAGE(INITIAL 65536 NEXT 1048576 MINEXTENTS 1 MAXEXTENTS 2147483645
  PCTINCREASE 0 FREELISTS 1 FREELIST GROUPS 1 BUFFER_POOL DEFAULT FLASH_CACHE DEFAULT CELL_FLASH_CACHE DEFAULT)
  TABLESPACE "TBS_PROJECTORS" ;
--------------------------------------------------------
--  DDL for Index COMM_NO_PK
--------------------------------------------------------

  CREATE UNIQUE INDEX "LJB_PROJECTORS"."COMM_NO_PK" ON "LJB_PROJECTORS"."COMMENTS" ("COMM_NO") 
  PCTFREE 10 INITRANS 2 MAXTRANS 255 COMPUTE STATISTICS 
  STORAGE(INITIAL 65536 NEXT 1048576 MINEXTENTS 1 MAXEXTENTS 2147483645
  PCTINCREASE 0 FREELISTS 1 FREELIST GROUPS 1 BUFFER_POOL DEFAULT FLASH_CACHE DEFAULT CELL_FLASH_CACHE DEFAULT)
  TABLESPACE "TBS_PROJECTORS" ;
--------------------------------------------------------
--  DDL for Index COMM_RESULT_NO_PK
--------------------------------------------------------

  CREATE UNIQUE INDEX "LJB_PROJECTORS"."COMM_RESULT_NO_PK" ON "LJB_PROJECTORS"."REP_COMM_RESULT" ("COMM_RESULT_NO") 
  PCTFREE 10 INITRANS 2 MAXTRANS 255 COMPUTE STATISTICS 
  STORAGE(INITIAL 65536 NEXT 1048576 MINEXTENTS 1 MAXEXTENTS 2147483645
  PCTINCREASE 0 FREELISTS 1 FREELIST GROUPS 1 BUFFER_POOL DEFAULT FLASH_CACHE DEFAULT CELL_FLASH_CACHE DEFAULT)
  TABLESPACE "TBS_PROJECTORS" ;
--------------------------------------------------------
--  DDL for Index DEL_APPLY_NO_PK
--------------------------------------------------------

  CREATE UNIQUE INDEX "LJB_PROJECTORS"."DEL_APPLY_NO_PK" ON "LJB_PROJECTORS"."DEL_APPLY" ("DEL_APPLY_NO") 
  PCTFREE 10 INITRANS 2 MAXTRANS 255 COMPUTE STATISTICS 
  STORAGE(INITIAL 65536 NEXT 1048576 MINEXTENTS 1 MAXEXTENTS 2147483645
  PCTINCREASE 0 FREELISTS 1 FREELIST GROUPS 1 BUFFER_POOL DEFAULT FLASH_CACHE DEFAULT CELL_FLASH_CACHE DEFAULT)
  TABLESPACE "TBS_PROJECTORS" ;
--------------------------------------------------------
--  DDL for Index DEL_COMM_NO_PK
--------------------------------------------------------

  CREATE UNIQUE INDEX "LJB_PROJECTORS"."DEL_COMM_NO_PK" ON "LJB_PROJECTORS"."DEL_COMM" ("DEL_COMM_NO") 
  PCTFREE 10 INITRANS 2 MAXTRANS 255 COMPUTE STATISTICS 
  STORAGE(INITIAL 65536 NEXT 1048576 MINEXTENTS 1 MAXEXTENTS 2147483645
  PCTINCREASE 0 FREELISTS 1 FREELIST GROUPS 1 BUFFER_POOL DEFAULT FLASH_CACHE DEFAULT CELL_FLASH_CACHE DEFAULT)
  TABLESPACE "TBS_PROJECTORS" ;
--------------------------------------------------------
--  DDL for Index DEL_NOTE_NO_PK
--------------------------------------------------------

  CREATE UNIQUE INDEX "LJB_PROJECTORS"."DEL_NOTE_NO_PK" ON "LJB_PROJECTORS"."DEL_NOTE" ("DEL_NOTE_NO") 
  PCTFREE 10 INITRANS 2 MAXTRANS 255 COMPUTE STATISTICS 
  STORAGE(INITIAL 65536 NEXT 1048576 MINEXTENTS 1 MAXEXTENTS 2147483645
  PCTINCREASE 0 FREELISTS 1 FREELIST GROUPS 1 BUFFER_POOL DEFAULT FLASH_CACHE DEFAULT CELL_FLASH_CACHE DEFAULT)
  TABLESPACE "TBS_PROJECTORS" ;
--------------------------------------------------------
--  DDL for Index DEL_RECRUIT_NO_PK
--------------------------------------------------------

  CREATE UNIQUE INDEX "LJB_PROJECTORS"."DEL_RECRUIT_NO_PK" ON "LJB_PROJECTORS"."DEL_RECRUIT" ("DEL_RECRUIT_NO") 
  PCTFREE 10 INITRANS 2 MAXTRANS 255 COMPUTE STATISTICS 
  STORAGE(INITIAL 65536 NEXT 1048576 MINEXTENTS 1 MAXEXTENTS 2147483645
  PCTINCREASE 0 FREELISTS 1 FREELIST GROUPS 1 BUFFER_POOL DEFAULT FLASH_CACHE DEFAULT CELL_FLASH_CACHE DEFAULT)
  TABLESPACE "TBS_PROJECTORS" ;
--------------------------------------------------------
--  DDL for Index DONE_RATE_NO_PK
--------------------------------------------------------

  CREATE UNIQUE INDEX "LJB_PROJECTORS"."DONE_RATE_NO_PK" ON "LJB_PROJECTORS"."PROJECT_RATE" ("DONE_RATE_NO") 
  PCTFREE 10 INITRANS 2 MAXTRANS 255 COMPUTE STATISTICS 
  STORAGE(INITIAL 65536 NEXT 1048576 MINEXTENTS 1 MAXEXTENTS 2147483645
  PCTINCREASE 0 FREELISTS 1 FREELIST GROUPS 1 BUFFER_POOL DEFAULT FLASH_CACHE DEFAULT CELL_FLASH_CACHE DEFAULT)
  TABLESPACE "TBS_PROJECTORS" ;
--------------------------------------------------------
--  DDL for Index DO_TYPE_NO_PK
--------------------------------------------------------

  CREATE UNIQUE INDEX "LJB_PROJECTORS"."DO_TYPE_NO_PK" ON "LJB_PROJECTORS"."DO_TYPE" ("DO_TYPE_NO") 
  PCTFREE 10 INITRANS 2 MAXTRANS 255 COMPUTE STATISTICS 
  STORAGE(INITIAL 65536 NEXT 1048576 MINEXTENTS 1 MAXEXTENTS 2147483645
  PCTINCREASE 0 FREELISTS 1 FREELIST GROUPS 1 BUFFER_POOL DEFAULT FLASH_CACHE DEFAULT CELL_FLASH_CACHE DEFAULT)
  TABLESPACE "TBS_PROJECTORS" ;
--------------------------------------------------------
--  DDL for Index FAQ_NO_PK
--------------------------------------------------------

  CREATE UNIQUE INDEX "LJB_PROJECTORS"."FAQ_NO_PK" ON "LJB_PROJECTORS"."FAQ" ("FAQ_NO") 
  PCTFREE 10 INITRANS 2 MAXTRANS 255 COMPUTE STATISTICS 
  STORAGE(INITIAL 65536 NEXT 1048576 MINEXTENTS 1 MAXEXTENTS 2147483645
  PCTINCREASE 0 FREELISTS 1 FREELIST GROUPS 1 BUFFER_POOL DEFAULT FLASH_CACHE DEFAULT CELL_FLASH_CACHE DEFAULT)
  TABLESPACE "TBS_PROJECTORS" ;
--------------------------------------------------------
--  DDL for Index FEED_NO_PK
--------------------------------------------------------

  CREATE UNIQUE INDEX "LJB_PROJECTORS"."FEED_NO_PK" ON "LJB_PROJECTORS"."FEED" ("FEED_NO") 
  PCTFREE 10 INITRANS 2 MAXTRANS 255 COMPUTE STATISTICS 
  STORAGE(INITIAL 65536 NEXT 1048576 MINEXTENTS 1 MAXEXTENTS 2147483645
  PCTINCREASE 0 FREELISTS 1 FREELIST GROUPS 1 BUFFER_POOL DEFAULT FLASH_CACHE DEFAULT CELL_FLASH_CACHE DEFAULT)
  TABLESPACE "TBS_PROJECTORS" ;
--------------------------------------------------------
--  DDL for Index FINAL_NO_PK
--------------------------------------------------------

  CREATE UNIQUE INDEX "LJB_PROJECTORS"."FINAL_NO_PK" ON "LJB_PROJECTORS"."FINAL" ("FINAL_NO") 
  PCTFREE 10 INITRANS 2 MAXTRANS 255 COMPUTE STATISTICS 
  STORAGE(INITIAL 65536 NEXT 1048576 MINEXTENTS 1 MAXEXTENTS 2147483645
  PCTINCREASE 0 FREELISTS 1 FREELIST GROUPS 1 BUFFER_POOL DEFAULT FLASH_CACHE DEFAULT CELL_FLASH_CACHE DEFAULT)
  TABLESPACE "TBS_PROJECTORS" ;
--------------------------------------------------------
--  DDL for Index FIRST_CK_NO_PK
--------------------------------------------------------

  CREATE UNIQUE INDEX "LJB_PROJECTORS"."FIRST_CK_NO_PK" ON "LJB_PROJECTORS"."FIRST_CK" ("FIRST_CK_NO") 
  PCTFREE 10 INITRANS 2 MAXTRANS 255 COMPUTE STATISTICS 
  STORAGE(INITIAL 65536 NEXT 1048576 MINEXTENTS 1 MAXEXTENTS 2147483645
  PCTINCREASE 0 FREELISTS 1 FREELIST GROUPS 1 BUFFER_POOL DEFAULT FLASH_CACHE DEFAULT CELL_FLASH_CACHE DEFAULT)
  TABLESPACE "TBS_PROJECTORS" ;
--------------------------------------------------------
--  DDL for Index ID_UK
--------------------------------------------------------

  CREATE UNIQUE INDEX "LJB_PROJECTORS"."ID_UK" ON "LJB_PROJECTORS"."USERS" ("ID") 
  PCTFREE 10 INITRANS 2 MAXTRANS 255 COMPUTE STATISTICS 
  STORAGE(INITIAL 65536 NEXT 1048576 MINEXTENTS 1 MAXEXTENTS 2147483645
  PCTINCREASE 0 FREELISTS 1 FREELIST GROUPS 1 BUFFER_POOL DEFAULT FLASH_CACHE DEFAULT CELL_FLASH_CACHE DEFAULT)
  TABLESPACE "TBS_PROJECTORS" ;
--------------------------------------------------------
--  DDL for Index LOGIN_REC_PK
--------------------------------------------------------

  CREATE UNIQUE INDEX "LJB_PROJECTORS"."LOGIN_REC_PK" ON "LJB_PROJECTORS"."LOGIN_REC" ("LOGIN_REC") 
  PCTFREE 10 INITRANS 2 MAXTRANS 255 COMPUTE STATISTICS 
  STORAGE(INITIAL 65536 NEXT 1048576 MINEXTENTS 1 MAXEXTENTS 2147483645
  PCTINCREASE 0 FREELISTS 1 FREELIST GROUPS 1 BUFFER_POOL DEFAULT FLASH_CACHE DEFAULT CELL_FLASH_CACHE DEFAULT)
  TABLESPACE "TBS_PROJECTORS" ;
--------------------------------------------------------
--  DDL for Index LOGOUT_REC_PK
--------------------------------------------------------

  CREATE UNIQUE INDEX "LJB_PROJECTORS"."LOGOUT_REC_PK" ON "LJB_PROJECTORS"."LOGOUT_REC" ("LOGOUT_REC") 
  PCTFREE 10 INITRANS 2 MAXTRANS 255 COMPUTE STATISTICS 
  STORAGE(INITIAL 65536 NEXT 1048576 MINEXTENTS 1 MAXEXTENTS 2147483645
  PCTINCREASE 0 FREELISTS 1 FREELIST GROUPS 1 BUFFER_POOL DEFAULT FLASH_CACHE DEFAULT CELL_FLASH_CACHE DEFAULT)
  TABLESPACE "TBS_PROJECTORS" ;
--------------------------------------------------------
--  DDL for Index MEETING_NO_PK
--------------------------------------------------------

  CREATE UNIQUE INDEX "LJB_PROJECTORS"."MEETING_NO_PK" ON "LJB_PROJECTORS"."MEETING" ("MEETING_NO") 
  PCTFREE 10 INITRANS 2 MAXTRANS 255 COMPUTE STATISTICS 
  STORAGE(INITIAL 65536 NEXT 1048576 MINEXTENTS 1 MAXEXTENTS 2147483645
  PCTINCREASE 0 FREELISTS 1 FREELIST GROUPS 1 BUFFER_POOL DEFAULT FLASH_CACHE DEFAULT CELL_FLASH_CACHE DEFAULT)
  TABLESPACE "TBS_PROJECTORS" ;
--------------------------------------------------------
--  DDL for Index MEM_OUT_NO_PK
--------------------------------------------------------

  CREATE UNIQUE INDEX "LJB_PROJECTORS"."MEM_OUT_NO_PK" ON "LJB_PROJECTORS"."MEMBER_OUT" ("MEM_OUT_NO") 
  PCTFREE 10 INITRANS 2 MAXTRANS 255 COMPUTE STATISTICS 
  STORAGE(INITIAL 65536 NEXT 1048576 MINEXTENTS 1 MAXEXTENTS 2147483645
  PCTINCREASE 0 FREELISTS 1 FREELIST GROUPS 1 BUFFER_POOL DEFAULT FLASH_CACHE DEFAULT CELL_FLASH_CACHE DEFAULT)
  TABLESPACE "TBS_PROJECTORS" ;
--------------------------------------------------------
--  DDL for Index NICKNAME_UK
--------------------------------------------------------

  CREATE UNIQUE INDEX "LJB_PROJECTORS"."NICKNAME_UK" ON "LJB_PROJECTORS"."USERS" ("NICKNAME") 
  PCTFREE 10 INITRANS 2 MAXTRANS 255 COMPUTE STATISTICS 
  STORAGE(INITIAL 65536 NEXT 1048576 MINEXTENTS 1 MAXEXTENTS 2147483645
  PCTINCREASE 0 FREELISTS 1 FREELIST GROUPS 1 BUFFER_POOL DEFAULT FLASH_CACHE DEFAULT CELL_FLASH_CACHE DEFAULT)
  TABLESPACE "TBS_PROJECTORS" ;
--------------------------------------------------------
--  DDL for Index NOTE_NO_PK
--------------------------------------------------------

  CREATE UNIQUE INDEX "LJB_PROJECTORS"."NOTE_NO_PK" ON "LJB_PROJECTORS"."NOTE" ("NOTE_NO") 
  PCTFREE 10 INITRANS 2 MAXTRANS 255 COMPUTE STATISTICS 
  STORAGE(INITIAL 65536 NEXT 1048576 MINEXTENTS 1 MAXEXTENTS 2147483645
  PCTINCREASE 0 FREELISTS 1 FREELIST GROUPS 1 BUFFER_POOL DEFAULT FLASH_CACHE DEFAULT CELL_FLASH_CACHE DEFAULT)
  TABLESPACE "TBS_PROJECTORS" ;
--------------------------------------------------------
--  DDL for Index NOTE_RESULT_NO_PK
--------------------------------------------------------

  CREATE UNIQUE INDEX "LJB_PROJECTORS"."NOTE_RESULT_NO_PK" ON "LJB_PROJECTORS"."REP_NOTE_RESULT" ("NOTE_RESULT_NO") 
  PCTFREE 10 INITRANS 2 MAXTRANS 255 COMPUTE STATISTICS 
  STORAGE(INITIAL 65536 NEXT 1048576 MINEXTENTS 1 MAXEXTENTS 2147483645
  PCTINCREASE 0 FREELISTS 1 FREELIST GROUPS 1 BUFFER_POOL DEFAULT FLASH_CACHE DEFAULT CELL_FLASH_CACHE DEFAULT)
  TABLESPACE "TBS_PROJECTORS" ;
--------------------------------------------------------
--  DDL for Index OUT_RATE_NO_PK
--------------------------------------------------------

  CREATE UNIQUE INDEX "LJB_PROJECTORS"."OUT_RATE_NO_PK" ON "LJB_PROJECTORS"."MEM_OUT_RATE" ("OUT_RATE_NO") 
  PCTFREE 10 INITRANS 2 MAXTRANS 255 COMPUTE STATISTICS 
  STORAGE(INITIAL 65536 NEXT 1048576 MINEXTENTS 1 MAXEXTENTS 2147483645
  PCTINCREASE 0 FREELISTS 1 FREELIST GROUPS 1 BUFFER_POOL DEFAULT FLASH_CACHE DEFAULT CELL_FLASH_CACHE DEFAULT)
  TABLESPACE "TBS_PROJECTORS" ;
--------------------------------------------------------
--  DDL for Index OUT_REASON_NO_PK
--------------------------------------------------------

  CREATE UNIQUE INDEX "LJB_PROJECTORS"."OUT_REASON_NO_PK" ON "LJB_PROJECTORS"."MEM_OUT_REASON" ("OUT_REASON_NO") 
  PCTFREE 10 INITRANS 2 MAXTRANS 255 COMPUTE STATISTICS 
  STORAGE(INITIAL 65536 NEXT 1048576 MINEXTENTS 1 MAXEXTENTS 2147483645
  PCTINCREASE 0 FREELISTS 1 FREELIST GROUPS 1 BUFFER_POOL DEFAULT FLASH_CACHE DEFAULT CELL_FLASH_CACHE DEFAULT)
  TABLESPACE "TBS_PROJECTORS" ;
--------------------------------------------------------
--  DDL for Index PIN_NO_PK
--------------------------------------------------------

  CREATE UNIQUE INDEX "LJB_PROJECTORS"."PIN_NO_PK" ON "LJB_PROJECTORS"."USER_PIN" ("PIN_NO") 
  PCTFREE 10 INITRANS 2 MAXTRANS 255 COMPUTE STATISTICS 
  STORAGE(INITIAL 65536 NEXT 1048576 MINEXTENTS 1 MAXEXTENTS 2147483645
  PCTINCREASE 0 FREELISTS 1 FREELIST GROUPS 1 BUFFER_POOL DEFAULT FLASH_CACHE DEFAULT CELL_FLASH_CACHE DEFAULT)
  TABLESPACE "TBS_PROJECTORS" ;
--------------------------------------------------------
--  DDL for Index POS_NO_PK
--------------------------------------------------------

  CREATE UNIQUE INDEX "LJB_PROJECTORS"."POS_NO_PK" ON "LJB_PROJECTORS"."POSITION" ("POS_NO") 
  PCTFREE 10 INITRANS 2 MAXTRANS 255 COMPUTE STATISTICS 
  STORAGE(INITIAL 65536 NEXT 1048576 MINEXTENTS 1 MAXEXTENTS 2147483645
  PCTINCREASE 0 FREELISTS 1 FREELIST GROUPS 1 BUFFER_POOL DEFAULT FLASH_CACHE DEFAULT CELL_FLASH_CACHE DEFAULT)
  TABLESPACE "TBS_PROJECTORS" ;
--------------------------------------------------------
--  DDL for Index PRJ_NO_PK
--------------------------------------------------------

  CREATE UNIQUE INDEX "LJB_PROJECTORS"."PRJ_NO_PK" ON "LJB_PROJECTORS"."PROJECT" ("PRJ_NO") 
  PCTFREE 10 INITRANS 2 MAXTRANS 255 COMPUTE STATISTICS 
  STORAGE(INITIAL 65536 NEXT 1048576 MINEXTENTS 1 MAXEXTENTS 2147483645
  PCTINCREASE 0 FREELISTS 1 FREELIST GROUPS 1 BUFFER_POOL DEFAULT FLASH_CACHE DEFAULT CELL_FLASH_CACHE DEFAULT)
  TABLESPACE "TBS_PROJECTORS" ;
--------------------------------------------------------
--  DDL for Index PRJ_PRESULT_NO_PK
--------------------------------------------------------

  CREATE UNIQUE INDEX "LJB_PROJECTORS"."PRJ_PRESULT_NO_PK" ON "LJB_PROJECTORS"."PRJ_PRESULT" ("PRESULT_NO") 
  PCTFREE 10 INITRANS 2 MAXTRANS 255 COMPUTE STATISTICS 
  STORAGE(INITIAL 65536 NEXT 1048576 MINEXTENTS 1 MAXEXTENTS 2147483645
  PCTINCREASE 0 FREELISTS 1 FREELIST GROUPS 1 BUFFER_POOL DEFAULT FLASH_CACHE DEFAULT CELL_FLASH_CACHE DEFAULT)
  TABLESPACE "TBS_PROJECTORS" ;
--------------------------------------------------------
--  DDL for Index PRJ_REP_REASON_NO_PK
--------------------------------------------------------

  CREATE UNIQUE INDEX "LJB_PROJECTORS"."PRJ_REP_REASON_NO_PK" ON "LJB_PROJECTORS"."REP_PRJ_REASON" ("REP_REASON_NO") 
  PCTFREE 10 INITRANS 2 MAXTRANS 255 COMPUTE STATISTICS 
  STORAGE(INITIAL 65536 NEXT 1048576 MINEXTENTS 1 MAXEXTENTS 2147483645
  PCTINCREASE 0 FREELISTS 1 FREELIST GROUPS 1 BUFFER_POOL DEFAULT FLASH_CACHE DEFAULT CELL_FLASH_CACHE DEFAULT)
  TABLESPACE "TBS_PROJECTORS" ;
--------------------------------------------------------
--  DDL for Index PRJ_STOP_NO_PK
--------------------------------------------------------

  CREATE UNIQUE INDEX "LJB_PROJECTORS"."PRJ_STOP_NO_PK" ON "LJB_PROJECTORS"."PROJECT_STOP" ("PRJ_STOP_NO") 
  PCTFREE 10 INITRANS 2 MAXTRANS 255 COMPUTE STATISTICS 
  STORAGE(INITIAL 65536 NEXT 1048576 MINEXTENTS 1 MAXEXTENTS 2147483645
  PCTINCREASE 0 FREELISTS 1 FREELIST GROUPS 1 BUFFER_POOL DEFAULT FLASH_CACHE DEFAULT CELL_FLASH_CACHE DEFAULT)
  TABLESPACE "TBS_PROJECTORS" ;
--------------------------------------------------------
--  DDL for Index PROFILE_NO_PK
--------------------------------------------------------

  CREATE UNIQUE INDEX "LJB_PROJECTORS"."PROFILE_NO_PK" ON "LJB_PROJECTORS"."PROFILE" ("PROFILE_NO") 
  PCTFREE 10 INITRANS 2 MAXTRANS 255 COMPUTE STATISTICS 
  STORAGE(INITIAL 65536 NEXT 1048576 MINEXTENTS 1 MAXEXTENTS 2147483645
  PCTINCREASE 0 FREELISTS 1 FREELIST GROUPS 1 BUFFER_POOL DEFAULT FLASH_CACHE DEFAULT CELL_FLASH_CACHE DEFAULT)
  TABLESPACE "TBS_PROJECTORS" ;
--------------------------------------------------------
--  DDL for Index QUESTION_NO_PK
--------------------------------------------------------

  CREATE UNIQUE INDEX "LJB_PROJECTORS"."QUESTION_NO_PK" ON "LJB_PROJECTORS"."QUESTION" ("QUESTION_NO") 
  PCTFREE 10 INITRANS 2 MAXTRANS 255 COMPUTE STATISTICS 
  STORAGE(INITIAL 65536 NEXT 1048576 MINEXTENTS 1 MAXEXTENTS 2147483645
  PCTINCREASE 0 FREELISTS 1 FREELIST GROUPS 1 BUFFER_POOL DEFAULT FLASH_CACHE DEFAULT CELL_FLASH_CACHE DEFAULT)
  TABLESPACE "TBS_PROJECTORS" ;
--------------------------------------------------------
--  DDL for Index QUIT_ADMIN_NO_PK
--------------------------------------------------------

  CREATE UNIQUE INDEX "LJB_PROJECTORS"."QUIT_ADMIN_NO_PK" ON "LJB_PROJECTORS"."QUIT_ADMIN" ("QUIT_ADMIN_NO") 
  PCTFREE 10 INITRANS 2 MAXTRANS 255 COMPUTE STATISTICS 
  STORAGE(INITIAL 65536 NEXT 1048576 MINEXTENTS 1 MAXEXTENTS 2147483645
  PCTINCREASE 0 FREELISTS 1 FREELIST GROUPS 1 BUFFER_POOL DEFAULT FLASH_CACHE DEFAULT CELL_FLASH_CACHE DEFAULT)
  TABLESPACE "TBS_PROJECTORS" ;
--------------------------------------------------------
--  DDL for Index RATE_NO_PK
--------------------------------------------------------

  CREATE UNIQUE INDEX "LJB_PROJECTORS"."RATE_NO_PK" ON "LJB_PROJECTORS"."RATE_SELECT" ("RATE_NO") 
  PCTFREE 10 INITRANS 2 MAXTRANS 255 COMPUTE STATISTICS 
  STORAGE(INITIAL 65536 NEXT 1048576 MINEXTENTS 1 MAXEXTENTS 2147483645
  PCTINCREASE 0 FREELISTS 1 FREELIST GROUPS 1 BUFFER_POOL DEFAULT FLASH_CACHE DEFAULT CELL_FLASH_CACHE DEFAULT)
  TABLESPACE "TBS_PROJECTORS" ;
--------------------------------------------------------
--  DDL for Index RECRUIT_NO_PK
--------------------------------------------------------

  CREATE UNIQUE INDEX "LJB_PROJECTORS"."RECRUIT_NO_PK" ON "LJB_PROJECTORS"."RECRUIT" ("RECRUIT_NO") 
  PCTFREE 10 INITRANS 2 MAXTRANS 255 COMPUTE STATISTICS 
  STORAGE(INITIAL 65536 NEXT 1048576 MINEXTENTS 1 MAXEXTENTS 2147483645
  PCTINCREASE 0 FREELISTS 1 FREELIST GROUPS 1 BUFFER_POOL DEFAULT FLASH_CACHE DEFAULT CELL_FLASH_CACHE DEFAULT)
  TABLESPACE "TBS_PROJECTORS" ;
--------------------------------------------------------
--  DDL for Index RECRUIT_POS_NO_PK
--------------------------------------------------------

  CREATE UNIQUE INDEX "LJB_PROJECTORS"."RECRUIT_POS_NO_PK" ON "LJB_PROJECTORS"."RECRUIT_POS" ("RECRUIT_POS_NO") 
  PCTFREE 10 INITRANS 2 MAXTRANS 255 COMPUTE STATISTICS 
  STORAGE(INITIAL 65536 NEXT 1048576 MINEXTENTS 1 MAXEXTENTS 2147483645
  PCTINCREASE 0 FREELISTS 1 FREELIST GROUPS 1 BUFFER_POOL DEFAULT FLASH_CACHE DEFAULT CELL_FLASH_CACHE DEFAULT)
  TABLESPACE "TBS_PROJECTORS" ;
--------------------------------------------------------
--  DDL for Index RECRUIT_RESULT_NO_PK
--------------------------------------------------------

  CREATE UNIQUE INDEX "LJB_PROJECTORS"."RECRUIT_RESULT_NO_PK" ON "LJB_PROJECTORS"."REP_RECRUIT_RESULT" ("RECRUIT_RESULT_NO") 
  PCTFREE 10 INITRANS 2 MAXTRANS 255 COMPUTE STATISTICS 
  STORAGE(INITIAL 65536 NEXT 1048576 MINEXTENTS 1 MAXEXTENTS 2147483645
  PCTINCREASE 0 FREELISTS 1 FREELIST GROUPS 1 BUFFER_POOL DEFAULT FLASH_CACHE DEFAULT CELL_FLASH_CACHE DEFAULT)
  TABLESPACE "TBS_PROJECTORS" ;
--------------------------------------------------------
--  DDL for Index RECRUIT_TOOL_NO_PK
--------------------------------------------------------

  CREATE UNIQUE INDEX "LJB_PROJECTORS"."RECRUIT_TOOL_NO_PK" ON "LJB_PROJECTORS"."RECRUIT_TOOL" ("RECRUIT_TOOL_NO") 
  PCTFREE 10 INITRANS 2 MAXTRANS 255 COMPUTE STATISTICS 
  STORAGE(INITIAL 65536 NEXT 1048576 MINEXTENTS 1 MAXEXTENTS 2147483645
  PCTINCREASE 0 FREELISTS 1 FREELIST GROUPS 1 BUFFER_POOL DEFAULT FLASH_CACHE DEFAULT CELL_FLASH_CACHE DEFAULT)
  TABLESPACE "TBS_PROJECTORS" ;
--------------------------------------------------------
--  DDL for Index REGION_NO_PK
--------------------------------------------------------

  CREATE UNIQUE INDEX "LJB_PROJECTORS"."REGION_NO_PK" ON "LJB_PROJECTORS"."REGION" ("REGION_NO") 
  PCTFREE 10 INITRANS 2 MAXTRANS 255 COMPUTE STATISTICS 
  STORAGE(INITIAL 65536 NEXT 1048576 MINEXTENTS 1 MAXEXTENTS 2147483645
  PCTINCREASE 0 FREELISTS 1 FREELIST GROUPS 1 BUFFER_POOL DEFAULT FLASH_CACHE DEFAULT CELL_FLASH_CACHE DEFAULT)
  TABLESPACE "TBS_PROJECTORS" ;
--------------------------------------------------------
--  DDL for Index REGU_NO_PK
--------------------------------------------------------

  CREATE UNIQUE INDEX "LJB_PROJECTORS"."REGU_NO_PK" ON "LJB_PROJECTORS"."REGULATION" ("REGU_NO") 
  PCTFREE 10 INITRANS 2 MAXTRANS 255 COMPUTE STATISTICS 
  STORAGE(INITIAL 65536 NEXT 1048576 MINEXTENTS 1 MAXEXTENTS 2147483645
  PCTINCREASE 0 FREELISTS 1 FREELIST GROUPS 1 BUFFER_POOL DEFAULT FLASH_CACHE DEFAULT CELL_FLASH_CACHE DEFAULT)
  TABLESPACE "TBS_PROJECTORS" ;
--------------------------------------------------------
--  DDL for Index REGU_PERIOD_NO_PK
--------------------------------------------------------

  CREATE UNIQUE INDEX "LJB_PROJECTORS"."REGU_PERIOD_NO_PK" ON "LJB_PROJECTORS"."REGULATION_PERIOD" ("REGU_PERIOD_NO") 
  PCTFREE 10 INITRANS 2 MAXTRANS 255 COMPUTE STATISTICS 
  STORAGE(INITIAL 65536 NEXT 1048576 MINEXTENTS 1 MAXEXTENTS 2147483645
  PCTINCREASE 0 FREELISTS 1 FREELIST GROUPS 1 BUFFER_POOL DEFAULT FLASH_CACHE DEFAULT CELL_FLASH_CACHE DEFAULT)
  TABLESPACE "TBS_PROJECTORS" ;
--------------------------------------------------------
--  DDL for Index REP_APPLY_NO_PK
--------------------------------------------------------

  CREATE UNIQUE INDEX "LJB_PROJECTORS"."REP_APPLY_NO_PK" ON "LJB_PROJECTORS"."REPORT_APPLY" ("REP_APPLY_NO") 
  PCTFREE 10 INITRANS 2 MAXTRANS 255 COMPUTE STATISTICS 
  STORAGE(INITIAL 65536 NEXT 1048576 MINEXTENTS 1 MAXEXTENTS 2147483645
  PCTINCREASE 0 FREELISTS 1 FREELIST GROUPS 1 BUFFER_POOL DEFAULT FLASH_CACHE DEFAULT CELL_FLASH_CACHE DEFAULT)
  TABLESPACE "TBS_PROJECTORS" ;
--------------------------------------------------------
--  DDL for Index REP_COMM_NO_PK
--------------------------------------------------------

  CREATE UNIQUE INDEX "LJB_PROJECTORS"."REP_COMM_NO_PK" ON "LJB_PROJECTORS"."REPORT_COMM" ("REP_COMM_NO") 
  PCTFREE 10 INITRANS 2 MAXTRANS 255 COMPUTE STATISTICS 
  STORAGE(INITIAL 65536 NEXT 1048576 MINEXTENTS 1 MAXEXTENTS 2147483645
  PCTINCREASE 0 FREELISTS 1 FREELIST GROUPS 1 BUFFER_POOL DEFAULT FLASH_CACHE DEFAULT CELL_FLASH_CACHE DEFAULT)
  TABLESPACE "TBS_PROJECTORS" ;
--------------------------------------------------------
--  DDL for Index REP_NOTE_NO_PK
--------------------------------------------------------

  CREATE UNIQUE INDEX "LJB_PROJECTORS"."REP_NOTE_NO_PK" ON "LJB_PROJECTORS"."REPORT_NOTE" ("REP_NOTE_NO") 
  PCTFREE 10 INITRANS 2 MAXTRANS 255 COMPUTE STATISTICS 
  STORAGE(INITIAL 65536 NEXT 1048576 MINEXTENTS 1 MAXEXTENTS 2147483645
  PCTINCREASE 0 FREELISTS 1 FREELIST GROUPS 1 BUFFER_POOL DEFAULT FLASH_CACHE DEFAULT CELL_FLASH_CACHE DEFAULT)
  TABLESPACE "TBS_PROJECTORS" ;
--------------------------------------------------------
--  DDL for Index REP_PRJ_NO_PK
--------------------------------------------------------

  CREATE UNIQUE INDEX "LJB_PROJECTORS"."REP_PRJ_NO_PK" ON "LJB_PROJECTORS"."REPORT_PRJ" ("REP_PRJ_NO") 
  PCTFREE 10 INITRANS 2 MAXTRANS 255 COMPUTE STATISTICS 
  STORAGE(INITIAL 65536 NEXT 1048576 MINEXTENTS 1 MAXEXTENTS 2147483645
  PCTINCREASE 0 FREELISTS 1 FREELIST GROUPS 1 BUFFER_POOL DEFAULT FLASH_CACHE DEFAULT CELL_FLASH_CACHE DEFAULT)
  TABLESPACE "TBS_PROJECTORS" ;
--------------------------------------------------------
--  DDL for Index REP_REASON_NO_PK
--------------------------------------------------------

  CREATE UNIQUE INDEX "LJB_PROJECTORS"."REP_REASON_NO_PK" ON "LJB_PROJECTORS"."REPORT_REASON" ("REP_REASON_NO") 
  PCTFREE 10 INITRANS 2 MAXTRANS 255 COMPUTE STATISTICS 
  STORAGE(INITIAL 65536 NEXT 1048576 MINEXTENTS 1 MAXEXTENTS 2147483645
  PCTINCREASE 0 FREELISTS 1 FREELIST GROUPS 1 BUFFER_POOL DEFAULT FLASH_CACHE DEFAULT CELL_FLASH_CACHE DEFAULT)
  TABLESPACE "TBS_PROJECTORS" ;
--------------------------------------------------------
--  DDL for Index REP_RECRUIT_NO_PK
--------------------------------------------------------

  CREATE UNIQUE INDEX "LJB_PROJECTORS"."REP_RECRUIT_NO_PK" ON "LJB_PROJECTORS"."REP_RECRUIT" ("REP_RECRUIT_NO") 
  PCTFREE 10 INITRANS 2 MAXTRANS 255 COMPUTE STATISTICS 
  STORAGE(INITIAL 65536 NEXT 1048576 MINEXTENTS 1 MAXEXTENTS 2147483645
  PCTINCREASE 0 FREELISTS 1 FREELIST GROUPS 1 BUFFER_POOL DEFAULT FLASH_CACHE DEFAULT CELL_FLASH_CACHE DEFAULT)
  TABLESPACE "TBS_PROJECTORS" ;
--------------------------------------------------------
--  DDL for Index REP_RESULT_NO_PK
--------------------------------------------------------

  CREATE UNIQUE INDEX "LJB_PROJECTORS"."REP_RESULT_NO_PK" ON "LJB_PROJECTORS"."REPORT_RESULT" ("REP_RESULT_NO") 
  PCTFREE 10 INITRANS 2 MAXTRANS 255 COMPUTE STATISTICS 
  STORAGE(INITIAL 65536 NEXT 1048576 MINEXTENTS 1 MAXEXTENTS 2147483645
  PCTINCREASE 0 FREELISTS 1 FREELIST GROUPS 1 BUFFER_POOL DEFAULT FLASH_CACHE DEFAULT CELL_FLASH_CACHE DEFAULT)
  TABLESPACE "TBS_PROJECTORS" ;
--------------------------------------------------------
--  DDL for Index SPACE_NOTICE_NO_PK
--------------------------------------------------------

  CREATE UNIQUE INDEX "LJB_PROJECTORS"."SPACE_NOTICE_NO_PK" ON "LJB_PROJECTORS"."SPACE_NOTICE" ("SPACE_NOTICE_NO") 
  PCTFREE 10 INITRANS 2 MAXTRANS 255 COMPUTE STATISTICS 
  STORAGE(INITIAL 65536 NEXT 1048576 MINEXTENTS 1 MAXEXTENTS 2147483645
  PCTINCREASE 0 FREELISTS 1 FREELIST GROUPS 1 BUFFER_POOL DEFAULT FLASH_CACHE DEFAULT CELL_FLASH_CACHE DEFAULT)
  TABLESPACE "TBS_PROJECTORS" ;
--------------------------------------------------------
--  DDL for Index STOP_RATE_NO_PK
--------------------------------------------------------

  CREATE UNIQUE INDEX "LJB_PROJECTORS"."STOP_RATE_NO_PK" ON "LJB_PROJECTORS"."PROJECT_STOP_RATE" ("STOP_RATE_NO") 
  PCTFREE 10 INITRANS 2 MAXTRANS 255 COMPUTE STATISTICS 
  STORAGE(INITIAL 65536 NEXT 1048576 MINEXTENTS 1 MAXEXTENTS 2147483645
  PCTINCREASE 0 FREELISTS 1 FREELIST GROUPS 1 BUFFER_POOL DEFAULT FLASH_CACHE DEFAULT CELL_FLASH_CACHE DEFAULT)
  TABLESPACE "TBS_PROJECTORS" ;
--------------------------------------------------------
--  DDL for Index STOP_REASON_NO_PK
--------------------------------------------------------

  CREATE UNIQUE INDEX "LJB_PROJECTORS"."STOP_REASON_NO_PK" ON "LJB_PROJECTORS"."PRJ_STOP_REASON" ("STOP_REASON_NO") 
  PCTFREE 10 INITRANS 2 MAXTRANS 255 COMPUTE STATISTICS 
  STORAGE(INITIAL 65536 NEXT 1048576 MINEXTENTS 1 MAXEXTENTS 2147483645
  PCTINCREASE 0 FREELISTS 1 FREELIST GROUPS 1 BUFFER_POOL DEFAULT FLASH_CACHE DEFAULT CELL_FLASH_CACHE DEFAULT)
  TABLESPACE "TBS_PROJECTORS" ;
--------------------------------------------------------
--  DDL for Index SUB_REGION_NO_PK
--------------------------------------------------------

  CREATE UNIQUE INDEX "LJB_PROJECTORS"."SUB_REGION_NO_PK" ON "LJB_PROJECTORS"."SUB_REGION" ("SUB_REGION_NO") 
  PCTFREE 10 INITRANS 2 MAXTRANS 255 COMPUTE STATISTICS 
  STORAGE(INITIAL 65536 NEXT 1048576 MINEXTENTS 1 MAXEXTENTS 2147483645
  PCTINCREASE 0 FREELISTS 1 FREELIST GROUPS 1 BUFFER_POOL DEFAULT FLASH_CACHE DEFAULT CELL_FLASH_CACHE DEFAULT)
  TABLESPACE "TBS_PROJECTORS" ;
--------------------------------------------------------
--  DDL for Index TOOL_NO_PK
--------------------------------------------------------

  CREATE UNIQUE INDEX "LJB_PROJECTORS"."TOOL_NO_PK" ON "LJB_PROJECTORS"."TOOL" ("TOOL_NO") 
  PCTFREE 10 INITRANS 2 MAXTRANS 255 COMPUTE STATISTICS 
  STORAGE(INITIAL 65536 NEXT 1048576 MINEXTENTS 1 MAXEXTENTS 2147483645
  PCTINCREASE 0 FREELISTS 1 FREELIST GROUPS 1 BUFFER_POOL DEFAULT FLASH_CACHE DEFAULT CELL_FLASH_CACHE DEFAULT)
  TABLESPACE "TBS_PROJECTORS" ;
--------------------------------------------------------
--  DDL for Index USER_NO_PK
--------------------------------------------------------

  CREATE UNIQUE INDEX "LJB_PROJECTORS"."USER_NO_PK" ON "LJB_PROJECTORS"."USERS" ("USER_NO") 
  PCTFREE 10 INITRANS 2 MAXTRANS 255 COMPUTE STATISTICS 
  STORAGE(INITIAL 65536 NEXT 1048576 MINEXTENTS 1 MAXEXTENTS 2147483645
  PCTINCREASE 0 FREELISTS 1 FREELIST GROUPS 1 BUFFER_POOL DEFAULT FLASH_CACHE DEFAULT CELL_FLASH_CACHE DEFAULT)
  TABLESPACE "TBS_PROJECTORS" ;
--------------------------------------------------------
--  DDL for Index UTOOL_NO_PK
--------------------------------------------------------

  CREATE UNIQUE INDEX "LJB_PROJECTORS"."UTOOL_NO_PK" ON "LJB_PROJECTORS"."USER_TOOL" ("UTOOL_NO") 
  PCTFREE 10 INITRANS 2 MAXTRANS 255 COMPUTE STATISTICS 
  STORAGE(INITIAL 65536 NEXT 1048576 MINEXTENTS 1 MAXEXTENTS 2147483645
  PCTINCREASE 0 FREELISTS 1 FREELIST GROUPS 1 BUFFER_POOL DEFAULT FLASH_CACHE DEFAULT CELL_FLASH_CACHE DEFAULT)
  TABLESPACE "TBS_PROJECTORS" ;
--------------------------------------------------------
--  DDL for Index WD_TYPE_NO_PK
--------------------------------------------------------

  CREATE UNIQUE INDEX "LJB_PROJECTORS"."WD_TYPE_NO_PK" ON "LJB_PROJECTORS"."WITHDRAW_TYPE" ("WD_TYPE_NO") 
  PCTFREE 10 INITRANS 2 MAXTRANS 255 COMPUTE STATISTICS 
  STORAGE(INITIAL 65536 NEXT 1048576 MINEXTENTS 1 MAXEXTENTS 2147483645
  PCTINCREASE 0 FREELISTS 1 FREELIST GROUPS 1 BUFFER_POOL DEFAULT FLASH_CACHE DEFAULT CELL_FLASH_CACHE DEFAULT)
  TABLESPACE "TBS_PROJECTORS" ;
--------------------------------------------------------
--  DDL for Index WD_USER_NO_PK
--------------------------------------------------------

  CREATE UNIQUE INDEX "LJB_PROJECTORS"."WD_USER_NO_PK" ON "LJB_PROJECTORS"."WITHDRAW_USER" ("WD_USER_NO") 
  PCTFREE 10 INITRANS 2 MAXTRANS 255 COMPUTE STATISTICS 
  STORAGE(INITIAL 65536 NEXT 1048576 MINEXTENTS 1 MAXEXTENTS 2147483645
  PCTINCREASE 0 FREELISTS 1 FREELIST GROUPS 1 BUFFER_POOL DEFAULT FLASH_CACHE DEFAULT CELL_FLASH_CACHE DEFAULT)
  TABLESPACE "TBS_PROJECTORS" ;
--------------------------------------------------------
--  DDL for Index WORKSPACE_COMM_NO_PK
--------------------------------------------------------

  CREATE UNIQUE INDEX "LJB_PROJECTORS"."WORKSPACE_COMM_NO_PK" ON "LJB_PROJECTORS"."WORKSPACE_COMM" ("WORKSPACE_COMM_NO") 
  PCTFREE 10 INITRANS 2 MAXTRANS 255 COMPUTE STATISTICS 
  STORAGE(INITIAL 65536 NEXT 1048576 MINEXTENTS 1 MAXEXTENTS 2147483645
  PCTINCREASE 0 FREELISTS 1 FREELIST GROUPS 1 BUFFER_POOL DEFAULT FLASH_CACHE DEFAULT CELL_FLASH_CACHE DEFAULT)
  TABLESPACE "TBS_PROJECTORS" ;
--------------------------------------------------------
--  DDL for Index WORKSPACE_NO_PK
--------------------------------------------------------

  CREATE UNIQUE INDEX "LJB_PROJECTORS"."WORKSPACE_NO_PK" ON "LJB_PROJECTORS"."WORKSPACE" ("WORKSPACE_NO") 
  PCTFREE 10 INITRANS 2 MAXTRANS 255 COMPUTE STATISTICS 
  STORAGE(INITIAL 65536 NEXT 1048576 MINEXTENTS 1 MAXEXTENTS 2147483645
  PCTINCREASE 0 FREELISTS 1 FREELIST GROUPS 1 BUFFER_POOL DEFAULT FLASH_CACHE DEFAULT CELL_FLASH_CACHE DEFAULT)
  TABLESPACE "TBS_PROJECTORS" ;
--------------------------------------------------------
--  DDL for Index ADMIN_ID_UK
--------------------------------------------------------

  CREATE UNIQUE INDEX "LJB_PROJECTORS"."ADMIN_ID_UK" ON "LJB_PROJECTORS"."ADMIN" ("ADMIN_ID") 
  PCTFREE 10 INITRANS 2 MAXTRANS 255 COMPUTE STATISTICS 
  STORAGE(INITIAL 65536 NEXT 1048576 MINEXTENTS 1 MAXEXTENTS 2147483645
  PCTINCREASE 0 FREELISTS 1 FREELIST GROUPS 1 BUFFER_POOL DEFAULT FLASH_CACHE DEFAULT CELL_FLASH_CACHE DEFAULT)
  TABLESPACE "TBS_PROJECTORS" ;
--------------------------------------------------------
--  DDL for Index ADMIN_NO_PK
--------------------------------------------------------

  CREATE UNIQUE INDEX "LJB_PROJECTORS"."ADMIN_NO_PK" ON "LJB_PROJECTORS"."ADMIN" ("ADMIN_NO") 
  PCTFREE 10 INITRANS 2 MAXTRANS 255 COMPUTE STATISTICS 
  STORAGE(INITIAL 65536 NEXT 1048576 MINEXTENTS 1 MAXEXTENTS 2147483645
  PCTINCREASE 0 FREELISTS 1 FREELIST GROUPS 1 BUFFER_POOL DEFAULT FLASH_CACHE DEFAULT CELL_FLASH_CACHE DEFAULT)
  TABLESPACE "TBS_PROJECTORS" ;
--------------------------------------------------------
--  DDL for Index ADMIN_NOTICE_NO_PK
--------------------------------------------------------

  CREATE UNIQUE INDEX "LJB_PROJECTORS"."ADMIN_NOTICE_NO_PK" ON "LJB_PROJECTORS"."ADMIN_NOTICE" ("ADMIN_NOTICE_NO") 
  PCTFREE 10 INITRANS 2 MAXTRANS 255 COMPUTE STATISTICS 
  STORAGE(INITIAL 65536 NEXT 1048576 MINEXTENTS 1 MAXEXTENTS 2147483645
  PCTINCREASE 0 FREELISTS 1 FREELIST GROUPS 1 BUFFER_POOL DEFAULT FLASH_CACHE DEFAULT CELL_FLASH_CACHE DEFAULT)
  TABLESPACE "TBS_PROJECTORS" ;
--------------------------------------------------------
--  DDL for Index ANSWER_NO_PK
--------------------------------------------------------

  CREATE UNIQUE INDEX "LJB_PROJECTORS"."ANSWER_NO_PK" ON "LJB_PROJECTORS"."ANSWER" ("ANSWER_NO") 
  PCTFREE 10 INITRANS 2 MAXTRANS 255 COMPUTE STATISTICS 
  STORAGE(INITIAL 65536 NEXT 1048576 MINEXTENTS 1 MAXEXTENTS 2147483645
  PCTINCREASE 0 FREELISTS 1 FREELIST GROUPS 1 BUFFER_POOL DEFAULT FLASH_CACHE DEFAULT CELL_FLASH_CACHE DEFAULT)
  TABLESPACE "TBS_PROJECTORS" ;
--------------------------------------------------------
--  DDL for Index APPLY_NO_PK
--------------------------------------------------------

  CREATE UNIQUE INDEX "LJB_PROJECTORS"."APPLY_NO_PK" ON "LJB_PROJECTORS"."APPLY" ("APPLY_NO") 
  PCTFREE 10 INITRANS 2 MAXTRANS 255 COMPUTE STATISTICS 
  STORAGE(INITIAL 65536 NEXT 1048576 MINEXTENTS 1 MAXEXTENTS 2147483645
  PCTINCREASE 0 FREELISTS 1 FREELIST GROUPS 1 BUFFER_POOL DEFAULT FLASH_CACHE DEFAULT CELL_FLASH_CACHE DEFAULT)
  TABLESPACE "TBS_PROJECTORS" ;
--------------------------------------------------------
--  DDL for Index COMM_NO_PK
--------------------------------------------------------

  CREATE UNIQUE INDEX "LJB_PROJECTORS"."COMM_NO_PK" ON "LJB_PROJECTORS"."COMMENTS" ("COMM_NO") 
  PCTFREE 10 INITRANS 2 MAXTRANS 255 COMPUTE STATISTICS 
  STORAGE(INITIAL 65536 NEXT 1048576 MINEXTENTS 1 MAXEXTENTS 2147483645
  PCTINCREASE 0 FREELISTS 1 FREELIST GROUPS 1 BUFFER_POOL DEFAULT FLASH_CACHE DEFAULT CELL_FLASH_CACHE DEFAULT)
  TABLESPACE "TBS_PROJECTORS" ;
--------------------------------------------------------
--  DDL for Index DEL_APPLY_NO_PK
--------------------------------------------------------

  CREATE UNIQUE INDEX "LJB_PROJECTORS"."DEL_APPLY_NO_PK" ON "LJB_PROJECTORS"."DEL_APPLY" ("DEL_APPLY_NO") 
  PCTFREE 10 INITRANS 2 MAXTRANS 255 COMPUTE STATISTICS 
  STORAGE(INITIAL 65536 NEXT 1048576 MINEXTENTS 1 MAXEXTENTS 2147483645
  PCTINCREASE 0 FREELISTS 1 FREELIST GROUPS 1 BUFFER_POOL DEFAULT FLASH_CACHE DEFAULT CELL_FLASH_CACHE DEFAULT)
  TABLESPACE "TBS_PROJECTORS" ;
--------------------------------------------------------
--  DDL for Index DEL_COMM_NO_PK
--------------------------------------------------------

  CREATE UNIQUE INDEX "LJB_PROJECTORS"."DEL_COMM_NO_PK" ON "LJB_PROJECTORS"."DEL_COMM" ("DEL_COMM_NO") 
  PCTFREE 10 INITRANS 2 MAXTRANS 255 COMPUTE STATISTICS 
  STORAGE(INITIAL 65536 NEXT 1048576 MINEXTENTS 1 MAXEXTENTS 2147483645
  PCTINCREASE 0 FREELISTS 1 FREELIST GROUPS 1 BUFFER_POOL DEFAULT FLASH_CACHE DEFAULT CELL_FLASH_CACHE DEFAULT)
  TABLESPACE "TBS_PROJECTORS" ;
--------------------------------------------------------
--  DDL for Index DEL_NOTE_NO_PK
--------------------------------------------------------

  CREATE UNIQUE INDEX "LJB_PROJECTORS"."DEL_NOTE_NO_PK" ON "LJB_PROJECTORS"."DEL_NOTE" ("DEL_NOTE_NO") 
  PCTFREE 10 INITRANS 2 MAXTRANS 255 COMPUTE STATISTICS 
  STORAGE(INITIAL 65536 NEXT 1048576 MINEXTENTS 1 MAXEXTENTS 2147483645
  PCTINCREASE 0 FREELISTS 1 FREELIST GROUPS 1 BUFFER_POOL DEFAULT FLASH_CACHE DEFAULT CELL_FLASH_CACHE DEFAULT)
  TABLESPACE "TBS_PROJECTORS" ;
--------------------------------------------------------
--  DDL for Index DEL_RECRUIT_NO_PK
--------------------------------------------------------

  CREATE UNIQUE INDEX "LJB_PROJECTORS"."DEL_RECRUIT_NO_PK" ON "LJB_PROJECTORS"."DEL_RECRUIT" ("DEL_RECRUIT_NO") 
  PCTFREE 10 INITRANS 2 MAXTRANS 255 COMPUTE STATISTICS 
  STORAGE(INITIAL 65536 NEXT 1048576 MINEXTENTS 1 MAXEXTENTS 2147483645
  PCTINCREASE 0 FREELISTS 1 FREELIST GROUPS 1 BUFFER_POOL DEFAULT FLASH_CACHE DEFAULT CELL_FLASH_CACHE DEFAULT)
  TABLESPACE "TBS_PROJECTORS" ;
--------------------------------------------------------
--  DDL for Index ADEL_PRJ_NO_PK
--------------------------------------------------------

  CREATE UNIQUE INDEX "LJB_PROJECTORS"."ADEL_PRJ_NO_PK" ON "LJB_PROJECTORS"."DEL_REP_PRJ" ("DEL_PRJ_NO") 
  PCTFREE 10 INITRANS 2 MAXTRANS 255 COMPUTE STATISTICS 
  STORAGE(INITIAL 65536 NEXT 1048576 MINEXTENTS 1 MAXEXTENTS 2147483645
  PCTINCREASE 0 FREELISTS 1 FREELIST GROUPS 1 BUFFER_POOL DEFAULT FLASH_CACHE DEFAULT CELL_FLASH_CACHE DEFAULT)
  TABLESPACE "TBS_PROJECTORS" ;
--------------------------------------------------------
--  DDL for Index DO_TYPE_NO_PK
--------------------------------------------------------

  CREATE UNIQUE INDEX "LJB_PROJECTORS"."DO_TYPE_NO_PK" ON "LJB_PROJECTORS"."DO_TYPE" ("DO_TYPE_NO") 
  PCTFREE 10 INITRANS 2 MAXTRANS 255 COMPUTE STATISTICS 
  STORAGE(INITIAL 65536 NEXT 1048576 MINEXTENTS 1 MAXEXTENTS 2147483645
  PCTINCREASE 0 FREELISTS 1 FREELIST GROUPS 1 BUFFER_POOL DEFAULT FLASH_CACHE DEFAULT CELL_FLASH_CACHE DEFAULT)
  TABLESPACE "TBS_PROJECTORS" ;
--------------------------------------------------------
--  DDL for Index FAQ_NO_PK
--------------------------------------------------------

  CREATE UNIQUE INDEX "LJB_PROJECTORS"."FAQ_NO_PK" ON "LJB_PROJECTORS"."FAQ" ("FAQ_NO") 
  PCTFREE 10 INITRANS 2 MAXTRANS 255 COMPUTE STATISTICS 
  STORAGE(INITIAL 65536 NEXT 1048576 MINEXTENTS 1 MAXEXTENTS 2147483645
  PCTINCREASE 0 FREELISTS 1 FREELIST GROUPS 1 BUFFER_POOL DEFAULT FLASH_CACHE DEFAULT CELL_FLASH_CACHE DEFAULT)
  TABLESPACE "TBS_PROJECTORS" ;
--------------------------------------------------------
--  DDL for Index FEED_NO_PK
--------------------------------------------------------

  CREATE UNIQUE INDEX "LJB_PROJECTORS"."FEED_NO_PK" ON "LJB_PROJECTORS"."FEED" ("FEED_NO") 
  PCTFREE 10 INITRANS 2 MAXTRANS 255 COMPUTE STATISTICS 
  STORAGE(INITIAL 65536 NEXT 1048576 MINEXTENTS 1 MAXEXTENTS 2147483645
  PCTINCREASE 0 FREELISTS 1 FREELIST GROUPS 1 BUFFER_POOL DEFAULT FLASH_CACHE DEFAULT CELL_FLASH_CACHE DEFAULT)
  TABLESPACE "TBS_PROJECTORS" ;
--------------------------------------------------------
--  DDL for Index FINAL_NO_PK
--------------------------------------------------------

  CREATE UNIQUE INDEX "LJB_PROJECTORS"."FINAL_NO_PK" ON "LJB_PROJECTORS"."FINAL" ("FINAL_NO") 
  PCTFREE 10 INITRANS 2 MAXTRANS 255 COMPUTE STATISTICS 
  STORAGE(INITIAL 65536 NEXT 1048576 MINEXTENTS 1 MAXEXTENTS 2147483645
  PCTINCREASE 0 FREELISTS 1 FREELIST GROUPS 1 BUFFER_POOL DEFAULT FLASH_CACHE DEFAULT CELL_FLASH_CACHE DEFAULT)
  TABLESPACE "TBS_PROJECTORS" ;
--------------------------------------------------------
--  DDL for Index FIRST_CK_NO_PK
--------------------------------------------------------

  CREATE UNIQUE INDEX "LJB_PROJECTORS"."FIRST_CK_NO_PK" ON "LJB_PROJECTORS"."FIRST_CK" ("FIRST_CK_NO") 
  PCTFREE 10 INITRANS 2 MAXTRANS 255 COMPUTE STATISTICS 
  STORAGE(INITIAL 65536 NEXT 1048576 MINEXTENTS 1 MAXEXTENTS 2147483645
  PCTINCREASE 0 FREELISTS 1 FREELIST GROUPS 1 BUFFER_POOL DEFAULT FLASH_CACHE DEFAULT CELL_FLASH_CACHE DEFAULT)
  TABLESPACE "TBS_PROJECTORS" ;
--------------------------------------------------------
--  DDL for Index LOGIN_REC_PK
--------------------------------------------------------

  CREATE UNIQUE INDEX "LJB_PROJECTORS"."LOGIN_REC_PK" ON "LJB_PROJECTORS"."LOGIN_REC" ("LOGIN_REC") 
  PCTFREE 10 INITRANS 2 MAXTRANS 255 COMPUTE STATISTICS 
  STORAGE(INITIAL 65536 NEXT 1048576 MINEXTENTS 1 MAXEXTENTS 2147483645
  PCTINCREASE 0 FREELISTS 1 FREELIST GROUPS 1 BUFFER_POOL DEFAULT FLASH_CACHE DEFAULT CELL_FLASH_CACHE DEFAULT)
  TABLESPACE "TBS_PROJECTORS" ;
--------------------------------------------------------
--  DDL for Index LOGOUT_REC_PK
--------------------------------------------------------

  CREATE UNIQUE INDEX "LJB_PROJECTORS"."LOGOUT_REC_PK" ON "LJB_PROJECTORS"."LOGOUT_REC" ("LOGOUT_REC") 
  PCTFREE 10 INITRANS 2 MAXTRANS 255 COMPUTE STATISTICS 
  STORAGE(INITIAL 65536 NEXT 1048576 MINEXTENTS 1 MAXEXTENTS 2147483645
  PCTINCREASE 0 FREELISTS 1 FREELIST GROUPS 1 BUFFER_POOL DEFAULT FLASH_CACHE DEFAULT CELL_FLASH_CACHE DEFAULT)
  TABLESPACE "TBS_PROJECTORS" ;
--------------------------------------------------------
--  DDL for Index MEETING_NO_PK
--------------------------------------------------------

  CREATE UNIQUE INDEX "LJB_PROJECTORS"."MEETING_NO_PK" ON "LJB_PROJECTORS"."MEETING" ("MEETING_NO") 
  PCTFREE 10 INITRANS 2 MAXTRANS 255 COMPUTE STATISTICS 
  STORAGE(INITIAL 65536 NEXT 1048576 MINEXTENTS 1 MAXEXTENTS 2147483645
  PCTINCREASE 0 FREELISTS 1 FREELIST GROUPS 1 BUFFER_POOL DEFAULT FLASH_CACHE DEFAULT CELL_FLASH_CACHE DEFAULT)
  TABLESPACE "TBS_PROJECTORS" ;
--------------------------------------------------------
--  DDL for Index MEM_OUT_NO_PK
--------------------------------------------------------

  CREATE UNIQUE INDEX "LJB_PROJECTORS"."MEM_OUT_NO_PK" ON "LJB_PROJECTORS"."MEMBER_OUT" ("MEM_OUT_NO") 
  PCTFREE 10 INITRANS 2 MAXTRANS 255 COMPUTE STATISTICS 
  STORAGE(INITIAL 65536 NEXT 1048576 MINEXTENTS 1 MAXEXTENTS 2147483645
  PCTINCREASE 0 FREELISTS 1 FREELIST GROUPS 1 BUFFER_POOL DEFAULT FLASH_CACHE DEFAULT CELL_FLASH_CACHE DEFAULT)
  TABLESPACE "TBS_PROJECTORS" ;
--------------------------------------------------------
--  DDL for Index OUT_RATE_NO_PK
--------------------------------------------------------

  CREATE UNIQUE INDEX "LJB_PROJECTORS"."OUT_RATE_NO_PK" ON "LJB_PROJECTORS"."MEM_OUT_RATE" ("OUT_RATE_NO") 
  PCTFREE 10 INITRANS 2 MAXTRANS 255 COMPUTE STATISTICS 
  STORAGE(INITIAL 65536 NEXT 1048576 MINEXTENTS 1 MAXEXTENTS 2147483645
  PCTINCREASE 0 FREELISTS 1 FREELIST GROUPS 1 BUFFER_POOL DEFAULT FLASH_CACHE DEFAULT CELL_FLASH_CACHE DEFAULT)
  TABLESPACE "TBS_PROJECTORS" ;
--------------------------------------------------------
--  DDL for Index OUT_REASON_NO_PK
--------------------------------------------------------

  CREATE UNIQUE INDEX "LJB_PROJECTORS"."OUT_REASON_NO_PK" ON "LJB_PROJECTORS"."MEM_OUT_REASON" ("OUT_REASON_NO") 
  PCTFREE 10 INITRANS 2 MAXTRANS 255 COMPUTE STATISTICS 
  STORAGE(INITIAL 65536 NEXT 1048576 MINEXTENTS 1 MAXEXTENTS 2147483645
  PCTINCREASE 0 FREELISTS 1 FREELIST GROUPS 1 BUFFER_POOL DEFAULT FLASH_CACHE DEFAULT CELL_FLASH_CACHE DEFAULT)
  TABLESPACE "TBS_PROJECTORS" ;
--------------------------------------------------------
--  DDL for Index NOTE_NO_PK
--------------------------------------------------------

  CREATE UNIQUE INDEX "LJB_PROJECTORS"."NOTE_NO_PK" ON "LJB_PROJECTORS"."NOTE" ("NOTE_NO") 
  PCTFREE 10 INITRANS 2 MAXTRANS 255 COMPUTE STATISTICS 
  STORAGE(INITIAL 65536 NEXT 1048576 MINEXTENTS 1 MAXEXTENTS 2147483645
  PCTINCREASE 0 FREELISTS 1 FREELIST GROUPS 1 BUFFER_POOL DEFAULT FLASH_CACHE DEFAULT CELL_FLASH_CACHE DEFAULT)
  TABLESPACE "TBS_PROJECTORS" ;
--------------------------------------------------------
--  DDL for Index POS_NO_PK
--------------------------------------------------------

  CREATE UNIQUE INDEX "LJB_PROJECTORS"."POS_NO_PK" ON "LJB_PROJECTORS"."POSITION" ("POS_NO") 
  PCTFREE 10 INITRANS 2 MAXTRANS 255 COMPUTE STATISTICS 
  STORAGE(INITIAL 65536 NEXT 1048576 MINEXTENTS 1 MAXEXTENTS 2147483645
  PCTINCREASE 0 FREELISTS 1 FREELIST GROUPS 1 BUFFER_POOL DEFAULT FLASH_CACHE DEFAULT CELL_FLASH_CACHE DEFAULT)
  TABLESPACE "TBS_PROJECTORS" ;
--------------------------------------------------------
--  DDL for Index PRJ_PRESULT_NO_PK
--------------------------------------------------------

  CREATE UNIQUE INDEX "LJB_PROJECTORS"."PRJ_PRESULT_NO_PK" ON "LJB_PROJECTORS"."PRJ_PRESULT" ("PRESULT_NO") 
  PCTFREE 10 INITRANS 2 MAXTRANS 255 COMPUTE STATISTICS 
  STORAGE(INITIAL 65536 NEXT 1048576 MINEXTENTS 1 MAXEXTENTS 2147483645
  PCTINCREASE 0 FREELISTS 1 FREELIST GROUPS 1 BUFFER_POOL DEFAULT FLASH_CACHE DEFAULT CELL_FLASH_CACHE DEFAULT)
  TABLESPACE "TBS_PROJECTORS" ;
--------------------------------------------------------
--  DDL for Index STOP_REASON_NO_PK
--------------------------------------------------------

  CREATE UNIQUE INDEX "LJB_PROJECTORS"."STOP_REASON_NO_PK" ON "LJB_PROJECTORS"."PRJ_STOP_REASON" ("STOP_REASON_NO") 
  PCTFREE 10 INITRANS 2 MAXTRANS 255 COMPUTE STATISTICS 
  STORAGE(INITIAL 65536 NEXT 1048576 MINEXTENTS 1 MAXEXTENTS 2147483645
  PCTINCREASE 0 FREELISTS 1 FREELIST GROUPS 1 BUFFER_POOL DEFAULT FLASH_CACHE DEFAULT CELL_FLASH_CACHE DEFAULT)
  TABLESPACE "TBS_PROJECTORS" ;
--------------------------------------------------------
--  DDL for Index PROFILE_NO_PK
--------------------------------------------------------

  CREATE UNIQUE INDEX "LJB_PROJECTORS"."PROFILE_NO_PK" ON "LJB_PROJECTORS"."PROFILE" ("PROFILE_NO") 
  PCTFREE 10 INITRANS 2 MAXTRANS 255 COMPUTE STATISTICS 
  STORAGE(INITIAL 65536 NEXT 1048576 MINEXTENTS 1 MAXEXTENTS 2147483645
  PCTINCREASE 0 FREELISTS 1 FREELIST GROUPS 1 BUFFER_POOL DEFAULT FLASH_CACHE DEFAULT CELL_FLASH_CACHE DEFAULT)
  TABLESPACE "TBS_PROJECTORS" ;
--------------------------------------------------------
--  DDL for Index PRJ_NO_PK
--------------------------------------------------------

  CREATE UNIQUE INDEX "LJB_PROJECTORS"."PRJ_NO_PK" ON "LJB_PROJECTORS"."PROJECT" ("PRJ_NO") 
  PCTFREE 10 INITRANS 2 MAXTRANS 255 COMPUTE STATISTICS 
  STORAGE(INITIAL 65536 NEXT 1048576 MINEXTENTS 1 MAXEXTENTS 2147483645
  PCTINCREASE 0 FREELISTS 1 FREELIST GROUPS 1 BUFFER_POOL DEFAULT FLASH_CACHE DEFAULT CELL_FLASH_CACHE DEFAULT)
  TABLESPACE "TBS_PROJECTORS" ;
--------------------------------------------------------
--  DDL for Index DONE_RATE_NO_PK
--------------------------------------------------------

  CREATE UNIQUE INDEX "LJB_PROJECTORS"."DONE_RATE_NO_PK" ON "LJB_PROJECTORS"."PROJECT_RATE" ("DONE_RATE_NO") 
  PCTFREE 10 INITRANS 2 MAXTRANS 255 COMPUTE STATISTICS 
  STORAGE(INITIAL 65536 NEXT 1048576 MINEXTENTS 1 MAXEXTENTS 2147483645
  PCTINCREASE 0 FREELISTS 1 FREELIST GROUPS 1 BUFFER_POOL DEFAULT FLASH_CACHE DEFAULT CELL_FLASH_CACHE DEFAULT)
  TABLESPACE "TBS_PROJECTORS" ;
--------------------------------------------------------
--  DDL for Index PRJ_STOP_NO_PK
--------------------------------------------------------

  CREATE UNIQUE INDEX "LJB_PROJECTORS"."PRJ_STOP_NO_PK" ON "LJB_PROJECTORS"."PROJECT_STOP" ("PRJ_STOP_NO") 
  PCTFREE 10 INITRANS 2 MAXTRANS 255 COMPUTE STATISTICS 
  STORAGE(INITIAL 65536 NEXT 1048576 MINEXTENTS 1 MAXEXTENTS 2147483645
  PCTINCREASE 0 FREELISTS 1 FREELIST GROUPS 1 BUFFER_POOL DEFAULT FLASH_CACHE DEFAULT CELL_FLASH_CACHE DEFAULT)
  TABLESPACE "TBS_PROJECTORS" ;
--------------------------------------------------------
--  DDL for Index STOP_RATE_NO_PK
--------------------------------------------------------

  CREATE UNIQUE INDEX "LJB_PROJECTORS"."STOP_RATE_NO_PK" ON "LJB_PROJECTORS"."PROJECT_STOP_RATE" ("STOP_RATE_NO") 
  PCTFREE 10 INITRANS 2 MAXTRANS 255 COMPUTE STATISTICS 
  STORAGE(INITIAL 65536 NEXT 1048576 MINEXTENTS 1 MAXEXTENTS 2147483645
  PCTINCREASE 0 FREELISTS 1 FREELIST GROUPS 1 BUFFER_POOL DEFAULT FLASH_CACHE DEFAULT CELL_FLASH_CACHE DEFAULT)
  TABLESPACE "TBS_PROJECTORS" ;
--------------------------------------------------------
--  DDL for Index QUESTION_NO_PK
--------------------------------------------------------

  CREATE UNIQUE INDEX "LJB_PROJECTORS"."QUESTION_NO_PK" ON "LJB_PROJECTORS"."QUESTION" ("QUESTION_NO") 
  PCTFREE 10 INITRANS 2 MAXTRANS 255 COMPUTE STATISTICS 
  STORAGE(INITIAL 65536 NEXT 1048576 MINEXTENTS 1 MAXEXTENTS 2147483645
  PCTINCREASE 0 FREELISTS 1 FREELIST GROUPS 1 BUFFER_POOL DEFAULT FLASH_CACHE DEFAULT CELL_FLASH_CACHE DEFAULT)
  TABLESPACE "TBS_PROJECTORS" ;
--------------------------------------------------------
--  DDL for Index QUIT_ADMIN_NO_PK
--------------------------------------------------------

  CREATE UNIQUE INDEX "LJB_PROJECTORS"."QUIT_ADMIN_NO_PK" ON "LJB_PROJECTORS"."QUIT_ADMIN" ("QUIT_ADMIN_NO") 
  PCTFREE 10 INITRANS 2 MAXTRANS 255 COMPUTE STATISTICS 
  STORAGE(INITIAL 65536 NEXT 1048576 MINEXTENTS 1 MAXEXTENTS 2147483645
  PCTINCREASE 0 FREELISTS 1 FREELIST GROUPS 1 BUFFER_POOL DEFAULT FLASH_CACHE DEFAULT CELL_FLASH_CACHE DEFAULT)
  TABLESPACE "TBS_PROJECTORS" ;
--------------------------------------------------------
--  DDL for Index RATE_NO_PK
--------------------------------------------------------

  CREATE UNIQUE INDEX "LJB_PROJECTORS"."RATE_NO_PK" ON "LJB_PROJECTORS"."RATE_SELECT" ("RATE_NO") 
  PCTFREE 10 INITRANS 2 MAXTRANS 255 COMPUTE STATISTICS 
  STORAGE(INITIAL 65536 NEXT 1048576 MINEXTENTS 1 MAXEXTENTS 2147483645
  PCTINCREASE 0 FREELISTS 1 FREELIST GROUPS 1 BUFFER_POOL DEFAULT FLASH_CACHE DEFAULT CELL_FLASH_CACHE DEFAULT)
  TABLESPACE "TBS_PROJECTORS" ;
--------------------------------------------------------
--  DDL for Index RECRUIT_NO_PK
--------------------------------------------------------

  CREATE UNIQUE INDEX "LJB_PROJECTORS"."RECRUIT_NO_PK" ON "LJB_PROJECTORS"."RECRUIT" ("RECRUIT_NO") 
  PCTFREE 10 INITRANS 2 MAXTRANS 255 COMPUTE STATISTICS 
  STORAGE(INITIAL 65536 NEXT 1048576 MINEXTENTS 1 MAXEXTENTS 2147483645
  PCTINCREASE 0 FREELISTS 1 FREELIST GROUPS 1 BUFFER_POOL DEFAULT FLASH_CACHE DEFAULT CELL_FLASH_CACHE DEFAULT)
  TABLESPACE "TBS_PROJECTORS" ;
--------------------------------------------------------
--  DDL for Index RECRUIT_POS_NO_PK
--------------------------------------------------------

  CREATE UNIQUE INDEX "LJB_PROJECTORS"."RECRUIT_POS_NO_PK" ON "LJB_PROJECTORS"."RECRUIT_POS" ("RECRUIT_POS_NO") 
  PCTFREE 10 INITRANS 2 MAXTRANS 255 COMPUTE STATISTICS 
  STORAGE(INITIAL 65536 NEXT 1048576 MINEXTENTS 1 MAXEXTENTS 2147483645
  PCTINCREASE 0 FREELISTS 1 FREELIST GROUPS 1 BUFFER_POOL DEFAULT FLASH_CACHE DEFAULT CELL_FLASH_CACHE DEFAULT)
  TABLESPACE "TBS_PROJECTORS" ;
--------------------------------------------------------
--  DDL for Index RECRUIT_TOOL_NO_PK
--------------------------------------------------------

  CREATE UNIQUE INDEX "LJB_PROJECTORS"."RECRUIT_TOOL_NO_PK" ON "LJB_PROJECTORS"."RECRUIT_TOOL" ("RECRUIT_TOOL_NO") 
  PCTFREE 10 INITRANS 2 MAXTRANS 255 COMPUTE STATISTICS 
  STORAGE(INITIAL 65536 NEXT 1048576 MINEXTENTS 1 MAXEXTENTS 2147483645
  PCTINCREASE 0 FREELISTS 1 FREELIST GROUPS 1 BUFFER_POOL DEFAULT FLASH_CACHE DEFAULT CELL_FLASH_CACHE DEFAULT)
  TABLESPACE "TBS_PROJECTORS" ;
--------------------------------------------------------
--  DDL for Index REGION_NO_PK
--------------------------------------------------------

  CREATE UNIQUE INDEX "LJB_PROJECTORS"."REGION_NO_PK" ON "LJB_PROJECTORS"."REGION" ("REGION_NO") 
  PCTFREE 10 INITRANS 2 MAXTRANS 255 COMPUTE STATISTICS 
  STORAGE(INITIAL 65536 NEXT 1048576 MINEXTENTS 1 MAXEXTENTS 2147483645
  PCTINCREASE 0 FREELISTS 1 FREELIST GROUPS 1 BUFFER_POOL DEFAULT FLASH_CACHE DEFAULT CELL_FLASH_CACHE DEFAULT)
  TABLESPACE "TBS_PROJECTORS" ;
--------------------------------------------------------
--  DDL for Index REGU_NO_PK
--------------------------------------------------------

  CREATE UNIQUE INDEX "LJB_PROJECTORS"."REGU_NO_PK" ON "LJB_PROJECTORS"."REGULATION" ("REGU_NO") 
  PCTFREE 10 INITRANS 2 MAXTRANS 255 COMPUTE STATISTICS 
  STORAGE(INITIAL 65536 NEXT 1048576 MINEXTENTS 1 MAXEXTENTS 2147483645
  PCTINCREASE 0 FREELISTS 1 FREELIST GROUPS 1 BUFFER_POOL DEFAULT FLASH_CACHE DEFAULT CELL_FLASH_CACHE DEFAULT)
  TABLESPACE "TBS_PROJECTORS" ;
--------------------------------------------------------
--  DDL for Index REGU_PERIOD_NO_PK
--------------------------------------------------------

  CREATE UNIQUE INDEX "LJB_PROJECTORS"."REGU_PERIOD_NO_PK" ON "LJB_PROJECTORS"."REGULATION_PERIOD" ("REGU_PERIOD_NO") 
  PCTFREE 10 INITRANS 2 MAXTRANS 255 COMPUTE STATISTICS 
  STORAGE(INITIAL 65536 NEXT 1048576 MINEXTENTS 1 MAXEXTENTS 2147483645
  PCTINCREASE 0 FREELISTS 1 FREELIST GROUPS 1 BUFFER_POOL DEFAULT FLASH_CACHE DEFAULT CELL_FLASH_CACHE DEFAULT)
  TABLESPACE "TBS_PROJECTORS" ;
--------------------------------------------------------
--  DDL for Index REP_APPLY_NO_PK
--------------------------------------------------------

  CREATE UNIQUE INDEX "LJB_PROJECTORS"."REP_APPLY_NO_PK" ON "LJB_PROJECTORS"."REPORT_APPLY" ("REP_APPLY_NO") 
  PCTFREE 10 INITRANS 2 MAXTRANS 255 COMPUTE STATISTICS 
  STORAGE(INITIAL 65536 NEXT 1048576 MINEXTENTS 1 MAXEXTENTS 2147483645
  PCTINCREASE 0 FREELISTS 1 FREELIST GROUPS 1 BUFFER_POOL DEFAULT FLASH_CACHE DEFAULT CELL_FLASH_CACHE DEFAULT)
  TABLESPACE "TBS_PROJECTORS" ;
--------------------------------------------------------
--  DDL for Index REP_COMM_NO_PK
--------------------------------------------------------

  CREATE UNIQUE INDEX "LJB_PROJECTORS"."REP_COMM_NO_PK" ON "LJB_PROJECTORS"."REPORT_COMM" ("REP_COMM_NO") 
  PCTFREE 10 INITRANS 2 MAXTRANS 255 COMPUTE STATISTICS 
  STORAGE(INITIAL 65536 NEXT 1048576 MINEXTENTS 1 MAXEXTENTS 2147483645
  PCTINCREASE 0 FREELISTS 1 FREELIST GROUPS 1 BUFFER_POOL DEFAULT FLASH_CACHE DEFAULT CELL_FLASH_CACHE DEFAULT)
  TABLESPACE "TBS_PROJECTORS" ;
--------------------------------------------------------
--  DDL for Index REP_NOTE_NO_PK
--------------------------------------------------------

  CREATE UNIQUE INDEX "LJB_PROJECTORS"."REP_NOTE_NO_PK" ON "LJB_PROJECTORS"."REPORT_NOTE" ("REP_NOTE_NO") 
  PCTFREE 10 INITRANS 2 MAXTRANS 255 COMPUTE STATISTICS 
  STORAGE(INITIAL 65536 NEXT 1048576 MINEXTENTS 1 MAXEXTENTS 2147483645
  PCTINCREASE 0 FREELISTS 1 FREELIST GROUPS 1 BUFFER_POOL DEFAULT FLASH_CACHE DEFAULT CELL_FLASH_CACHE DEFAULT)
  TABLESPACE "TBS_PROJECTORS" ;
--------------------------------------------------------
--  DDL for Index REP_PRJ_NO_PK
--------------------------------------------------------

  CREATE UNIQUE INDEX "LJB_PROJECTORS"."REP_PRJ_NO_PK" ON "LJB_PROJECTORS"."REPORT_PRJ" ("REP_PRJ_NO") 
  PCTFREE 10 INITRANS 2 MAXTRANS 255 COMPUTE STATISTICS 
  STORAGE(INITIAL 65536 NEXT 1048576 MINEXTENTS 1 MAXEXTENTS 2147483645
  PCTINCREASE 0 FREELISTS 1 FREELIST GROUPS 1 BUFFER_POOL DEFAULT FLASH_CACHE DEFAULT CELL_FLASH_CACHE DEFAULT)
  TABLESPACE "TBS_PROJECTORS" ;
--------------------------------------------------------
--  DDL for Index REP_REASON_NO_PK
--------------------------------------------------------

  CREATE UNIQUE INDEX "LJB_PROJECTORS"."REP_REASON_NO_PK" ON "LJB_PROJECTORS"."REPORT_REASON" ("REP_REASON_NO") 
  PCTFREE 10 INITRANS 2 MAXTRANS 255 COMPUTE STATISTICS 
  STORAGE(INITIAL 65536 NEXT 1048576 MINEXTENTS 1 MAXEXTENTS 2147483645
  PCTINCREASE 0 FREELISTS 1 FREELIST GROUPS 1 BUFFER_POOL DEFAULT FLASH_CACHE DEFAULT CELL_FLASH_CACHE DEFAULT)
  TABLESPACE "TBS_PROJECTORS" ;
--------------------------------------------------------
--  DDL for Index REP_RESULT_NO_PK
--------------------------------------------------------

  CREATE UNIQUE INDEX "LJB_PROJECTORS"."REP_RESULT_NO_PK" ON "LJB_PROJECTORS"."REPORT_RESULT" ("REP_RESULT_NO") 
  PCTFREE 10 INITRANS 2 MAXTRANS 255 COMPUTE STATISTICS 
  STORAGE(INITIAL 65536 NEXT 1048576 MINEXTENTS 1 MAXEXTENTS 2147483645
  PCTINCREASE 0 FREELISTS 1 FREELIST GROUPS 1 BUFFER_POOL DEFAULT FLASH_CACHE DEFAULT CELL_FLASH_CACHE DEFAULT)
  TABLESPACE "TBS_PROJECTORS" ;
--------------------------------------------------------
--  DDL for Index APPLY_RESULT_NO_PK
--------------------------------------------------------

  CREATE UNIQUE INDEX "LJB_PROJECTORS"."APPLY_RESULT_NO_PK" ON "LJB_PROJECTORS"."REP_APPLY_RESULT" ("APPLY_RESULT_NO") 
  PCTFREE 10 INITRANS 2 MAXTRANS 255 COMPUTE STATISTICS 
  STORAGE(INITIAL 65536 NEXT 1048576 MINEXTENTS 1 MAXEXTENTS 2147483645
  PCTINCREASE 0 FREELISTS 1 FREELIST GROUPS 1 BUFFER_POOL DEFAULT FLASH_CACHE DEFAULT CELL_FLASH_CACHE DEFAULT)
  TABLESPACE "TBS_PROJECTORS" ;
--------------------------------------------------------
--  DDL for Index COMM_RESULT_NO_PK
--------------------------------------------------------

  CREATE UNIQUE INDEX "LJB_PROJECTORS"."COMM_RESULT_NO_PK" ON "LJB_PROJECTORS"."REP_COMM_RESULT" ("COMM_RESULT_NO") 
  PCTFREE 10 INITRANS 2 MAXTRANS 255 COMPUTE STATISTICS 
  STORAGE(INITIAL 65536 NEXT 1048576 MINEXTENTS 1 MAXEXTENTS 2147483645
  PCTINCREASE 0 FREELISTS 1 FREELIST GROUPS 1 BUFFER_POOL DEFAULT FLASH_CACHE DEFAULT CELL_FLASH_CACHE DEFAULT)
  TABLESPACE "TBS_PROJECTORS" ;
--------------------------------------------------------
--  DDL for Index NOTE_RESULT_NO_PK
--------------------------------------------------------

  CREATE UNIQUE INDEX "LJB_PROJECTORS"."NOTE_RESULT_NO_PK" ON "LJB_PROJECTORS"."REP_NOTE_RESULT" ("NOTE_RESULT_NO") 
  PCTFREE 10 INITRANS 2 MAXTRANS 255 COMPUTE STATISTICS 
  STORAGE(INITIAL 65536 NEXT 1048576 MINEXTENTS 1 MAXEXTENTS 2147483645
  PCTINCREASE 0 FREELISTS 1 FREELIST GROUPS 1 BUFFER_POOL DEFAULT FLASH_CACHE DEFAULT CELL_FLASH_CACHE DEFAULT)
  TABLESPACE "TBS_PROJECTORS" ;
--------------------------------------------------------
--  DDL for Index PRJ_REP_REASON_NO_PK
--------------------------------------------------------

  CREATE UNIQUE INDEX "LJB_PROJECTORS"."PRJ_REP_REASON_NO_PK" ON "LJB_PROJECTORS"."REP_PRJ_REASON" ("REP_REASON_NO") 
  PCTFREE 10 INITRANS 2 MAXTRANS 255 COMPUTE STATISTICS 
  STORAGE(INITIAL 65536 NEXT 1048576 MINEXTENTS 1 MAXEXTENTS 2147483645
  PCTINCREASE 0 FREELISTS 1 FREELIST GROUPS 1 BUFFER_POOL DEFAULT FLASH_CACHE DEFAULT CELL_FLASH_CACHE DEFAULT)
  TABLESPACE "TBS_PROJECTORS" ;
--------------------------------------------------------
--  DDL for Index REP_RECRUIT_NO_PK
--------------------------------------------------------

  CREATE UNIQUE INDEX "LJB_PROJECTORS"."REP_RECRUIT_NO_PK" ON "LJB_PROJECTORS"."REP_RECRUIT" ("REP_RECRUIT_NO") 
  PCTFREE 10 INITRANS 2 MAXTRANS 255 COMPUTE STATISTICS 
  STORAGE(INITIAL 65536 NEXT 1048576 MINEXTENTS 1 MAXEXTENTS 2147483645
  PCTINCREASE 0 FREELISTS 1 FREELIST GROUPS 1 BUFFER_POOL DEFAULT FLASH_CACHE DEFAULT CELL_FLASH_CACHE DEFAULT)
  TABLESPACE "TBS_PROJECTORS" ;
--------------------------------------------------------
--  DDL for Index RECRUIT_RESULT_NO_PK
--------------------------------------------------------

  CREATE UNIQUE INDEX "LJB_PROJECTORS"."RECRUIT_RESULT_NO_PK" ON "LJB_PROJECTORS"."REP_RECRUIT_RESULT" ("RECRUIT_RESULT_NO") 
  PCTFREE 10 INITRANS 2 MAXTRANS 255 COMPUTE STATISTICS 
  STORAGE(INITIAL 65536 NEXT 1048576 MINEXTENTS 1 MAXEXTENTS 2147483645
  PCTINCREASE 0 FREELISTS 1 FREELIST GROUPS 1 BUFFER_POOL DEFAULT FLASH_CACHE DEFAULT CELL_FLASH_CACHE DEFAULT)
  TABLESPACE "TBS_PROJECTORS" ;
--------------------------------------------------------
--  DDL for Index SPACE_NOTICE_NO_PK
--------------------------------------------------------

  CREATE UNIQUE INDEX "LJB_PROJECTORS"."SPACE_NOTICE_NO_PK" ON "LJB_PROJECTORS"."SPACE_NOTICE" ("SPACE_NOTICE_NO") 
  PCTFREE 10 INITRANS 2 MAXTRANS 255 COMPUTE STATISTICS 
  STORAGE(INITIAL 65536 NEXT 1048576 MINEXTENTS 1 MAXEXTENTS 2147483645
  PCTINCREASE 0 FREELISTS 1 FREELIST GROUPS 1 BUFFER_POOL DEFAULT FLASH_CACHE DEFAULT CELL_FLASH_CACHE DEFAULT)
  TABLESPACE "TBS_PROJECTORS" ;
--------------------------------------------------------
--  DDL for Index SUB_REGION_NO_PK
--------------------------------------------------------

  CREATE UNIQUE INDEX "LJB_PROJECTORS"."SUB_REGION_NO_PK" ON "LJB_PROJECTORS"."SUB_REGION" ("SUB_REGION_NO") 
  PCTFREE 10 INITRANS 2 MAXTRANS 255 COMPUTE STATISTICS 
  STORAGE(INITIAL 65536 NEXT 1048576 MINEXTENTS 1 MAXEXTENTS 2147483645
  PCTINCREASE 0 FREELISTS 1 FREELIST GROUPS 1 BUFFER_POOL DEFAULT FLASH_CACHE DEFAULT CELL_FLASH_CACHE DEFAULT)
  TABLESPACE "TBS_PROJECTORS" ;
--------------------------------------------------------
--  DDL for Index TOOL_NO_PK
--------------------------------------------------------

  CREATE UNIQUE INDEX "LJB_PROJECTORS"."TOOL_NO_PK" ON "LJB_PROJECTORS"."TOOL" ("TOOL_NO") 
  PCTFREE 10 INITRANS 2 MAXTRANS 255 COMPUTE STATISTICS 
  STORAGE(INITIAL 65536 NEXT 1048576 MINEXTENTS 1 MAXEXTENTS 2147483645
  PCTINCREASE 0 FREELISTS 1 FREELIST GROUPS 1 BUFFER_POOL DEFAULT FLASH_CACHE DEFAULT CELL_FLASH_CACHE DEFAULT)
  TABLESPACE "TBS_PROJECTORS" ;
--------------------------------------------------------
--  DDL for Index ID_UK
--------------------------------------------------------

  CREATE UNIQUE INDEX "LJB_PROJECTORS"."ID_UK" ON "LJB_PROJECTORS"."USERS" ("ID") 
  PCTFREE 10 INITRANS 2 MAXTRANS 255 COMPUTE STATISTICS 
  STORAGE(INITIAL 65536 NEXT 1048576 MINEXTENTS 1 MAXEXTENTS 2147483645
  PCTINCREASE 0 FREELISTS 1 FREELIST GROUPS 1 BUFFER_POOL DEFAULT FLASH_CACHE DEFAULT CELL_FLASH_CACHE DEFAULT)
  TABLESPACE "TBS_PROJECTORS" ;
--------------------------------------------------------
--  DDL for Index NICKNAME_UK
--------------------------------------------------------

  CREATE UNIQUE INDEX "LJB_PROJECTORS"."NICKNAME_UK" ON "LJB_PROJECTORS"."USERS" ("NICKNAME") 
  PCTFREE 10 INITRANS 2 MAXTRANS 255 COMPUTE STATISTICS 
  STORAGE(INITIAL 65536 NEXT 1048576 MINEXTENTS 1 MAXEXTENTS 2147483645
  PCTINCREASE 0 FREELISTS 1 FREELIST GROUPS 1 BUFFER_POOL DEFAULT FLASH_CACHE DEFAULT CELL_FLASH_CACHE DEFAULT)
  TABLESPACE "TBS_PROJECTORS" ;
--------------------------------------------------------
--  DDL for Index USER_NO_PK
--------------------------------------------------------

  CREATE UNIQUE INDEX "LJB_PROJECTORS"."USER_NO_PK" ON "LJB_PROJECTORS"."USERS" ("USER_NO") 
  PCTFREE 10 INITRANS 2 MAXTRANS 255 COMPUTE STATISTICS 
  STORAGE(INITIAL 65536 NEXT 1048576 MINEXTENTS 1 MAXEXTENTS 2147483645
  PCTINCREASE 0 FREELISTS 1 FREELIST GROUPS 1 BUFFER_POOL DEFAULT FLASH_CACHE DEFAULT CELL_FLASH_CACHE DEFAULT)
  TABLESPACE "TBS_PROJECTORS" ;
--------------------------------------------------------
--  DDL for Index PIN_NO_PK
--------------------------------------------------------

  CREATE UNIQUE INDEX "LJB_PROJECTORS"."PIN_NO_PK" ON "LJB_PROJECTORS"."USER_PIN" ("PIN_NO") 
  PCTFREE 10 INITRANS 2 MAXTRANS 255 COMPUTE STATISTICS 
  STORAGE(INITIAL 65536 NEXT 1048576 MINEXTENTS 1 MAXEXTENTS 2147483645
  PCTINCREASE 0 FREELISTS 1 FREELIST GROUPS 1 BUFFER_POOL DEFAULT FLASH_CACHE DEFAULT CELL_FLASH_CACHE DEFAULT)
  TABLESPACE "TBS_PROJECTORS" ;
--------------------------------------------------------
--  DDL for Index UTOOL_NO_PK
--------------------------------------------------------

  CREATE UNIQUE INDEX "LJB_PROJECTORS"."UTOOL_NO_PK" ON "LJB_PROJECTORS"."USER_TOOL" ("UTOOL_NO") 
  PCTFREE 10 INITRANS 2 MAXTRANS 255 COMPUTE STATISTICS 
  STORAGE(INITIAL 65536 NEXT 1048576 MINEXTENTS 1 MAXEXTENTS 2147483645
  PCTINCREASE 0 FREELISTS 1 FREELIST GROUPS 1 BUFFER_POOL DEFAULT FLASH_CACHE DEFAULT CELL_FLASH_CACHE DEFAULT)
  TABLESPACE "TBS_PROJECTORS" ;
--------------------------------------------------------
--  DDL for Index WD_TYPE_NO_PK
--------------------------------------------------------

  CREATE UNIQUE INDEX "LJB_PROJECTORS"."WD_TYPE_NO_PK" ON "LJB_PROJECTORS"."WITHDRAW_TYPE" ("WD_TYPE_NO") 
  PCTFREE 10 INITRANS 2 MAXTRANS 255 COMPUTE STATISTICS 
  STORAGE(INITIAL 65536 NEXT 1048576 MINEXTENTS 1 MAXEXTENTS 2147483645
  PCTINCREASE 0 FREELISTS 1 FREELIST GROUPS 1 BUFFER_POOL DEFAULT FLASH_CACHE DEFAULT CELL_FLASH_CACHE DEFAULT)
  TABLESPACE "TBS_PROJECTORS" ;
--------------------------------------------------------
--  DDL for Index WD_USER_NO_PK
--------------------------------------------------------

  CREATE UNIQUE INDEX "LJB_PROJECTORS"."WD_USER_NO_PK" ON "LJB_PROJECTORS"."WITHDRAW_USER" ("WD_USER_NO") 
  PCTFREE 10 INITRANS 2 MAXTRANS 255 COMPUTE STATISTICS 
  STORAGE(INITIAL 65536 NEXT 1048576 MINEXTENTS 1 MAXEXTENTS 2147483645
  PCTINCREASE 0 FREELISTS 1 FREELIST GROUPS 1 BUFFER_POOL DEFAULT FLASH_CACHE DEFAULT CELL_FLASH_CACHE DEFAULT)
  TABLESPACE "TBS_PROJECTORS" ;
--------------------------------------------------------
--  DDL for Index WORKSPACE_NO_PK
--------------------------------------------------------

  CREATE UNIQUE INDEX "LJB_PROJECTORS"."WORKSPACE_NO_PK" ON "LJB_PROJECTORS"."WORKSPACE" ("WORKSPACE_NO") 
  PCTFREE 10 INITRANS 2 MAXTRANS 255 COMPUTE STATISTICS 
  STORAGE(INITIAL 65536 NEXT 1048576 MINEXTENTS 1 MAXEXTENTS 2147483645
  PCTINCREASE 0 FREELISTS 1 FREELIST GROUPS 1 BUFFER_POOL DEFAULT FLASH_CACHE DEFAULT CELL_FLASH_CACHE DEFAULT)
  TABLESPACE "TBS_PROJECTORS" ;
--------------------------------------------------------
--  DDL for Index WORKSPACE_COMM_NO_PK
--------------------------------------------------------

  CREATE UNIQUE INDEX "LJB_PROJECTORS"."WORKSPACE_COMM_NO_PK" ON "LJB_PROJECTORS"."WORKSPACE_COMM" ("WORKSPACE_COMM_NO") 
  PCTFREE 10 INITRANS 2 MAXTRANS 255 COMPUTE STATISTICS 
  STORAGE(INITIAL 65536 NEXT 1048576 MINEXTENTS 1 MAXEXTENTS 2147483645
  PCTINCREASE 0 FREELISTS 1 FREELIST GROUPS 1 BUFFER_POOL DEFAULT FLASH_CACHE DEFAULT CELL_FLASH_CACHE DEFAULT)
  TABLESPACE "TBS_PROJECTORS" ;
--------------------------------------------------------
--  DDL for Package CRYPTPACK
--------------------------------------------------------

  CREATE OR REPLACE PACKAGE "LJB_PROJECTORS"."CRYPTPACK" 
AS
    -- 암호화 함수 패키지 구성
    FUNCTION ENCRYPT(STR VARCHAR2, HASH VARCHAR2)
    RETURN VARCHAR2;

    -- 복호화 함수 패키지 구성
    FUNCTION DECRYPT(XCRYPT VARCHAR2, HASH VARCHAR2)
    RETURN VARCHAR2;

END CRYPTPACK;
--==>> Package CRYPTPACK이(가) 컴파일되었습니다.



-- ○ 패키지 몸체 구성(CRYPTPACK)
CREATE OR REPLACE PACKAGE BODY CRYPTPACK
IS
    -- 전역 변수 구성
    CRYPTED_STRING VARCHAR2(2000);

    -- 암호화 함수 정의
    FUNCTION ENCRYPT(STR VARCHAR2, HASH VARCHAR2)
    RETURN VARCHAR2
    IS
        PIECES_OF_EIGHT NUMBER := ((FLOOR(LENGTH(STR)/8 + .9)) *8);
    BEGIN
        DBMS_OBFUSCATION_TOOLKIT.DESENCRYPT
        ( INPUT_STRING     => RPAD(STR, PIECES_OF_EIGHT)
        , KEY_STRING       => RPAD(HASH, 8, '#')
        , ENCRYPTED_STRING => CRYPTED_STRING
        );
        RETURN CRYPTED_STRING;
    END;

    -- 복호화 함수 정의
    FUNCTION DECRYPT(XCRYPT VARCHAR2, HASH VARCHAR2)
    RETURN VARCHAR2
    IS
    BEGIN
        DBMS_OBFUSCATION_TOOLKIT.DESDECRYPT
        ( INPUT_STRING        => XCRYPT
        , KEY_STRING          => RPAD(HASH, 8, '#')
        , DECRYPTED_STRING    => CRYPTED_STRING
        );
        RETURN TRIM(CRYPTED_STRING);
    END;

END CRYPTPACK;
--==>> Package Body CRYPTPACK이(가) 컴파일되었습니다.

--==================================================================

--==[1. 이준복]
/*
관리자  ->          AD||SEQ
회원식별번호        UP||SEQ
유저    ->          US||SEQ
프로필  ->          PF||SEQ
유저 사용 도구  ->  UT||SEQ
공지    ->          NT||SEQ
공고    ->          RC||SEQ
지원서  ->          AP||SEQ
프로젝트->          PJ||SEQ
모집 포지션 번호 -> RP||SEQ
1차 합류 번호    -> FS||SEQ
최종 합류 번호   -> FN||SEQ

회원 5명
모집 공고 2개 (1모집중|1모집완료)
지원서 5개 (모집자 본인 지원서 2 + 지원자 3개(지원서 2개는 모집 완료 1개는 모집 중)) 
프로젝트(1 3인 프로젝트)
*/
--================================
ALTER SESSION SET NLS_DATE_FORMAT = 'YYYY-MM-DD HH24:MI:SS';

--=============================
CREATE SEQUENCE USERPINSEQ
NOCACHE;
--==>> Sequence USERPINSEQ이(가) 생성되었습니다.


CREATE SEQUENCE USERNOSEQ
NOCACHE;
--==>> Sequence USERPINSEQ이(가) 생성되었습니다.

/*
CREATE SEQUENCE PROFILENOSEQ
NOCACHE;

CREATE SEQUENCE UTOOLNOSEQ
NOCACHE;

CREATE SEQUENCE RECRUITNOSEQ
NOCACHE;

CREATE SEQUENCE APPLYNOSEQ
NOCACHE;

CREATE SEQUENCE RECRUITPOSSEQ
NOCACHE;

CREATE SEQUENCE FIRSTCKSEQ
NOCACHE;

CREATE SEQUENCE FINALNOSEQ
NOCACHE;

CREATE SEQUENCE PROJECTNOSEQ
NOCACHE;
*/
-- 유저 핀번호 생성
INSERT INTO USER_PIN(PIN_NO, JOIN_DATE) VALUES('UP'||TO_CHAR(USERPINSEQ.NEXTVAL),SYSDATE);
-- 유저 번호 시퀀스 생성
CREATE SEQUENCE USERNOSEQ
NOCACHE;



--● 회원 테이블(USERS) 인서트 (유저번호, 유저핀번호, 아이디, 비번, 닉네임, 프사) 

INSERT INTO USER_PIN(PIN_NO, JOIN_DATE) VALUES('UP'||TO_CHAR(USERPINSEQ.NEXTVAL),SYSDATE);
--==>> 1 행 이(가) 삽입되었습니다.
SELECT * FROM USER_PIN;
--==>>UP1	2023-08-06 17:57:18

INSERT INTO USERS(USER_NO, PIN_NO, ID, PW, NICKNAME, PHOTOURL)
VALUES
('US'||TO_CHAR(USERNOSEQ.NEXTVAL)        --유저번호
,(SELECT PIN_NO FROM USER_PIN WHERE PIN_NO='UP1')          -- 유저 핀번호
, 'doolahyeon@gmail.com'  -- 아이디(이메일)
, 'user0001') -- 비밀번호(암호화)
, '두라현'                                  -- 닉네임
, 'images/defaultPhoto.jpg');                -- 프로필사진 url

SELECT *
FROM USERS;



INSERT INTO USERS(USER_NO, PIN_NO, ID, PW, NICKNAME, PHOTOURL)
VALUES(US||TO_CHAR(USERNOSEQ.NEXTVAL)        --유저번호
,(SELECT MAX(PIN_NO) FROM USER_PIN)          -- 유저 핀번호
, 'sedahyeon@gmail.com'                     -- 아이디(이메일)
, CRYPTPACK.ENCRYPT('user0002','user0002')    -- 비밀번호(암호화)
, '세다현'                                  -- 닉네임
, 'images/defaultPhoto.jpg');                -- 프로필사진 url

INSERT INTO USERS(USER_NO, PIN_NO, ID, PW, NICKNAME, PHOTOURL)
VALUES(US||TO_CHAR(USERNOSEQ.NEXTVAL)        --유저번호
,(SELECT MAX(PIN_NO) FROM USER_PIN)          -- 유저 핀번호
, 'nedahyeon@gmail.com'                     -- 아이디(이메일)
, CRYPTPACK.ENCRYPT('user0003','user0003')    -- 비밀번호(암호화)
, '네다현'                                  -- 닉네임
, 'images/defaultPhoto.jpg');                -- 프로필사진 url


INSERT INTO USERS(USER_NO, PIN_NO, ID, PW, NICKNAME, PHOTOURL)
VALUES(US||TO_CHAR(USERNOSEQ.NEXTVAL)        --유저번호
,(SELECT MAX(PIN_NO) FROM USER_PIN)          -- 유저 핀번호
, 'ohahyeon@gmail.com'                     -- 아이디(이메일)
, CRYPTPACK.ENCRYPT('user0004','user0004')    -- 비밀번호(암호화)
, '오아현'                                  -- 닉네임
, 'images/defaultPhoto.jpg');                -- 프로필사진 url

INSERT INTO USERS(USER_NO, PIN_NO, ID, PW, NICKNAME, PHOTOURL)
VALUES(US||TO_CHAR(USERNOSEQ.NEXTVAL)        --유저번호
,(SELECT MAX(PIN_NO) FROM USER_PIN)          -- 유저 핀번호
, 'ugahyeon@gmail.com'                     -- 아이디(이메일)
, CRYPTPACK.ENCRYPT('user0005','user0005')    -- 비밀번호(암호화)
, '유가현'                                  -- 닉네임
, 'images/defaultPhoto.jpg');                -- 프로필사진 url

--------------------------------------------------------------------------------
--● 프로필 인서트문

-- 프로필 번호 생성에 쓸 시퀀스 생성
CREATE SEQUENCE PROFILESEQ
NOCACHE;

-- 프로필(PROFILE) 인서트 (프로필번호, 유저핀번호, 포지션번호,세부지역번호,등록일)
INSERT INTO PROFILE
(PROFILE_NO, PIN_NO, POS_NO, SUB_REGION_NO, PROFILE_DATE)
VALUES (PROFILESEQ.NEXTVAL
,(SELECT PIN_NO FROM USERS)
, 1                                                     
, 991               -- 서울전체  
, SYSDATE);

INSERT INTO PROFILE
(PROFILE_NO, PIN_NO, POS_NO, SUB_REGION_NO, PROFILE_DATE)
VALUES (PROFILESEQ.NEXTVAL
,(SELECT PIN_NO FROM USERS)
, 2                                                       
, 1                 -- 경기도 고양시
, SYSDATE);

INSERT INTO PROFILE
(PROFILE_NO, PIN_NO, POS_NO, SUB_REGION_NO, PROFILE_DATE)
VALUES (PROFILESEQ.NEXTVAL
,(SELECT PIN_NO FROM USERS)
, 2                                                       
, 28                 -- 강원도 강릉시
, SYSDATE);

INSERT INTO PROFILE
(PROFILE_NO, PIN_NO, POS_NO, SUB_REGION_NO, PROFILE_DATE)
VALUES (PROFILESEQ.NEXTVAL
,(SELECT PIN_NO FROM USERS)
, 2                                                       
, 35                 -- 경상남도 거제시
, SYSDATE);

INSERT INTO PROFILE
(PROFILE_NO, PIN_NO, POS_NO, SUB_REGION_NO, PROFILE_DATE)
VALUES (PROFILESEQ.NEXTVAL
,(SELECT PIN_NO FROM USERS)
, 2                                                       
, 45                 -- 경상북도 구미시
, SYSDATE);
--------------------------------------------------------------------------------
--공고 번호 시퀀스
CREATE SEQUENCE RECRUITSEQ
NOCACHE;

--● 모집공고 인서트문
--(공고번호, 모집자의 핀번호, 진행방식번호, 제목, 내용, 등록일, 프로젝트 시작일, 프로젝트 종료일)

--● 1) 공고 1 ( 모집중) 8/6 공고 등록 , 19일 마감일 
INSERT INTO RECRUIT (RECRUIT_NO, PIN_NO, DO_TYPE_NO, TITLE, CONTENT, CREATED_DATE, PRJ_START, PRJ_END) 
VALUES('RC'||TO_CHAR(RECRUITSEQ.NEXTVAL)
        ,'모집자의 핀넘버'
        , 1                                         
        , '반려동물 집사를 위한 커뮤니티'               
        , '반려동물 집사들이 서로 정보를 공유하고 소통할 수 있는 커뮤니티를 기획하고 있습니다..' 
        , SYSDATE                                    
        , TO_DATE('2023-08-25', 'YYYY-MM-DD')
        , TO_DATE('2023-10-25', 'YYYY-MM-DD'));

--● 2) 공고 2 ( 모집완료) 7/23 공고 등록 , 8/5일 모집 마감, 6일 합류체크 모두 완료 
INSERT INTO RECRUIT (RECRUIT_NO, PIN_NO, DO_TYPE_NO, TITLE, CONTENT, CREATED_DATE, PRJ_START, PRJ_END) 
VALUES('RC'||TO_CHAR(RECRUITSEQ.NEXTVAL)
        ,'모집자의 핀넘버'
        , 0                                         
        , '프로젝트 기획부터 함께하실 분들을 구합니다.'               
        , '프로젝트 경험이 없거나 적은 분들도 괜찮습니다. 저 포함 총 3명으로..' 
        , SYSDATE                                    
        , TO_DATE('2023-08-10', 'YYYY-MM-DD')
        , TO_DATE('2023-10-10', 'YYYY-MM-DD'));


--------------------------------------------------------------------------------
--● 지원서 1 (공고1(모집중) 의 모집자 지원서(자동처리))
-- (지원 번호, 공고에서 모집중인 포지션번호, 지원자의 핀번호, 내용, 지원일, 처리일시(수락/거절) 

INSERT INTO APPLY (APPLY_NO, RECRUIT_POS_NO, PIN_NO, CONTENT, APPLY_DATE, CK_DATE) 
VALUES('AP'||TO_CHAR(APPLYSEQ.NEXTVAL)
        , 'RP0001' -- 예시 (공고에서 모집중인 포지션 번호)(사용자가 선택한 값)
        , '지원자의핀번호' -- 지원자 핀 번호(=모집자)
        ,'없음' -- 내용
        , TO_DATE('2023-08-06', 'YYYY-MM-DD')     -- 지원일 (공고 등록일시와 같음) 원래는 SYSDATE로 
        , TO_DATE('2023-08-06', 'YYYY-MM-DD'));     -- 처리일 (공고 등록일시와 같음) 원래는 SYSDATE로 

--● 지원서 2 (공고1(모집중) 의 지원자의 지원서
-- (지원 번호, 공고에서 모집중인 포지션번호, 지원자의 핀번호, 내용, 지원일, 처리일시(수락/거절) 

INSERT INTO APPLY (APPLY_NO, RECRUIT_POS_NO, PIN_NO, CONTENT, APPLY_DATE, CK_DATE) 
VALUES('AP'||TO_CHAR(APPLYSEQ.NEXTVAL)
        , 'RP0002' -- 예시 (공고에서 모집중인 포지션 번호)(사용자가 선택한 값)
        , '지원자의핀번호' -- 지원자 핀 번호
        ,'안녕하세요. 강아지 두 마리를 키우고 있는 집사입니다! 반려인으로서 주제에 관심이..' -- 내용
        , TO_DATE('2023-08-06', 'YYYY-MM-DD')     -- 지원일 (공고 등록일시와 같음) 원래는 SYSDATE로 
        , TO_DATE('2023-08-06', 'YYYY-MM-DD'));     -- 처리일 (공고 등록일시와 같음) 원래는 SYSDATE로 

--● 지원서 3 (공고2(모집 완료) 의 모집자 지원서(자동처리)
-- (지원 번호, 공고에서 모집중인 포지션번호, 지원자의 핀번호, 내용, 지원일, 처리일시(수락/거절) 

INSERT INTO APPLY (APPLY_NO, RECRUIT_POS_NO, PIN_NO, CONTENT, APPLY_DATE, CK_DATE) 
VALUES('AP'||TO_CHAR(APPLYSEQ.NEXTVAL)
        , 'RP0003' -- 예시 (공고에서 모집중인 포지션 번호)(사용자가 선택한 값)
        , '지원자의핀번호' -- (= 모집자 핀번호)
        ,'없음' -- 내용
        , TO_DATE('2023-07-23', 'YYYY-MM-DD')     -- 지원일 (공고 등록일시와 같음) 원래는 SYSDATE로 
        , TO_DATE('2023-07-23', 'YYYY-MM-DD'));    -- 처리일 (공고 등록일시와 같음) 원래는 SYSDATE로 


--● 지원서 4 (공고2(모집 완료) 의 모집자1 지원서(합격, 합류 완료)
-- (지원 번호, 공고에서 모집중인 포지션번호, 지원자의 핀번호, 내용, 지원일, 처리일시(수락/거절) 

INSERT INTO APPLY (APPLY_NO, RECRUIT_POS_NO, PIN_NO, CONTENT, APPLY_DATE, CK_DATE) 
VALUES('AP'||TO_CHAR(APPLYSEQ.NEXTVAL)
        , 'RP0004' -- 예시 (공고에서 모집중인 포지션 번호)(사용자가 선택한 값)
        , '지원자의핀번호' -- (= 모집자 핀번호)
        ,'프로젝트 경험은 없지만 프론트엔드에 관심이 많아 이론적인 부분은 전반적으로 숙지하고 있습니다. 또한 클론 코딩으로..' -- 내용
        , TO_DATE('2023-07-24', 'YYYY-MM-DD')     -- 지원일  원래는 SYSDATE로 
        , TO_DATE('2023-07-24', 'YYYY-MM-DD'));    -- 처리일 원래는 SYSDATE로 


--● 지원서 5 (공고2(모집 완료) 의 모집자2 지원서(합격, 합류 완료)
-- (지원 번호, 공고에서 모집중인 포지션번호, 지원자의 핀번호, 내용, 지원일, 처리일시(수락/거절) 

INSERT INTO APPLY (APPLY_NO, RECRUIT_POS_NO, PIN_NO, CONTENT, APPLY_DATE, CK_DATE) 
VALUES('AP'||TO_CHAR(APPLYSEQ.NEXTVAL)
        , 'RP0005' -- 예시 (공고에서 모집중인 포지션 번호)(사용자가 선택한 값)
        , '지원자의핀번호' -- (= 모집자 핀번호)
        ,'프로젝트 경험이 1회 있고 기본적인 기능 위주로 구성된 게시판이었습니다. 능숙하지는 않지만..' -- 내용
        , TO_DATE('2023-07-25', 'YYYY-MM-DD')     -- 지원일  원래는 SYSDATE로 
        , TO_DATE('2023-07-25', 'YYYY-MM-DD'));    -- 처리일 원래는 SYSDATE로 

--------------------------------------------------------------------------------

--● 프로젝트 (공고 2를 통해 생성, 인원 3명 )
--(프로젝트 번호, 공고번호, 프로젝트 생성일)

INSERT INTO PROJECT (PRJ_NO, RECRUIT_NO, PRJ_DATE)
VALUES('PJ'||TO_CHAR(PROJECTSEQ.NEXTVAL)
    , '공고2의 공고번호'
    , TO_DATE('2023-08-06', 'YYYY-MM-DD')); -- 합류 체크 완료일 (원래는 SYSDATE)


/
--------------------------------------------------------
--  DDL for Package Body CRYPTPACK
--------------------------------------------------------

  CREATE OR REPLACE PACKAGE BODY "LJB_PROJECTORS"."CRYPTPACK" 
IS
    -- 전역 변수 구성
    CRYPTED_STRING VARCHAR2(2000);

    -- 암호화 함수 정의
    FUNCTION ENCRYPT(STR VARCHAR2, HASH VARCHAR2)
    RETURN VARCHAR2
    IS
        PIECES_OF_EIGHT NUMBER := ((FLOOR(LENGTH(STR)/8 + .9)) *8);
    BEGIN
        DBMS_OBFUSCATION_TOOLKIT.DESENCRYPT
        ( INPUT_STRING     => RPAD(STR, PIECES_OF_EIGHT)
        , KEY_STRING       => RPAD(HASH, 8, '#')
        , ENCRYPTED_STRING => CRYPTED_STRING
        );
        RETURN CRYPTED_STRING;
    END;

    -- 복호화 함수 정의
    FUNCTION DECRYPT(XCRYPT VARCHAR2, HASH VARCHAR2)
    RETURN VARCHAR2
    IS
    BEGIN
        DBMS_OBFUSCATION_TOOLKIT.DESDECRYPT
        ( INPUT_STRING        => XCRYPT
        , KEY_STRING          => RPAD(HASH, 8, '#')
        , DECRYPTED_STRING    => CRYPTED_STRING
        );
        RETURN TRIM(CRYPTED_STRING);
    END;

END CRYPTPACK;

/
--------------------------------------------------------
--  Constraints for Table ADMIN
--------------------------------------------------------

  ALTER TABLE "LJB_PROJECTORS"."ADMIN" MODIFY ("ADMIN_ID" NOT NULL ENABLE);
  ALTER TABLE "LJB_PROJECTORS"."ADMIN" MODIFY ("ADMIN_PW" NOT NULL ENABLE);
  ALTER TABLE "LJB_PROJECTORS"."ADMIN" ADD CONSTRAINT "ADMIN_NO_PK" PRIMARY KEY ("ADMIN_NO")
  USING INDEX PCTFREE 10 INITRANS 2 MAXTRANS 255 COMPUTE STATISTICS 
  STORAGE(INITIAL 65536 NEXT 1048576 MINEXTENTS 1 MAXEXTENTS 2147483645
  PCTINCREASE 0 FREELISTS 1 FREELIST GROUPS 1 BUFFER_POOL DEFAULT FLASH_CACHE DEFAULT CELL_FLASH_CACHE DEFAULT)
  TABLESPACE "TBS_PROJECTORS"  ENABLE;
  ALTER TABLE "LJB_PROJECTORS"."ADMIN" ADD CONSTRAINT "ADMIN_ID_UK" UNIQUE ("ADMIN_ID")
  USING INDEX PCTFREE 10 INITRANS 2 MAXTRANS 255 COMPUTE STATISTICS 
  STORAGE(INITIAL 65536 NEXT 1048576 MINEXTENTS 1 MAXEXTENTS 2147483645
  PCTINCREASE 0 FREELISTS 1 FREELIST GROUPS 1 BUFFER_POOL DEFAULT FLASH_CACHE DEFAULT CELL_FLASH_CACHE DEFAULT)
  TABLESPACE "TBS_PROJECTORS"  ENABLE;
  ALTER TABLE "LJB_PROJECTORS"."ADMIN" MODIFY ("PIN_NO" NOT NULL ENABLE);
--------------------------------------------------------
--  Constraints for Table ADMIN_NOTICE
--------------------------------------------------------

  ALTER TABLE "LJB_PROJECTORS"."ADMIN_NOTICE" MODIFY ("PIN_NO" NOT NULL ENABLE);
  ALTER TABLE "LJB_PROJECTORS"."ADMIN_NOTICE" MODIFY ("TITLE" NOT NULL ENABLE);
  ALTER TABLE "LJB_PROJECTORS"."ADMIN_NOTICE" MODIFY ("CONTENT" NOT NULL ENABLE);
  ALTER TABLE "LJB_PROJECTORS"."ADMIN_NOTICE" ADD CONSTRAINT "ADMIN_NOTICE_NO_PK" PRIMARY KEY ("ADMIN_NOTICE_NO")
  USING INDEX PCTFREE 10 INITRANS 2 MAXTRANS 255 COMPUTE STATISTICS 
  STORAGE(INITIAL 65536 NEXT 1048576 MINEXTENTS 1 MAXEXTENTS 2147483645
  PCTINCREASE 0 FREELISTS 1 FREELIST GROUPS 1 BUFFER_POOL DEFAULT FLASH_CACHE DEFAULT CELL_FLASH_CACHE DEFAULT)
  TABLESPACE "TBS_PROJECTORS"  ENABLE;
--------------------------------------------------------
--  Constraints for Table ANSWER
--------------------------------------------------------

  ALTER TABLE "LJB_PROJECTORS"."ANSWER" MODIFY ("PIN_NO" NOT NULL ENABLE);
  ALTER TABLE "LJB_PROJECTORS"."ANSWER" MODIFY ("CONTENT" NOT NULL ENABLE);
  ALTER TABLE "LJB_PROJECTORS"."ANSWER" MODIFY ("QUESTION_NO" NOT NULL ENABLE);
  ALTER TABLE "LJB_PROJECTORS"."ANSWER" ADD CONSTRAINT "ANSWER_NO_PK" PRIMARY KEY ("ANSWER_NO")
  USING INDEX PCTFREE 10 INITRANS 2 MAXTRANS 255 COMPUTE STATISTICS 
  STORAGE(INITIAL 65536 NEXT 1048576 MINEXTENTS 1 MAXEXTENTS 2147483645
  PCTINCREASE 0 FREELISTS 1 FREELIST GROUPS 1 BUFFER_POOL DEFAULT FLASH_CACHE DEFAULT CELL_FLASH_CACHE DEFAULT)
  TABLESPACE "TBS_PROJECTORS"  ENABLE;
--------------------------------------------------------
--  Constraints for Table APPLY
--------------------------------------------------------

  ALTER TABLE "LJB_PROJECTORS"."APPLY" MODIFY ("RECRUIT_POS_NO" NOT NULL ENABLE);
  ALTER TABLE "LJB_PROJECTORS"."APPLY" MODIFY ("PIN_NO" NOT NULL ENABLE);
  ALTER TABLE "LJB_PROJECTORS"."APPLY" MODIFY ("CONTENT" NOT NULL ENABLE);
  ALTER TABLE "LJB_PROJECTORS"."APPLY" ADD CONSTRAINT "APPLY_NO_PK" PRIMARY KEY ("APPLY_NO")
  USING INDEX PCTFREE 10 INITRANS 2 MAXTRANS 255 COMPUTE STATISTICS 
  STORAGE(INITIAL 65536 NEXT 1048576 MINEXTENTS 1 MAXEXTENTS 2147483645
  PCTINCREASE 0 FREELISTS 1 FREELIST GROUPS 1 BUFFER_POOL DEFAULT FLASH_CACHE DEFAULT CELL_FLASH_CACHE DEFAULT)
  TABLESPACE "TBS_PROJECTORS"  ENABLE;
--------------------------------------------------------
--  Constraints for Table COMMENTS
--------------------------------------------------------

  ALTER TABLE "LJB_PROJECTORS"."COMMENTS" MODIFY ("RECRUIT_NO" NOT NULL ENABLE);
  ALTER TABLE "LJB_PROJECTORS"."COMMENTS" MODIFY ("PIN_NO" NOT NULL ENABLE);
  ALTER TABLE "LJB_PROJECTORS"."COMMENTS" MODIFY ("CONTENT" NOT NULL ENABLE);
  ALTER TABLE "LJB_PROJECTORS"."COMMENTS" ADD CONSTRAINT "COMM_NO_PK" PRIMARY KEY ("COMM_NO")
  USING INDEX PCTFREE 10 INITRANS 2 MAXTRANS 255 COMPUTE STATISTICS 
  STORAGE(INITIAL 65536 NEXT 1048576 MINEXTENTS 1 MAXEXTENTS 2147483645
  PCTINCREASE 0 FREELISTS 1 FREELIST GROUPS 1 BUFFER_POOL DEFAULT FLASH_CACHE DEFAULT CELL_FLASH_CACHE DEFAULT)
  TABLESPACE "TBS_PROJECTORS"  ENABLE;
--------------------------------------------------------
--  Constraints for Table DEL_APPLY
--------------------------------------------------------

  ALTER TABLE "LJB_PROJECTORS"."DEL_APPLY" MODIFY ("APPLY_NO" NOT NULL ENABLE);
  ALTER TABLE "LJB_PROJECTORS"."DEL_APPLY" ADD CONSTRAINT "DEL_APPLY_NO_PK" PRIMARY KEY ("DEL_APPLY_NO")
  USING INDEX PCTFREE 10 INITRANS 2 MAXTRANS 255 COMPUTE STATISTICS 
  STORAGE(INITIAL 65536 NEXT 1048576 MINEXTENTS 1 MAXEXTENTS 2147483645
  PCTINCREASE 0 FREELISTS 1 FREELIST GROUPS 1 BUFFER_POOL DEFAULT FLASH_CACHE DEFAULT CELL_FLASH_CACHE DEFAULT)
  TABLESPACE "TBS_PROJECTORS"  ENABLE;
--------------------------------------------------------
--  Constraints for Table DEL_COMM
--------------------------------------------------------

  ALTER TABLE "LJB_PROJECTORS"."DEL_COMM" MODIFY ("COMM_NO" NOT NULL ENABLE);
  ALTER TABLE "LJB_PROJECTORS"."DEL_COMM" ADD CONSTRAINT "DEL_COMM_NO_PK" PRIMARY KEY ("DEL_COMM_NO")
  USING INDEX PCTFREE 10 INITRANS 2 MAXTRANS 255 COMPUTE STATISTICS 
  STORAGE(INITIAL 65536 NEXT 1048576 MINEXTENTS 1 MAXEXTENTS 2147483645
  PCTINCREASE 0 FREELISTS 1 FREELIST GROUPS 1 BUFFER_POOL DEFAULT FLASH_CACHE DEFAULT CELL_FLASH_CACHE DEFAULT)
  TABLESPACE "TBS_PROJECTORS"  ENABLE;
--------------------------------------------------------
--  Constraints for Table DEL_NOTE
--------------------------------------------------------

  ALTER TABLE "LJB_PROJECTORS"."DEL_NOTE" MODIFY ("NOTE_NO" NOT NULL ENABLE);
  ALTER TABLE "LJB_PROJECTORS"."DEL_NOTE" ADD CONSTRAINT "DEL_NOTE_NO_PK" PRIMARY KEY ("DEL_NOTE_NO")
  USING INDEX PCTFREE 10 INITRANS 2 MAXTRANS 255 COMPUTE STATISTICS 
  STORAGE(INITIAL 65536 NEXT 1048576 MINEXTENTS 1 MAXEXTENTS 2147483645
  PCTINCREASE 0 FREELISTS 1 FREELIST GROUPS 1 BUFFER_POOL DEFAULT FLASH_CACHE DEFAULT CELL_FLASH_CACHE DEFAULT)
  TABLESPACE "TBS_PROJECTORS"  ENABLE;
--------------------------------------------------------
--  Constraints for Table DEL_RECRUIT
--------------------------------------------------------

  ALTER TABLE "LJB_PROJECTORS"."DEL_RECRUIT" MODIFY ("RECRUIT_NO" NOT NULL ENABLE);
  ALTER TABLE "LJB_PROJECTORS"."DEL_RECRUIT" ADD CONSTRAINT "DEL_RECRUIT_NO_PK" PRIMARY KEY ("DEL_RECRUIT_NO")
  USING INDEX PCTFREE 10 INITRANS 2 MAXTRANS 255 COMPUTE STATISTICS 
  STORAGE(INITIAL 65536 NEXT 1048576 MINEXTENTS 1 MAXEXTENTS 2147483645
  PCTINCREASE 0 FREELISTS 1 FREELIST GROUPS 1 BUFFER_POOL DEFAULT FLASH_CACHE DEFAULT CELL_FLASH_CACHE DEFAULT)
  TABLESPACE "TBS_PROJECTORS"  ENABLE;
--------------------------------------------------------
--  Constraints for Table DEL_REP_PRJ
--------------------------------------------------------

  ALTER TABLE "LJB_PROJECTORS"."DEL_REP_PRJ" MODIFY ("PRESULT_NO" NOT NULL ENABLE);
  ALTER TABLE "LJB_PROJECTORS"."DEL_REP_PRJ" ADD CONSTRAINT "ADEL_PRJ_NO_PK" PRIMARY KEY ("DEL_PRJ_NO")
  USING INDEX PCTFREE 10 INITRANS 2 MAXTRANS 255 COMPUTE STATISTICS 
  STORAGE(INITIAL 65536 NEXT 1048576 MINEXTENTS 1 MAXEXTENTS 2147483645
  PCTINCREASE 0 FREELISTS 1 FREELIST GROUPS 1 BUFFER_POOL DEFAULT FLASH_CACHE DEFAULT CELL_FLASH_CACHE DEFAULT)
  TABLESPACE "TBS_PROJECTORS"  ENABLE;
--------------------------------------------------------
--  Constraints for Table DO_TYPE
--------------------------------------------------------

  ALTER TABLE "LJB_PROJECTORS"."DO_TYPE" MODIFY ("DO_TYPE_NAME" NOT NULL ENABLE);
  ALTER TABLE "LJB_PROJECTORS"."DO_TYPE" ADD CONSTRAINT "DO_TYPE_NO_CK" CHECK (DO_TYPE_NO=0 OR DO_TYPE_NO=1) ENABLE;
  ALTER TABLE "LJB_PROJECTORS"."DO_TYPE" ADD CONSTRAINT "DO_TYPE_NO_PK" PRIMARY KEY ("DO_TYPE_NO")
  USING INDEX PCTFREE 10 INITRANS 2 MAXTRANS 255 COMPUTE STATISTICS 
  STORAGE(INITIAL 65536 NEXT 1048576 MINEXTENTS 1 MAXEXTENTS 2147483645
  PCTINCREASE 0 FREELISTS 1 FREELIST GROUPS 1 BUFFER_POOL DEFAULT FLASH_CACHE DEFAULT CELL_FLASH_CACHE DEFAULT)
  TABLESPACE "TBS_PROJECTORS"  ENABLE;
--------------------------------------------------------
--  Constraints for Table FAQ
--------------------------------------------------------

  ALTER TABLE "LJB_PROJECTORS"."FAQ" MODIFY ("TITLE" NOT NULL ENABLE);
  ALTER TABLE "LJB_PROJECTORS"."FAQ" MODIFY ("CONTENT" NOT NULL ENABLE);
  ALTER TABLE "LJB_PROJECTORS"."FAQ" ADD CONSTRAINT "FAQ_NO_PK" PRIMARY KEY ("FAQ_NO")
  USING INDEX PCTFREE 10 INITRANS 2 MAXTRANS 255 COMPUTE STATISTICS 
  STORAGE(INITIAL 65536 NEXT 1048576 MINEXTENTS 1 MAXEXTENTS 2147483645
  PCTINCREASE 0 FREELISTS 1 FREELIST GROUPS 1 BUFFER_POOL DEFAULT FLASH_CACHE DEFAULT CELL_FLASH_CACHE DEFAULT)
  TABLESPACE "TBS_PROJECTORS"  ENABLE;
--------------------------------------------------------
--  Constraints for Table FEED
--------------------------------------------------------

  ALTER TABLE "LJB_PROJECTORS"."FEED" MODIFY ("FINAL_NO" NOT NULL ENABLE);
  ALTER TABLE "LJB_PROJECTORS"."FEED" MODIFY ("CONTENT" NOT NULL ENABLE);
  ALTER TABLE "LJB_PROJECTORS"."FEED" ADD CONSTRAINT "FEED_NO_PK" PRIMARY KEY ("FEED_NO")
  USING INDEX PCTFREE 10 INITRANS 2 MAXTRANS 255 COMPUTE STATISTICS 
  STORAGE(INITIAL 65536 NEXT 1048576 MINEXTENTS 1 MAXEXTENTS 2147483645
  PCTINCREASE 0 FREELISTS 1 FREELIST GROUPS 1 BUFFER_POOL DEFAULT FLASH_CACHE DEFAULT CELL_FLASH_CACHE DEFAULT)
  TABLESPACE "TBS_PROJECTORS"  ENABLE;
--------------------------------------------------------
--  Constraints for Table FINAL
--------------------------------------------------------

  ALTER TABLE "LJB_PROJECTORS"."FINAL" MODIFY ("FIRST_CK_NO" NOT NULL ENABLE);
  ALTER TABLE "LJB_PROJECTORS"."FINAL" ADD CONSTRAINT "FINAL_NO_PK" PRIMARY KEY ("FINAL_NO")
  USING INDEX PCTFREE 10 INITRANS 2 MAXTRANS 255 COMPUTE STATISTICS 
  STORAGE(INITIAL 65536 NEXT 1048576 MINEXTENTS 1 MAXEXTENTS 2147483645
  PCTINCREASE 0 FREELISTS 1 FREELIST GROUPS 1 BUFFER_POOL DEFAULT FLASH_CACHE DEFAULT CELL_FLASH_CACHE DEFAULT)
  TABLESPACE "TBS_PROJECTORS"  ENABLE;
--------------------------------------------------------
--  Constraints for Table FIRST_CK
--------------------------------------------------------

  ALTER TABLE "LJB_PROJECTORS"."FIRST_CK" MODIFY ("APPLY_NO" NOT NULL ENABLE);
  ALTER TABLE "LJB_PROJECTORS"."FIRST_CK" ADD CONSTRAINT "FIRST_CK_NO_PK" PRIMARY KEY ("FIRST_CK_NO")
  USING INDEX PCTFREE 10 INITRANS 2 MAXTRANS 255 COMPUTE STATISTICS 
  STORAGE(INITIAL 65536 NEXT 1048576 MINEXTENTS 1 MAXEXTENTS 2147483645
  PCTINCREASE 0 FREELISTS 1 FREELIST GROUPS 1 BUFFER_POOL DEFAULT FLASH_CACHE DEFAULT CELL_FLASH_CACHE DEFAULT)
  TABLESPACE "TBS_PROJECTORS"  ENABLE;
--------------------------------------------------------
--  Constraints for Table LOGIN_REC
--------------------------------------------------------

  ALTER TABLE "LJB_PROJECTORS"."LOGIN_REC" MODIFY ("PIN_NO" NOT NULL ENABLE);
  ALTER TABLE "LJB_PROJECTORS"."LOGIN_REC" ADD CONSTRAINT "LOGIN_REC_PK" PRIMARY KEY ("LOGIN_REC")
  USING INDEX PCTFREE 10 INITRANS 2 MAXTRANS 255 COMPUTE STATISTICS 
  STORAGE(INITIAL 65536 NEXT 1048576 MINEXTENTS 1 MAXEXTENTS 2147483645
  PCTINCREASE 0 FREELISTS 1 FREELIST GROUPS 1 BUFFER_POOL DEFAULT FLASH_CACHE DEFAULT CELL_FLASH_CACHE DEFAULT)
  TABLESPACE "TBS_PROJECTORS"  ENABLE;
--------------------------------------------------------
--  Constraints for Table LOGOUT_REC
--------------------------------------------------------

  ALTER TABLE "LJB_PROJECTORS"."LOGOUT_REC" MODIFY ("PIN_NO" NOT NULL ENABLE);
  ALTER TABLE "LJB_PROJECTORS"."LOGOUT_REC" ADD CONSTRAINT "LOGOUT_REC_PK" PRIMARY KEY ("LOGOUT_REC")
  USING INDEX PCTFREE 10 INITRANS 2 MAXTRANS 255 COMPUTE STATISTICS 
  STORAGE(INITIAL 65536 NEXT 1048576 MINEXTENTS 1 MAXEXTENTS 2147483645
  PCTINCREASE 0 FREELISTS 1 FREELIST GROUPS 1 BUFFER_POOL DEFAULT FLASH_CACHE DEFAULT CELL_FLASH_CACHE DEFAULT)
  TABLESPACE "TBS_PROJECTORS"  ENABLE;
--------------------------------------------------------
--  Constraints for Table MEETING
--------------------------------------------------------

  ALTER TABLE "LJB_PROJECTORS"."MEETING" MODIFY ("FINAL_NO" NOT NULL ENABLE);
  ALTER TABLE "LJB_PROJECTORS"."MEETING" MODIFY ("TITLE" NOT NULL ENABLE);
  ALTER TABLE "LJB_PROJECTORS"."MEETING" MODIFY ("CONTENT" NOT NULL ENABLE);
  ALTER TABLE "LJB_PROJECTORS"."MEETING" ADD CONSTRAINT "MEETING_NO_PK" PRIMARY KEY ("MEETING_NO")
  USING INDEX PCTFREE 10 INITRANS 2 MAXTRANS 255 COMPUTE STATISTICS 
  STORAGE(INITIAL 65536 NEXT 1048576 MINEXTENTS 1 MAXEXTENTS 2147483645
  PCTINCREASE 0 FREELISTS 1 FREELIST GROUPS 1 BUFFER_POOL DEFAULT FLASH_CACHE DEFAULT CELL_FLASH_CACHE DEFAULT)
  TABLESPACE "TBS_PROJECTORS"  ENABLE;
--------------------------------------------------------
--  Constraints for Table MEMBER_OUT
--------------------------------------------------------

  ALTER TABLE "LJB_PROJECTORS"."MEMBER_OUT" MODIFY ("FINAL_NO" NOT NULL ENABLE);
  ALTER TABLE "LJB_PROJECTORS"."MEMBER_OUT" MODIFY ("OUT_REASON_NO" NOT NULL ENABLE);
  ALTER TABLE "LJB_PROJECTORS"."MEMBER_OUT" ADD CONSTRAINT "MEM_OUT_NO_PK" PRIMARY KEY ("MEM_OUT_NO")
  USING INDEX PCTFREE 10 INITRANS 2 MAXTRANS 255 COMPUTE STATISTICS 
  STORAGE(INITIAL 65536 NEXT 1048576 MINEXTENTS 1 MAXEXTENTS 2147483645
  PCTINCREASE 0 FREELISTS 1 FREELIST GROUPS 1 BUFFER_POOL DEFAULT FLASH_CACHE DEFAULT CELL_FLASH_CACHE DEFAULT)
  TABLESPACE "TBS_PROJECTORS"  ENABLE;
--------------------------------------------------------
--  Constraints for Table MEM_OUT_RATE
--------------------------------------------------------

  ALTER TABLE "LJB_PROJECTORS"."MEM_OUT_RATE" MODIFY ("MEM_OUT_NO" NOT NULL ENABLE);
  ALTER TABLE "LJB_PROJECTORS"."MEM_OUT_RATE" MODIFY ("GIVER" NOT NULL ENABLE);
  ALTER TABLE "LJB_PROJECTORS"."MEM_OUT_RATE" MODIFY ("RATE_NO" NOT NULL ENABLE);
  ALTER TABLE "LJB_PROJECTORS"."MEM_OUT_RATE" ADD CONSTRAINT "OUT_RATE_NO_PK" PRIMARY KEY ("OUT_RATE_NO")
  USING INDEX PCTFREE 10 INITRANS 2 MAXTRANS 255 COMPUTE STATISTICS 
  STORAGE(INITIAL 65536 NEXT 1048576 MINEXTENTS 1 MAXEXTENTS 2147483645
  PCTINCREASE 0 FREELISTS 1 FREELIST GROUPS 1 BUFFER_POOL DEFAULT FLASH_CACHE DEFAULT CELL_FLASH_CACHE DEFAULT)
  TABLESPACE "TBS_PROJECTORS"  ENABLE;
--------------------------------------------------------
--  Constraints for Table MEM_OUT_REASON
--------------------------------------------------------

  ALTER TABLE "LJB_PROJECTORS"."MEM_OUT_REASON" MODIFY ("REASON" NOT NULL ENABLE);
  ALTER TABLE "LJB_PROJECTORS"."MEM_OUT_REASON" ADD CONSTRAINT "OUT_REASON_NO_PK" PRIMARY KEY ("OUT_REASON_NO")
  USING INDEX PCTFREE 10 INITRANS 2 MAXTRANS 255 COMPUTE STATISTICS 
  STORAGE(INITIAL 65536 NEXT 1048576 MINEXTENTS 1 MAXEXTENTS 2147483645
  PCTINCREASE 0 FREELISTS 1 FREELIST GROUPS 1 BUFFER_POOL DEFAULT FLASH_CACHE DEFAULT CELL_FLASH_CACHE DEFAULT)
  TABLESPACE "TBS_PROJECTORS"  ENABLE;
--------------------------------------------------------
--  Constraints for Table NOTE
--------------------------------------------------------

  ALTER TABLE "LJB_PROJECTORS"."NOTE" MODIFY ("SENDER" NOT NULL ENABLE);
  ALTER TABLE "LJB_PROJECTORS"."NOTE" MODIFY ("READER" NOT NULL ENABLE);
  ALTER TABLE "LJB_PROJECTORS"."NOTE" MODIFY ("TITLE" NOT NULL ENABLE);
  ALTER TABLE "LJB_PROJECTORS"."NOTE" MODIFY ("CONTENT" NOT NULL ENABLE);
  ALTER TABLE "LJB_PROJECTORS"."NOTE" ADD CONSTRAINT "NOTE_NO_PK" PRIMARY KEY ("NOTE_NO")
  USING INDEX PCTFREE 10 INITRANS 2 MAXTRANS 255 COMPUTE STATISTICS 
  STORAGE(INITIAL 65536 NEXT 1048576 MINEXTENTS 1 MAXEXTENTS 2147483645
  PCTINCREASE 0 FREELISTS 1 FREELIST GROUPS 1 BUFFER_POOL DEFAULT FLASH_CACHE DEFAULT CELL_FLASH_CACHE DEFAULT)
  TABLESPACE "TBS_PROJECTORS"  ENABLE;
--------------------------------------------------------
--  Constraints for Table POSITION
--------------------------------------------------------

  ALTER TABLE "LJB_PROJECTORS"."POSITION" MODIFY ("POS_NAME" NOT NULL ENABLE);
  ALTER TABLE "LJB_PROJECTORS"."POSITION" ADD CONSTRAINT "POS_NO_PK" PRIMARY KEY ("POS_NO")
  USING INDEX PCTFREE 10 INITRANS 2 MAXTRANS 255 COMPUTE STATISTICS 
  STORAGE(INITIAL 65536 NEXT 1048576 MINEXTENTS 1 MAXEXTENTS 2147483645
  PCTINCREASE 0 FREELISTS 1 FREELIST GROUPS 1 BUFFER_POOL DEFAULT FLASH_CACHE DEFAULT CELL_FLASH_CACHE DEFAULT)
  TABLESPACE "TBS_PROJECTORS"  ENABLE;
--------------------------------------------------------
--  Constraints for Table PRJ_PRESULT
--------------------------------------------------------

  ALTER TABLE "LJB_PROJECTORS"."PRJ_PRESULT" MODIFY ("PIN_NO" NOT NULL ENABLE);
  ALTER TABLE "LJB_PROJECTORS"."PRJ_PRESULT" MODIFY ("REP_PRJ_NO" NOT NULL ENABLE);
  ALTER TABLE "LJB_PROJECTORS"."PRJ_PRESULT" MODIFY ("REP_RESULT_NO" NOT NULL ENABLE);
  ALTER TABLE "LJB_PROJECTORS"."PRJ_PRESULT" ADD CONSTRAINT "PRJ_PRESULT_NO_PK" PRIMARY KEY ("PRESULT_NO")
  USING INDEX PCTFREE 10 INITRANS 2 MAXTRANS 255 COMPUTE STATISTICS 
  STORAGE(INITIAL 65536 NEXT 1048576 MINEXTENTS 1 MAXEXTENTS 2147483645
  PCTINCREASE 0 FREELISTS 1 FREELIST GROUPS 1 BUFFER_POOL DEFAULT FLASH_CACHE DEFAULT CELL_FLASH_CACHE DEFAULT)
  TABLESPACE "TBS_PROJECTORS"  ENABLE;
--------------------------------------------------------
--  Constraints for Table PRJ_STOP_REASON
--------------------------------------------------------

  ALTER TABLE "LJB_PROJECTORS"."PRJ_STOP_REASON" MODIFY ("REASON" NOT NULL ENABLE);
  ALTER TABLE "LJB_PROJECTORS"."PRJ_STOP_REASON" ADD CONSTRAINT "STOP_REASON_NO_PK" PRIMARY KEY ("STOP_REASON_NO")
  USING INDEX PCTFREE 10 INITRANS 2 MAXTRANS 255 COMPUTE STATISTICS 
  STORAGE(INITIAL 65536 NEXT 1048576 MINEXTENTS 1 MAXEXTENTS 2147483645
  PCTINCREASE 0 FREELISTS 1 FREELIST GROUPS 1 BUFFER_POOL DEFAULT FLASH_CACHE DEFAULT CELL_FLASH_CACHE DEFAULT)
  TABLESPACE "TBS_PROJECTORS"  ENABLE;
--------------------------------------------------------
--  Constraints for Table PROFILE
--------------------------------------------------------

  ALTER TABLE "LJB_PROJECTORS"."PROFILE" MODIFY ("PIN_NO" NOT NULL ENABLE);
  ALTER TABLE "LJB_PROJECTORS"."PROFILE" MODIFY ("POS_NO" NOT NULL ENABLE);
  ALTER TABLE "LJB_PROJECTORS"."PROFILE" MODIFY ("SUB_REGION_NO" NOT NULL ENABLE);
  ALTER TABLE "LJB_PROJECTORS"."PROFILE" ADD CONSTRAINT "PROFILE_NO_PK" PRIMARY KEY ("PROFILE_NO")
  USING INDEX PCTFREE 10 INITRANS 2 MAXTRANS 255 COMPUTE STATISTICS 
  STORAGE(INITIAL 65536 NEXT 1048576 MINEXTENTS 1 MAXEXTENTS 2147483645
  PCTINCREASE 0 FREELISTS 1 FREELIST GROUPS 1 BUFFER_POOL DEFAULT FLASH_CACHE DEFAULT CELL_FLASH_CACHE DEFAULT)
  TABLESPACE "TBS_PROJECTORS"  ENABLE;
--------------------------------------------------------
--  Constraints for Table PROJECT
--------------------------------------------------------

  ALTER TABLE "LJB_PROJECTORS"."PROJECT" MODIFY ("RECRUIT_NO" NOT NULL ENABLE);
  ALTER TABLE "LJB_PROJECTORS"."PROJECT" ADD CONSTRAINT "PRJ_NO_PK" PRIMARY KEY ("PRJ_NO")
  USING INDEX PCTFREE 10 INITRANS 2 MAXTRANS 255 COMPUTE STATISTICS 
  STORAGE(INITIAL 65536 NEXT 1048576 MINEXTENTS 1 MAXEXTENTS 2147483645
  PCTINCREASE 0 FREELISTS 1 FREELIST GROUPS 1 BUFFER_POOL DEFAULT FLASH_CACHE DEFAULT CELL_FLASH_CACHE DEFAULT)
  TABLESPACE "TBS_PROJECTORS"  ENABLE;
--------------------------------------------------------
--  Constraints for Table PROJECT_RATE
--------------------------------------------------------

  ALTER TABLE "LJB_PROJECTORS"."PROJECT_RATE" MODIFY ("GIVER" NOT NULL ENABLE);
  ALTER TABLE "LJB_PROJECTORS"."PROJECT_RATE" MODIFY ("RECEIVER" NOT NULL ENABLE);
  ALTER TABLE "LJB_PROJECTORS"."PROJECT_RATE" MODIFY ("RATE_NO" NOT NULL ENABLE);
  ALTER TABLE "LJB_PROJECTORS"."PROJECT_RATE" ADD CONSTRAINT "DONE_RATE_NO_PK" PRIMARY KEY ("DONE_RATE_NO")
  USING INDEX PCTFREE 10 INITRANS 2 MAXTRANS 255 COMPUTE STATISTICS 
  STORAGE(INITIAL 65536 NEXT 1048576 MINEXTENTS 1 MAXEXTENTS 2147483645
  PCTINCREASE 0 FREELISTS 1 FREELIST GROUPS 1 BUFFER_POOL DEFAULT FLASH_CACHE DEFAULT CELL_FLASH_CACHE DEFAULT)
  TABLESPACE "TBS_PROJECTORS"  ENABLE;
--------------------------------------------------------
--  Constraints for Table PROJECT_STOP
--------------------------------------------------------

  ALTER TABLE "LJB_PROJECTORS"."PROJECT_STOP" MODIFY ("PRJ_NO" NOT NULL ENABLE);
  ALTER TABLE "LJB_PROJECTORS"."PROJECT_STOP" MODIFY ("STOP_REASON_NO" NOT NULL ENABLE);
  ALTER TABLE "LJB_PROJECTORS"."PROJECT_STOP" ADD CONSTRAINT "PRJ_STOP_NO_PK" PRIMARY KEY ("PRJ_STOP_NO")
  USING INDEX PCTFREE 10 INITRANS 2 MAXTRANS 255 COMPUTE STATISTICS 
  STORAGE(INITIAL 65536 NEXT 1048576 MINEXTENTS 1 MAXEXTENTS 2147483645
  PCTINCREASE 0 FREELISTS 1 FREELIST GROUPS 1 BUFFER_POOL DEFAULT FLASH_CACHE DEFAULT CELL_FLASH_CACHE DEFAULT)
  TABLESPACE "TBS_PROJECTORS"  ENABLE;
--------------------------------------------------------
--  Constraints for Table PROJECT_STOP_RATE
--------------------------------------------------------

  ALTER TABLE "LJB_PROJECTORS"."PROJECT_STOP_RATE" MODIFY ("PRJ_STOP_NO" NOT NULL ENABLE);
  ALTER TABLE "LJB_PROJECTORS"."PROJECT_STOP_RATE" MODIFY ("RECEIVER" NOT NULL ENABLE);
  ALTER TABLE "LJB_PROJECTORS"."PROJECT_STOP_RATE" MODIFY ("GIVER" NOT NULL ENABLE);
  ALTER TABLE "LJB_PROJECTORS"."PROJECT_STOP_RATE" MODIFY ("RATE_NO" NOT NULL ENABLE);
  ALTER TABLE "LJB_PROJECTORS"."PROJECT_STOP_RATE" ADD CONSTRAINT "STOP_RATE_NO_PK" PRIMARY KEY ("STOP_RATE_NO")
  USING INDEX PCTFREE 10 INITRANS 2 MAXTRANS 255 COMPUTE STATISTICS 
  STORAGE(INITIAL 65536 NEXT 1048576 MINEXTENTS 1 MAXEXTENTS 2147483645
  PCTINCREASE 0 FREELISTS 1 FREELIST GROUPS 1 BUFFER_POOL DEFAULT FLASH_CACHE DEFAULT CELL_FLASH_CACHE DEFAULT)
  TABLESPACE "TBS_PROJECTORS"  ENABLE;
--------------------------------------------------------
--  Constraints for Table QUESTION
--------------------------------------------------------

  ALTER TABLE "LJB_PROJECTORS"."QUESTION" MODIFY ("PIN_NO" NOT NULL ENABLE);
  ALTER TABLE "LJB_PROJECTORS"."QUESTION" MODIFY ("TITLE" NOT NULL ENABLE);
  ALTER TABLE "LJB_PROJECTORS"."QUESTION" MODIFY ("CONTENT" NOT NULL ENABLE);
  ALTER TABLE "LJB_PROJECTORS"."QUESTION" ADD CONSTRAINT "QUESTION_NO_PK" PRIMARY KEY ("QUESTION_NO")
  USING INDEX PCTFREE 10 INITRANS 2 MAXTRANS 255 COMPUTE STATISTICS 
  STORAGE(INITIAL 65536 NEXT 1048576 MINEXTENTS 1 MAXEXTENTS 2147483645
  PCTINCREASE 0 FREELISTS 1 FREELIST GROUPS 1 BUFFER_POOL DEFAULT FLASH_CACHE DEFAULT CELL_FLASH_CACHE DEFAULT)
  TABLESPACE "TBS_PROJECTORS"  ENABLE;
--------------------------------------------------------
--  Constraints for Table QUIT_ADMIN
--------------------------------------------------------

  ALTER TABLE "LJB_PROJECTORS"."QUIT_ADMIN" MODIFY ("PIN_NO" NOT NULL ENABLE);
  ALTER TABLE "LJB_PROJECTORS"."QUIT_ADMIN" ADD CONSTRAINT "QUIT_ADMIN_NO_PK" PRIMARY KEY ("QUIT_ADMIN_NO")
  USING INDEX PCTFREE 10 INITRANS 2 MAXTRANS 255 COMPUTE STATISTICS 
  STORAGE(INITIAL 65536 NEXT 1048576 MINEXTENTS 1 MAXEXTENTS 2147483645
  PCTINCREASE 0 FREELISTS 1 FREELIST GROUPS 1 BUFFER_POOL DEFAULT FLASH_CACHE DEFAULT CELL_FLASH_CACHE DEFAULT)
  TABLESPACE "TBS_PROJECTORS"  ENABLE;
--------------------------------------------------------
--  Constraints for Table RATE_SELECT
--------------------------------------------------------

  ALTER TABLE "LJB_PROJECTORS"."RATE_SELECT" MODIFY ("CONTENT" NOT NULL ENABLE);
  ALTER TABLE "LJB_PROJECTORS"."RATE_SELECT" ADD CONSTRAINT "RATE_NO_PK" PRIMARY KEY ("RATE_NO")
  USING INDEX PCTFREE 10 INITRANS 2 MAXTRANS 255 COMPUTE STATISTICS 
  STORAGE(INITIAL 65536 NEXT 1048576 MINEXTENTS 1 MAXEXTENTS 2147483645
  PCTINCREASE 0 FREELISTS 1 FREELIST GROUPS 1 BUFFER_POOL DEFAULT FLASH_CACHE DEFAULT CELL_FLASH_CACHE DEFAULT)
  TABLESPACE "TBS_PROJECTORS"  ENABLE;
  ALTER TABLE "LJB_PROJECTORS"."RATE_SELECT" ADD CONSTRAINT "RATE_NO_CK" CHECK (RATE_NO BETWEEN 1 AND 6) ENABLE;
--------------------------------------------------------
--  Constraints for Table RECRUIT
--------------------------------------------------------

  ALTER TABLE "LJB_PROJECTORS"."RECRUIT" MODIFY ("PIN_NO" NOT NULL ENABLE);
  ALTER TABLE "LJB_PROJECTORS"."RECRUIT" MODIFY ("DO_TYPE_NO" NOT NULL ENABLE);
  ALTER TABLE "LJB_PROJECTORS"."RECRUIT" MODIFY ("TITLE" NOT NULL ENABLE);
  ALTER TABLE "LJB_PROJECTORS"."RECRUIT" MODIFY ("CONTENT" NOT NULL ENABLE);
  ALTER TABLE "LJB_PROJECTORS"."RECRUIT" MODIFY ("PRJ_START" NOT NULL ENABLE);
  ALTER TABLE "LJB_PROJECTORS"."RECRUIT" MODIFY ("PRJ_END" NOT NULL ENABLE);
  ALTER TABLE "LJB_PROJECTORS"."RECRUIT" ADD CONSTRAINT "RECRUIT_NO_PK" PRIMARY KEY ("RECRUIT_NO")
  USING INDEX PCTFREE 10 INITRANS 2 MAXTRANS 255 COMPUTE STATISTICS 
  STORAGE(INITIAL 65536 NEXT 1048576 MINEXTENTS 1 MAXEXTENTS 2147483645
  PCTINCREASE 0 FREELISTS 1 FREELIST GROUPS 1 BUFFER_POOL DEFAULT FLASH_CACHE DEFAULT CELL_FLASH_CACHE DEFAULT)
  TABLESPACE "TBS_PROJECTORS"  ENABLE;
--------------------------------------------------------
--  Constraints for Table RECRUIT_POS
--------------------------------------------------------

  ALTER TABLE "LJB_PROJECTORS"."RECRUIT_POS" MODIFY ("RECRUIT_NO" NOT NULL ENABLE);
  ALTER TABLE "LJB_PROJECTORS"."RECRUIT_POS" MODIFY ("POS_NO" NOT NULL ENABLE);
  ALTER TABLE "LJB_PROJECTORS"."RECRUIT_POS" ADD CONSTRAINT "RECRUIT_POS_NO_PK" PRIMARY KEY ("RECRUIT_POS_NO")
  USING INDEX PCTFREE 10 INITRANS 2 MAXTRANS 255 COMPUTE STATISTICS 
  STORAGE(INITIAL 65536 NEXT 1048576 MINEXTENTS 1 MAXEXTENTS 2147483645
  PCTINCREASE 0 FREELISTS 1 FREELIST GROUPS 1 BUFFER_POOL DEFAULT FLASH_CACHE DEFAULT CELL_FLASH_CACHE DEFAULT)
  TABLESPACE "TBS_PROJECTORS"  ENABLE;
--------------------------------------------------------
--  Constraints for Table RECRUIT_TOOL
--------------------------------------------------------

  ALTER TABLE "LJB_PROJECTORS"."RECRUIT_TOOL" MODIFY ("RECRUIT_NO" NOT NULL ENABLE);
  ALTER TABLE "LJB_PROJECTORS"."RECRUIT_TOOL" MODIFY ("TOOL_NO" NOT NULL ENABLE);
  ALTER TABLE "LJB_PROJECTORS"."RECRUIT_TOOL" ADD CONSTRAINT "RECRUIT_TOOL_NO_PK" PRIMARY KEY ("RECRUIT_TOOL_NO")
  USING INDEX PCTFREE 10 INITRANS 2 MAXTRANS 255 COMPUTE STATISTICS 
  STORAGE(INITIAL 65536 NEXT 1048576 MINEXTENTS 1 MAXEXTENTS 2147483645
  PCTINCREASE 0 FREELISTS 1 FREELIST GROUPS 1 BUFFER_POOL DEFAULT FLASH_CACHE DEFAULT CELL_FLASH_CACHE DEFAULT)
  TABLESPACE "TBS_PROJECTORS"  ENABLE;
--------------------------------------------------------
--  Constraints for Table REGION
--------------------------------------------------------

  ALTER TABLE "LJB_PROJECTORS"."REGION" MODIFY ("REGION_NAME" NOT NULL ENABLE);
  ALTER TABLE "LJB_PROJECTORS"."REGION" ADD CONSTRAINT "REGION_NO_PK" PRIMARY KEY ("REGION_NO")
  USING INDEX PCTFREE 10 INITRANS 2 MAXTRANS 255 COMPUTE STATISTICS 
  STORAGE(INITIAL 65536 NEXT 1048576 MINEXTENTS 1 MAXEXTENTS 2147483645
  PCTINCREASE 0 FREELISTS 1 FREELIST GROUPS 1 BUFFER_POOL DEFAULT FLASH_CACHE DEFAULT CELL_FLASH_CACHE DEFAULT)
  TABLESPACE "TBS_PROJECTORS"  ENABLE;
--------------------------------------------------------
--  Constraints for Table REGULATION
--------------------------------------------------------

  ALTER TABLE "LJB_PROJECTORS"."REGULATION" MODIFY ("CONTENT" NOT NULL ENABLE);
  ALTER TABLE "LJB_PROJECTORS"."REGULATION" ADD CONSTRAINT "REGU_NO_PK" PRIMARY KEY ("REGU_NO")
  USING INDEX PCTFREE 10 INITRANS 2 MAXTRANS 255 COMPUTE STATISTICS 
  STORAGE(INITIAL 65536 NEXT 1048576 MINEXTENTS 1 MAXEXTENTS 2147483645
  PCTINCREASE 0 FREELISTS 1 FREELIST GROUPS 1 BUFFER_POOL DEFAULT FLASH_CACHE DEFAULT CELL_FLASH_CACHE DEFAULT)
  TABLESPACE "TBS_PROJECTORS"  ENABLE;
--------------------------------------------------------
--  Constraints for Table REGULATION_PERIOD
--------------------------------------------------------

  ALTER TABLE "LJB_PROJECTORS"."REGULATION_PERIOD" MODIFY ("PERIOD" NOT NULL ENABLE);
  ALTER TABLE "LJB_PROJECTORS"."REGULATION_PERIOD" ADD CONSTRAINT "REGU_PERIOD_NO_PK" PRIMARY KEY ("REGU_PERIOD_NO")
  USING INDEX PCTFREE 10 INITRANS 2 MAXTRANS 255 COMPUTE STATISTICS 
  STORAGE(INITIAL 65536 NEXT 1048576 MINEXTENTS 1 MAXEXTENTS 2147483645
  PCTINCREASE 0 FREELISTS 1 FREELIST GROUPS 1 BUFFER_POOL DEFAULT FLASH_CACHE DEFAULT CELL_FLASH_CACHE DEFAULT)
  TABLESPACE "TBS_PROJECTORS"  ENABLE;
--------------------------------------------------------
--  Constraints for Table REPORT_APPLY
--------------------------------------------------------

  ALTER TABLE "LJB_PROJECTORS"."REPORT_APPLY" MODIFY ("APPLY_NO" NOT NULL ENABLE);
  ALTER TABLE "LJB_PROJECTORS"."REPORT_APPLY" MODIFY ("PIN_NO" NOT NULL ENABLE);
  ALTER TABLE "LJB_PROJECTORS"."REPORT_APPLY" MODIFY ("REP_REASON_NO" NOT NULL ENABLE);
  ALTER TABLE "LJB_PROJECTORS"."REPORT_APPLY" ADD CONSTRAINT "REP_APPLY_NO_PK" PRIMARY KEY ("REP_APPLY_NO")
  USING INDEX PCTFREE 10 INITRANS 2 MAXTRANS 255 COMPUTE STATISTICS 
  STORAGE(INITIAL 65536 NEXT 1048576 MINEXTENTS 1 MAXEXTENTS 2147483645
  PCTINCREASE 0 FREELISTS 1 FREELIST GROUPS 1 BUFFER_POOL DEFAULT FLASH_CACHE DEFAULT CELL_FLASH_CACHE DEFAULT)
  TABLESPACE "TBS_PROJECTORS"  ENABLE;
--------------------------------------------------------
--  Constraints for Table REPORT_COMM
--------------------------------------------------------

  ALTER TABLE "LJB_PROJECTORS"."REPORT_COMM" MODIFY ("COMM_NO" NOT NULL ENABLE);
  ALTER TABLE "LJB_PROJECTORS"."REPORT_COMM" MODIFY ("PIN_NO" NOT NULL ENABLE);
  ALTER TABLE "LJB_PROJECTORS"."REPORT_COMM" MODIFY ("REP_REASON_NO" NOT NULL ENABLE);
  ALTER TABLE "LJB_PROJECTORS"."REPORT_COMM" ADD CONSTRAINT "REP_COMM_NO_PK" PRIMARY KEY ("REP_COMM_NO")
  USING INDEX PCTFREE 10 INITRANS 2 MAXTRANS 255 COMPUTE STATISTICS 
  STORAGE(INITIAL 65536 NEXT 1048576 MINEXTENTS 1 MAXEXTENTS 2147483645
  PCTINCREASE 0 FREELISTS 1 FREELIST GROUPS 1 BUFFER_POOL DEFAULT FLASH_CACHE DEFAULT CELL_FLASH_CACHE DEFAULT)
  TABLESPACE "TBS_PROJECTORS"  ENABLE;
--------------------------------------------------------
--  Constraints for Table REPORT_NOTE
--------------------------------------------------------

  ALTER TABLE "LJB_PROJECTORS"."REPORT_NOTE" MODIFY ("NOTE_NO" NOT NULL ENABLE);
  ALTER TABLE "LJB_PROJECTORS"."REPORT_NOTE" MODIFY ("PIN_NO" NOT NULL ENABLE);
  ALTER TABLE "LJB_PROJECTORS"."REPORT_NOTE" MODIFY ("REP_REASON_NO" NOT NULL ENABLE);
  ALTER TABLE "LJB_PROJECTORS"."REPORT_NOTE" ADD CONSTRAINT "REP_NOTE_NO_PK" PRIMARY KEY ("REP_NOTE_NO")
  USING INDEX PCTFREE 10 INITRANS 2 MAXTRANS 255 COMPUTE STATISTICS 
  STORAGE(INITIAL 65536 NEXT 1048576 MINEXTENTS 1 MAXEXTENTS 2147483645
  PCTINCREASE 0 FREELISTS 1 FREELIST GROUPS 1 BUFFER_POOL DEFAULT FLASH_CACHE DEFAULT CELL_FLASH_CACHE DEFAULT)
  TABLESPACE "TBS_PROJECTORS"  ENABLE;
--------------------------------------------------------
--  Constraints for Table REPORT_PRJ
--------------------------------------------------------

  ALTER TABLE "LJB_PROJECTORS"."REPORT_PRJ" MODIFY ("PRJ_NO" NOT NULL ENABLE);
  ALTER TABLE "LJB_PROJECTORS"."REPORT_PRJ" MODIFY ("FINAL_NO" NOT NULL ENABLE);
  ALTER TABLE "LJB_PROJECTORS"."REPORT_PRJ" MODIFY ("REP_REASON_NO" NOT NULL ENABLE);
  ALTER TABLE "LJB_PROJECTORS"."REPORT_PRJ" ADD CONSTRAINT "REP_PRJ_NO_PK" PRIMARY KEY ("REP_PRJ_NO")
  USING INDEX PCTFREE 10 INITRANS 2 MAXTRANS 255 COMPUTE STATISTICS 
  STORAGE(INITIAL 65536 NEXT 1048576 MINEXTENTS 1 MAXEXTENTS 2147483645
  PCTINCREASE 0 FREELISTS 1 FREELIST GROUPS 1 BUFFER_POOL DEFAULT FLASH_CACHE DEFAULT CELL_FLASH_CACHE DEFAULT)
  TABLESPACE "TBS_PROJECTORS"  ENABLE;
--------------------------------------------------------
--  Constraints for Table REPORT_REASON
--------------------------------------------------------

  ALTER TABLE "LJB_PROJECTORS"."REPORT_REASON" MODIFY ("REASON" NOT NULL ENABLE);
  ALTER TABLE "LJB_PROJECTORS"."REPORT_REASON" ADD CONSTRAINT "REP_REASON_NO_PK" PRIMARY KEY ("REP_REASON_NO")
  USING INDEX PCTFREE 10 INITRANS 2 MAXTRANS 255 COMPUTE STATISTICS 
  STORAGE(INITIAL 65536 NEXT 1048576 MINEXTENTS 1 MAXEXTENTS 2147483645
  PCTINCREASE 0 FREELISTS 1 FREELIST GROUPS 1 BUFFER_POOL DEFAULT FLASH_CACHE DEFAULT CELL_FLASH_CACHE DEFAULT)
  TABLESPACE "TBS_PROJECTORS"  ENABLE;
--------------------------------------------------------
--  Constraints for Table REPORT_RESULT
--------------------------------------------------------

  ALTER TABLE "LJB_PROJECTORS"."REPORT_RESULT" MODIFY ("RESULT" NOT NULL ENABLE);
  ALTER TABLE "LJB_PROJECTORS"."REPORT_RESULT" ADD CONSTRAINT "REP_RESULT_NO_CK" CHECK (REP_RESULT_NO = 1 OR REP_RESULT_NO = 0) ENABLE;
  ALTER TABLE "LJB_PROJECTORS"."REPORT_RESULT" ADD CONSTRAINT "REP_RESULT_NO_PK" PRIMARY KEY ("REP_RESULT_NO")
  USING INDEX PCTFREE 10 INITRANS 2 MAXTRANS 255 COMPUTE STATISTICS 
  STORAGE(INITIAL 65536 NEXT 1048576 MINEXTENTS 1 MAXEXTENTS 2147483645
  PCTINCREASE 0 FREELISTS 1 FREELIST GROUPS 1 BUFFER_POOL DEFAULT FLASH_CACHE DEFAULT CELL_FLASH_CACHE DEFAULT)
  TABLESPACE "TBS_PROJECTORS"  ENABLE;
--------------------------------------------------------
--  Constraints for Table REP_APPLY_RESULT
--------------------------------------------------------

  ALTER TABLE "LJB_PROJECTORS"."REP_APPLY_RESULT" MODIFY ("REP_APPLY_NO" NOT NULL ENABLE);
  ALTER TABLE "LJB_PROJECTORS"."REP_APPLY_RESULT" MODIFY ("REP_RESULT_NO" NOT NULL ENABLE);
  ALTER TABLE "LJB_PROJECTORS"."REP_APPLY_RESULT" MODIFY ("REGU_NO" NOT NULL ENABLE);
  ALTER TABLE "LJB_PROJECTORS"."REP_APPLY_RESULT" MODIFY ("REGU_PERIOD_NO" NOT NULL ENABLE);
  ALTER TABLE "LJB_PROJECTORS"."REP_APPLY_RESULT" MODIFY ("PIN_NO" NOT NULL ENABLE);
  ALTER TABLE "LJB_PROJECTORS"."REP_APPLY_RESULT" ADD CONSTRAINT "APPLY_RESULT_NO_PK" PRIMARY KEY ("APPLY_RESULT_NO")
  USING INDEX PCTFREE 10 INITRANS 2 MAXTRANS 255 COMPUTE STATISTICS 
  STORAGE(INITIAL 65536 NEXT 1048576 MINEXTENTS 1 MAXEXTENTS 2147483645
  PCTINCREASE 0 FREELISTS 1 FREELIST GROUPS 1 BUFFER_POOL DEFAULT FLASH_CACHE DEFAULT CELL_FLASH_CACHE DEFAULT)
  TABLESPACE "TBS_PROJECTORS"  ENABLE;
--------------------------------------------------------
--  Constraints for Table REP_COMM_RESULT
--------------------------------------------------------

  ALTER TABLE "LJB_PROJECTORS"."REP_COMM_RESULT" MODIFY ("REP_COMM_NO" NOT NULL ENABLE);
  ALTER TABLE "LJB_PROJECTORS"."REP_COMM_RESULT" MODIFY ("REP_RESULT_NO" NOT NULL ENABLE);
  ALTER TABLE "LJB_PROJECTORS"."REP_COMM_RESULT" MODIFY ("REGU_NO" NOT NULL ENABLE);
  ALTER TABLE "LJB_PROJECTORS"."REP_COMM_RESULT" MODIFY ("REGU_PERIOD_NO" NOT NULL ENABLE);
  ALTER TABLE "LJB_PROJECTORS"."REP_COMM_RESULT" MODIFY ("PIN_NO" NOT NULL ENABLE);
  ALTER TABLE "LJB_PROJECTORS"."REP_COMM_RESULT" ADD CONSTRAINT "COMM_RESULT_NO_PK" PRIMARY KEY ("COMM_RESULT_NO")
  USING INDEX PCTFREE 10 INITRANS 2 MAXTRANS 255 COMPUTE STATISTICS 
  STORAGE(INITIAL 65536 NEXT 1048576 MINEXTENTS 1 MAXEXTENTS 2147483645
  PCTINCREASE 0 FREELISTS 1 FREELIST GROUPS 1 BUFFER_POOL DEFAULT FLASH_CACHE DEFAULT CELL_FLASH_CACHE DEFAULT)
  TABLESPACE "TBS_PROJECTORS"  ENABLE;
--------------------------------------------------------
--  Constraints for Table REP_NOTE_RESULT
--------------------------------------------------------

  ALTER TABLE "LJB_PROJECTORS"."REP_NOTE_RESULT" MODIFY ("REP_NOTE_NO" NOT NULL ENABLE);
  ALTER TABLE "LJB_PROJECTORS"."REP_NOTE_RESULT" MODIFY ("REP_RESULT_NO" NOT NULL ENABLE);
  ALTER TABLE "LJB_PROJECTORS"."REP_NOTE_RESULT" MODIFY ("REGU_NO" NOT NULL ENABLE);
  ALTER TABLE "LJB_PROJECTORS"."REP_NOTE_RESULT" MODIFY ("REGU_PERIOD_NO" NOT NULL ENABLE);
  ALTER TABLE "LJB_PROJECTORS"."REP_NOTE_RESULT" MODIFY ("PIN_NO" NOT NULL ENABLE);
  ALTER TABLE "LJB_PROJECTORS"."REP_NOTE_RESULT" ADD CONSTRAINT "NOTE_RESULT_NO_PK" PRIMARY KEY ("NOTE_RESULT_NO")
  USING INDEX PCTFREE 10 INITRANS 2 MAXTRANS 255 COMPUTE STATISTICS 
  STORAGE(INITIAL 65536 NEXT 1048576 MINEXTENTS 1 MAXEXTENTS 2147483645
  PCTINCREASE 0 FREELISTS 1 FREELIST GROUPS 1 BUFFER_POOL DEFAULT FLASH_CACHE DEFAULT CELL_FLASH_CACHE DEFAULT)
  TABLESPACE "TBS_PROJECTORS"  ENABLE;
--------------------------------------------------------
--  Constraints for Table REP_PRJ_REASON
--------------------------------------------------------

  ALTER TABLE "LJB_PROJECTORS"."REP_PRJ_REASON" MODIFY ("REP_REASON" NOT NULL ENABLE);
  ALTER TABLE "LJB_PROJECTORS"."REP_PRJ_REASON" ADD CONSTRAINT "PRJ_REP_REASON_NO_PK" PRIMARY KEY ("REP_REASON_NO")
  USING INDEX PCTFREE 10 INITRANS 2 MAXTRANS 255 COMPUTE STATISTICS 
  STORAGE(INITIAL 65536 NEXT 1048576 MINEXTENTS 1 MAXEXTENTS 2147483645
  PCTINCREASE 0 FREELISTS 1 FREELIST GROUPS 1 BUFFER_POOL DEFAULT FLASH_CACHE DEFAULT CELL_FLASH_CACHE DEFAULT)
  TABLESPACE "TBS_PROJECTORS"  ENABLE;
--------------------------------------------------------
--  Constraints for Table REP_RECRUIT
--------------------------------------------------------

  ALTER TABLE "LJB_PROJECTORS"."REP_RECRUIT" MODIFY ("RECRUIT_NO" NOT NULL ENABLE);
  ALTER TABLE "LJB_PROJECTORS"."REP_RECRUIT" MODIFY ("PIN_NO" NOT NULL ENABLE);
  ALTER TABLE "LJB_PROJECTORS"."REP_RECRUIT" MODIFY ("REP_REASON_NO" NOT NULL ENABLE);
  ALTER TABLE "LJB_PROJECTORS"."REP_RECRUIT" ADD CONSTRAINT "REP_RECRUIT_NO_PK" PRIMARY KEY ("REP_RECRUIT_NO")
  USING INDEX PCTFREE 10 INITRANS 2 MAXTRANS 255 COMPUTE STATISTICS 
  STORAGE(INITIAL 65536 NEXT 1048576 MINEXTENTS 1 MAXEXTENTS 2147483645
  PCTINCREASE 0 FREELISTS 1 FREELIST GROUPS 1 BUFFER_POOL DEFAULT FLASH_CACHE DEFAULT CELL_FLASH_CACHE DEFAULT)
  TABLESPACE "TBS_PROJECTORS"  ENABLE;
--------------------------------------------------------
--  Constraints for Table REP_RECRUIT_RESULT
--------------------------------------------------------

  ALTER TABLE "LJB_PROJECTORS"."REP_RECRUIT_RESULT" MODIFY ("REP_RECRUIT_NO" NOT NULL ENABLE);
  ALTER TABLE "LJB_PROJECTORS"."REP_RECRUIT_RESULT" MODIFY ("REP_RESULT_NO" NOT NULL ENABLE);
  ALTER TABLE "LJB_PROJECTORS"."REP_RECRUIT_RESULT" MODIFY ("REGU_NO" NOT NULL ENABLE);
  ALTER TABLE "LJB_PROJECTORS"."REP_RECRUIT_RESULT" MODIFY ("REGU_PERIOD_NO" NOT NULL ENABLE);
  ALTER TABLE "LJB_PROJECTORS"."REP_RECRUIT_RESULT" MODIFY ("PIN_NO" NOT NULL ENABLE);
  ALTER TABLE "LJB_PROJECTORS"."REP_RECRUIT_RESULT" ADD CONSTRAINT "RECRUIT_RESULT_NO_PK" PRIMARY KEY ("RECRUIT_RESULT_NO")
  USING INDEX PCTFREE 10 INITRANS 2 MAXTRANS 255 COMPUTE STATISTICS 
  STORAGE(INITIAL 65536 NEXT 1048576 MINEXTENTS 1 MAXEXTENTS 2147483645
  PCTINCREASE 0 FREELISTS 1 FREELIST GROUPS 1 BUFFER_POOL DEFAULT FLASH_CACHE DEFAULT CELL_FLASH_CACHE DEFAULT)
  TABLESPACE "TBS_PROJECTORS"  ENABLE;
--------------------------------------------------------
--  Constraints for Table SPACE_NOTICE
--------------------------------------------------------

  ALTER TABLE "LJB_PROJECTORS"."SPACE_NOTICE" MODIFY ("PRJ_NO" NOT NULL ENABLE);
  ALTER TABLE "LJB_PROJECTORS"."SPACE_NOTICE" MODIFY ("TITLE" NOT NULL ENABLE);
  ALTER TABLE "LJB_PROJECTORS"."SPACE_NOTICE" MODIFY ("CONTENT" NOT NULL ENABLE);
  ALTER TABLE "LJB_PROJECTORS"."SPACE_NOTICE" ADD CONSTRAINT "SPACE_NOTICE_NO_PK" PRIMARY KEY ("SPACE_NOTICE_NO")
  USING INDEX PCTFREE 10 INITRANS 2 MAXTRANS 255 COMPUTE STATISTICS 
  STORAGE(INITIAL 65536 NEXT 1048576 MINEXTENTS 1 MAXEXTENTS 2147483645
  PCTINCREASE 0 FREELISTS 1 FREELIST GROUPS 1 BUFFER_POOL DEFAULT FLASH_CACHE DEFAULT CELL_FLASH_CACHE DEFAULT)
  TABLESPACE "TBS_PROJECTORS"  ENABLE;
--------------------------------------------------------
--  Constraints for Table SUB_REGION
--------------------------------------------------------

  ALTER TABLE "LJB_PROJECTORS"."SUB_REGION" MODIFY ("REGION_NO" NOT NULL ENABLE);
  ALTER TABLE "LJB_PROJECTORS"."SUB_REGION" MODIFY ("SUB_REGION_NAME" NOT NULL ENABLE);
  ALTER TABLE "LJB_PROJECTORS"."SUB_REGION" ADD CONSTRAINT "SUB_REGION_NO_PK" PRIMARY KEY ("SUB_REGION_NO")
  USING INDEX PCTFREE 10 INITRANS 2 MAXTRANS 255 COMPUTE STATISTICS 
  STORAGE(INITIAL 65536 NEXT 1048576 MINEXTENTS 1 MAXEXTENTS 2147483645
  PCTINCREASE 0 FREELISTS 1 FREELIST GROUPS 1 BUFFER_POOL DEFAULT FLASH_CACHE DEFAULT CELL_FLASH_CACHE DEFAULT)
  TABLESPACE "TBS_PROJECTORS"  ENABLE;
--------------------------------------------------------
--  Constraints for Table TOOL
--------------------------------------------------------

  ALTER TABLE "LJB_PROJECTORS"."TOOL" MODIFY ("TOOL_NAME" NOT NULL ENABLE);
  ALTER TABLE "LJB_PROJECTORS"."TOOL" ADD CONSTRAINT "TOOL_NO_PK" PRIMARY KEY ("TOOL_NO")
  USING INDEX PCTFREE 10 INITRANS 2 MAXTRANS 255 COMPUTE STATISTICS 
  STORAGE(INITIAL 65536 NEXT 1048576 MINEXTENTS 1 MAXEXTENTS 2147483645
  PCTINCREASE 0 FREELISTS 1 FREELIST GROUPS 1 BUFFER_POOL DEFAULT FLASH_CACHE DEFAULT CELL_FLASH_CACHE DEFAULT)
  TABLESPACE "TBS_PROJECTORS"  ENABLE;
--------------------------------------------------------
--  Constraints for Table USERS
--------------------------------------------------------

  ALTER TABLE "LJB_PROJECTORS"."USERS" MODIFY ("ID" NOT NULL ENABLE);
  ALTER TABLE "LJB_PROJECTORS"."USERS" MODIFY ("PW" NOT NULL ENABLE);
  ALTER TABLE "LJB_PROJECTORS"."USERS" MODIFY ("NICKNAME" NOT NULL ENABLE);
  ALTER TABLE "LJB_PROJECTORS"."USERS" MODIFY ("PHOTOURL" NOT NULL ENABLE);
  ALTER TABLE "LJB_PROJECTORS"."USERS" ADD CONSTRAINT "USER_NO_PK" PRIMARY KEY ("USER_NO")
  USING INDEX PCTFREE 10 INITRANS 2 MAXTRANS 255 COMPUTE STATISTICS 
  STORAGE(INITIAL 65536 NEXT 1048576 MINEXTENTS 1 MAXEXTENTS 2147483645
  PCTINCREASE 0 FREELISTS 1 FREELIST GROUPS 1 BUFFER_POOL DEFAULT FLASH_CACHE DEFAULT CELL_FLASH_CACHE DEFAULT)
  TABLESPACE "TBS_PROJECTORS"  ENABLE;
  ALTER TABLE "LJB_PROJECTORS"."USERS" ADD CONSTRAINT "ID_UK" UNIQUE ("ID")
  USING INDEX PCTFREE 10 INITRANS 2 MAXTRANS 255 COMPUTE STATISTICS 
  STORAGE(INITIAL 65536 NEXT 1048576 MINEXTENTS 1 MAXEXTENTS 2147483645
  PCTINCREASE 0 FREELISTS 1 FREELIST GROUPS 1 BUFFER_POOL DEFAULT FLASH_CACHE DEFAULT CELL_FLASH_CACHE DEFAULT)
  TABLESPACE "TBS_PROJECTORS"  ENABLE;
  ALTER TABLE "LJB_PROJECTORS"."USERS" ADD CONSTRAINT "NICKNAME_UK" UNIQUE ("NICKNAME")
  USING INDEX PCTFREE 10 INITRANS 2 MAXTRANS 255 COMPUTE STATISTICS 
  STORAGE(INITIAL 65536 NEXT 1048576 MINEXTENTS 1 MAXEXTENTS 2147483645
  PCTINCREASE 0 FREELISTS 1 FREELIST GROUPS 1 BUFFER_POOL DEFAULT FLASH_CACHE DEFAULT CELL_FLASH_CACHE DEFAULT)
  TABLESPACE "TBS_PROJECTORS"  ENABLE;
--------------------------------------------------------
--  Constraints for Table USER_PIN
--------------------------------------------------------

  ALTER TABLE "LJB_PROJECTORS"."USER_PIN" ADD CONSTRAINT "PIN_NO_PK" PRIMARY KEY ("PIN_NO")
  USING INDEX PCTFREE 10 INITRANS 2 MAXTRANS 255 COMPUTE STATISTICS 
  STORAGE(INITIAL 65536 NEXT 1048576 MINEXTENTS 1 MAXEXTENTS 2147483645
  PCTINCREASE 0 FREELISTS 1 FREELIST GROUPS 1 BUFFER_POOL DEFAULT FLASH_CACHE DEFAULT CELL_FLASH_CACHE DEFAULT)
  TABLESPACE "TBS_PROJECTORS"  ENABLE;
--------------------------------------------------------
--  Constraints for Table USER_TOOL
--------------------------------------------------------

  ALTER TABLE "LJB_PROJECTORS"."USER_TOOL" MODIFY ("PROFILE_NO" NOT NULL ENABLE);
  ALTER TABLE "LJB_PROJECTORS"."USER_TOOL" MODIFY ("TOOL_NO" NOT NULL ENABLE);
  ALTER TABLE "LJB_PROJECTORS"."USER_TOOL" ADD CONSTRAINT "UTOOL_NO_PK" PRIMARY KEY ("UTOOL_NO")
  USING INDEX PCTFREE 10 INITRANS 2 MAXTRANS 255 COMPUTE STATISTICS 
  STORAGE(INITIAL 65536 NEXT 1048576 MINEXTENTS 1 MAXEXTENTS 2147483645
  PCTINCREASE 0 FREELISTS 1 FREELIST GROUPS 1 BUFFER_POOL DEFAULT FLASH_CACHE DEFAULT CELL_FLASH_CACHE DEFAULT)
  TABLESPACE "TBS_PROJECTORS"  ENABLE;
--------------------------------------------------------
--  Constraints for Table WITHDRAW_TYPE
--------------------------------------------------------

  ALTER TABLE "LJB_PROJECTORS"."WITHDRAW_TYPE" MODIFY ("WD_TYPE_CONTENT" NOT NULL ENABLE);
  ALTER TABLE "LJB_PROJECTORS"."WITHDRAW_TYPE" ADD CONSTRAINT "WD_TYPE_NO_PK" PRIMARY KEY ("WD_TYPE_NO")
  USING INDEX PCTFREE 10 INITRANS 2 MAXTRANS 255 COMPUTE STATISTICS 
  STORAGE(INITIAL 65536 NEXT 1048576 MINEXTENTS 1 MAXEXTENTS 2147483645
  PCTINCREASE 0 FREELISTS 1 FREELIST GROUPS 1 BUFFER_POOL DEFAULT FLASH_CACHE DEFAULT CELL_FLASH_CACHE DEFAULT)
  TABLESPACE "TBS_PROJECTORS"  ENABLE;
--------------------------------------------------------
--  Constraints for Table WITHDRAW_USER
--------------------------------------------------------

  ALTER TABLE "LJB_PROJECTORS"."WITHDRAW_USER" MODIFY ("PIN_NO" NOT NULL ENABLE);
  ALTER TABLE "LJB_PROJECTORS"."WITHDRAW_USER" MODIFY ("ID" NOT NULL ENABLE);
  ALTER TABLE "LJB_PROJECTORS"."WITHDRAW_USER" MODIFY ("WD_TYPE_NO" NOT NULL ENABLE);
  ALTER TABLE "LJB_PROJECTORS"."WITHDRAW_USER" ADD CONSTRAINT "WD_USER_NO_PK" PRIMARY KEY ("WD_USER_NO")
  USING INDEX PCTFREE 10 INITRANS 2 MAXTRANS 255 COMPUTE STATISTICS 
  STORAGE(INITIAL 65536 NEXT 1048576 MINEXTENTS 1 MAXEXTENTS 2147483645
  PCTINCREASE 0 FREELISTS 1 FREELIST GROUPS 1 BUFFER_POOL DEFAULT FLASH_CACHE DEFAULT CELL_FLASH_CACHE DEFAULT)
  TABLESPACE "TBS_PROJECTORS"  ENABLE;
--------------------------------------------------------
--  Constraints for Table WORKSPACE
--------------------------------------------------------

  ALTER TABLE "LJB_PROJECTORS"."WORKSPACE" MODIFY ("WORK_DATE" NOT NULL ENABLE);
  ALTER TABLE "LJB_PROJECTORS"."WORKSPACE" MODIFY ("FINAL_NO" NOT NULL ENABLE);
  ALTER TABLE "LJB_PROJECTORS"."WORKSPACE" MODIFY ("TITLE" NOT NULL ENABLE);
  ALTER TABLE "LJB_PROJECTORS"."WORKSPACE" MODIFY ("CONTENT" NOT NULL ENABLE);
  ALTER TABLE "LJB_PROJECTORS"."WORKSPACE" ADD CONSTRAINT "WORKSPACE_NO_PK" PRIMARY KEY ("WORKSPACE_NO")
  USING INDEX PCTFREE 10 INITRANS 2 MAXTRANS 255 COMPUTE STATISTICS 
  STORAGE(INITIAL 65536 NEXT 1048576 MINEXTENTS 1 MAXEXTENTS 2147483645
  PCTINCREASE 0 FREELISTS 1 FREELIST GROUPS 1 BUFFER_POOL DEFAULT FLASH_CACHE DEFAULT CELL_FLASH_CACHE DEFAULT)
  TABLESPACE "TBS_PROJECTORS"  ENABLE;
--------------------------------------------------------
--  Constraints for Table WORKSPACE_COMM
--------------------------------------------------------

  ALTER TABLE "LJB_PROJECTORS"."WORKSPACE_COMM" MODIFY ("WORKSPACE_NO" NOT NULL ENABLE);
  ALTER TABLE "LJB_PROJECTORS"."WORKSPACE_COMM" MODIFY ("FINAL_NO" NOT NULL ENABLE);
  ALTER TABLE "LJB_PROJECTORS"."WORKSPACE_COMM" MODIFY ("CONTENT" NOT NULL ENABLE);
  ALTER TABLE "LJB_PROJECTORS"."WORKSPACE_COMM" ADD CONSTRAINT "WORKSPACE_COMM_NO_PK" PRIMARY KEY ("WORKSPACE_COMM_NO")
  USING INDEX PCTFREE 10 INITRANS 2 MAXTRANS 255 COMPUTE STATISTICS 
  STORAGE(INITIAL 65536 NEXT 1048576 MINEXTENTS 1 MAXEXTENTS 2147483645
  PCTINCREASE 0 FREELISTS 1 FREELIST GROUPS 1 BUFFER_POOL DEFAULT FLASH_CACHE DEFAULT CELL_FLASH_CACHE DEFAULT)
  TABLESPACE "TBS_PROJECTORS"  ENABLE;
--------------------------------------------------------
--  Ref Constraints for Table ADMIN
--------------------------------------------------------

  ALTER TABLE "LJB_PROJECTORS"."ADMIN" ADD CONSTRAINT "APIN_NO_FK" FOREIGN KEY ("PIN_NO")
	  REFERENCES "LJB_PROJECTORS"."USER_PIN" ("PIN_NO") ENABLE;
--------------------------------------------------------
--  Ref Constraints for Table ADMIN_NOTICE
--------------------------------------------------------

  ALTER TABLE "LJB_PROJECTORS"."ADMIN_NOTICE" ADD CONSTRAINT "NOTICE_APIN_NO_FK" FOREIGN KEY ("PIN_NO")
	  REFERENCES "LJB_PROJECTORS"."USER_PIN" ("PIN_NO") ENABLE;
--------------------------------------------------------
--  Ref Constraints for Table ANSWER
--------------------------------------------------------

  ALTER TABLE "LJB_PROJECTORS"."ANSWER" ADD CONSTRAINT "ANSWER_APIN_NO_FK" FOREIGN KEY ("PIN_NO")
	  REFERENCES "LJB_PROJECTORS"."USER_PIN" ("PIN_NO") ENABLE;
  ALTER TABLE "LJB_PROJECTORS"."ANSWER" ADD CONSTRAINT "QUESTION_NO_FK" FOREIGN KEY ("QUESTION_NO")
	  REFERENCES "LJB_PROJECTORS"."QUESTION" ("QUESTION_NO") ENABLE;
--------------------------------------------------------
--  Ref Constraints for Table APPLY
--------------------------------------------------------

  ALTER TABLE "LJB_PROJECTORS"."APPLY" ADD CONSTRAINT "APPLY_PIN_NO_FK" FOREIGN KEY ("PIN_NO")
	  REFERENCES "LJB_PROJECTORS"."USER_PIN" ("PIN_NO") ENABLE;
  ALTER TABLE "LJB_PROJECTORS"."APPLY" ADD CONSTRAINT "APPLY_RECRUIT_POS_NO_FK" FOREIGN KEY ("RECRUIT_POS_NO")
	  REFERENCES "LJB_PROJECTORS"."RECRUIT_POS" ("RECRUIT_POS_NO") ENABLE;
--------------------------------------------------------
--  Ref Constraints for Table COMMENTS
--------------------------------------------------------

  ALTER TABLE "LJB_PROJECTORS"."COMMENTS" ADD CONSTRAINT "COMM_PIN_NO_FK" FOREIGN KEY ("PIN_NO")
	  REFERENCES "LJB_PROJECTORS"."USER_PIN" ("PIN_NO") ENABLE;
  ALTER TABLE "LJB_PROJECTORS"."COMMENTS" ADD CONSTRAINT "COMM_RECRUIT_NO_FK" FOREIGN KEY ("RECRUIT_NO")
	  REFERENCES "LJB_PROJECTORS"."RECRUIT" ("RECRUIT_NO") ENABLE;
  ALTER TABLE "LJB_PROJECTORS"."COMMENTS" ADD CONSTRAINT "RECOMM_NO_FK" FOREIGN KEY ("RECOMM_NO")
	  REFERENCES "LJB_PROJECTORS"."COMMENTS" ("COMM_NO") ENABLE;
--------------------------------------------------------
--  Ref Constraints for Table DEL_APPLY
--------------------------------------------------------

  ALTER TABLE "LJB_PROJECTORS"."DEL_APPLY" ADD CONSTRAINT "DEL_APPLY_NO_FK" FOREIGN KEY ("APPLY_NO")
	  REFERENCES "LJB_PROJECTORS"."APPLY" ("APPLY_NO") ENABLE;
--------------------------------------------------------
--  Ref Constraints for Table DEL_COMM
--------------------------------------------------------

  ALTER TABLE "LJB_PROJECTORS"."DEL_COMM" ADD CONSTRAINT "DEL_COMM_NO_FK" FOREIGN KEY ("COMM_NO")
	  REFERENCES "LJB_PROJECTORS"."COMMENTS" ("COMM_NO") ENABLE;
--------------------------------------------------------
--  Ref Constraints for Table DEL_NOTE
--------------------------------------------------------

  ALTER TABLE "LJB_PROJECTORS"."DEL_NOTE" ADD CONSTRAINT "DEL_NOTE_NO_FK" FOREIGN KEY ("NOTE_NO")
	  REFERENCES "LJB_PROJECTORS"."NOTE" ("NOTE_NO") ENABLE;
--------------------------------------------------------
--  Ref Constraints for Table DEL_RECRUIT
--------------------------------------------------------

  ALTER TABLE "LJB_PROJECTORS"."DEL_RECRUIT" ADD CONSTRAINT "DEL_RECRUIT_NO_FK" FOREIGN KEY ("RECRUIT_NO")
	  REFERENCES "LJB_PROJECTORS"."RECRUIT" ("RECRUIT_NO") ENABLE;
--------------------------------------------------------
--  Ref Constraints for Table DEL_REP_PRJ
--------------------------------------------------------

  ALTER TABLE "LJB_PROJECTORS"."DEL_REP_PRJ" ADD CONSTRAINT "DEL_PRJ_PRESULT_NO_FK" FOREIGN KEY ("PRESULT_NO")
	  REFERENCES "LJB_PROJECTORS"."PRJ_PRESULT" ("PRESULT_NO") ENABLE;
--------------------------------------------------------
--  Ref Constraints for Table FEED
--------------------------------------------------------

  ALTER TABLE "LJB_PROJECTORS"."FEED" ADD CONSTRAINT "FEED_FINAL_NO_FK" FOREIGN KEY ("FINAL_NO")
	  REFERENCES "LJB_PROJECTORS"."FINAL" ("FINAL_NO") ENABLE;
--------------------------------------------------------
--  Ref Constraints for Table FINAL
--------------------------------------------------------

  ALTER TABLE "LJB_PROJECTORS"."FINAL" ADD CONSTRAINT "FIRST_CK_NO_FK" FOREIGN KEY ("FIRST_CK_NO")
	  REFERENCES "LJB_PROJECTORS"."FIRST_CK" ("FIRST_CK_NO") ENABLE;
--------------------------------------------------------
--  Ref Constraints for Table FIRST_CK
--------------------------------------------------------

  ALTER TABLE "LJB_PROJECTORS"."FIRST_CK" ADD CONSTRAINT "FIRST_CK_APPLY_NO_FK" FOREIGN KEY ("APPLY_NO")
	  REFERENCES "LJB_PROJECTORS"."APPLY" ("APPLY_NO") ENABLE;
--------------------------------------------------------
--  Ref Constraints for Table LOGIN_REC
--------------------------------------------------------

  ALTER TABLE "LJB_PROJECTORS"."LOGIN_REC" ADD CONSTRAINT "LOGIN_PIN_NO_FK" FOREIGN KEY ("PIN_NO")
	  REFERENCES "LJB_PROJECTORS"."USER_PIN" ("PIN_NO") ENABLE;
--------------------------------------------------------
--  Ref Constraints for Table LOGOUT_REC
--------------------------------------------------------

  ALTER TABLE "LJB_PROJECTORS"."LOGOUT_REC" ADD CONSTRAINT "LOGOUT_PIN_NO_FK" FOREIGN KEY ("PIN_NO")
	  REFERENCES "LJB_PROJECTORS"."USER_PIN" ("PIN_NO") ENABLE;
--------------------------------------------------------
--  Ref Constraints for Table MEETING
--------------------------------------------------------

  ALTER TABLE "LJB_PROJECTORS"."MEETING" ADD CONSTRAINT "MEETING_FINAL_NO_FK" FOREIGN KEY ("FINAL_NO")
	  REFERENCES "LJB_PROJECTORS"."FINAL" ("FINAL_NO") ENABLE;
--------------------------------------------------------
--  Ref Constraints for Table MEMBER_OUT
--------------------------------------------------------

  ALTER TABLE "LJB_PROJECTORS"."MEMBER_OUT" ADD CONSTRAINT "MEM_OUT_FINAL_NO_FK" FOREIGN KEY ("FINAL_NO")
	  REFERENCES "LJB_PROJECTORS"."FINAL" ("FINAL_NO") ENABLE;
  ALTER TABLE "LJB_PROJECTORS"."MEMBER_OUT" ADD CONSTRAINT "OUT_REASON_NO_FK" FOREIGN KEY ("OUT_REASON_NO")
	  REFERENCES "LJB_PROJECTORS"."MEM_OUT_REASON" ("OUT_REASON_NO") ENABLE;
--------------------------------------------------------
--  Ref Constraints for Table MEM_OUT_RATE
--------------------------------------------------------

  ALTER TABLE "LJB_PROJECTORS"."MEM_OUT_RATE" ADD CONSTRAINT "OUT_GIVER_FK" FOREIGN KEY ("GIVER")
	  REFERENCES "LJB_PROJECTORS"."FINAL" ("FINAL_NO") ENABLE;
  ALTER TABLE "LJB_PROJECTORS"."MEM_OUT_RATE" ADD CONSTRAINT "OUT_MEM_OUT_NO_FK" FOREIGN KEY ("MEM_OUT_NO")
	  REFERENCES "LJB_PROJECTORS"."MEMBER_OUT" ("MEM_OUT_NO") ENABLE;
  ALTER TABLE "LJB_PROJECTORS"."MEM_OUT_RATE" ADD CONSTRAINT "OUT_RATE_NO_FK" FOREIGN KEY ("RATE_NO")
	  REFERENCES "LJB_PROJECTORS"."RATE_SELECT" ("RATE_NO") ENABLE;
--------------------------------------------------------
--  Ref Constraints for Table NOTE
--------------------------------------------------------

  ALTER TABLE "LJB_PROJECTORS"."NOTE" ADD CONSTRAINT "NOTE_READER_FK" FOREIGN KEY ("READER")
	  REFERENCES "LJB_PROJECTORS"."USER_PIN" ("PIN_NO") ENABLE;
  ALTER TABLE "LJB_PROJECTORS"."NOTE" ADD CONSTRAINT "NOTE_SENDER_FK" FOREIGN KEY ("SENDER")
	  REFERENCES "LJB_PROJECTORS"."USER_PIN" ("PIN_NO") ENABLE;
--------------------------------------------------------
--  Ref Constraints for Table PRJ_PRESULT
--------------------------------------------------------

  ALTER TABLE "LJB_PROJECTORS"."PRJ_PRESULT" ADD CONSTRAINT "PRESULT_REP_PRJ_NO_FK" FOREIGN KEY ("REP_PRJ_NO")
	  REFERENCES "LJB_PROJECTORS"."REPORT_PRJ" ("REP_PRJ_NO") ENABLE;
  ALTER TABLE "LJB_PROJECTORS"."PRJ_PRESULT" ADD CONSTRAINT "PRJ_PRESULT_APIN_NO_FK" FOREIGN KEY ("PIN_NO")
	  REFERENCES "LJB_PROJECTORS"."USER_PIN" ("PIN_NO") ENABLE;
  ALTER TABLE "LJB_PROJECTORS"."PRJ_PRESULT" ADD CONSTRAINT "PRJ_REP_RESULT_NO_FK" FOREIGN KEY ("REP_RESULT_NO")
	  REFERENCES "LJB_PROJECTORS"."REPORT_RESULT" ("REP_RESULT_NO") ENABLE;
--------------------------------------------------------
--  Ref Constraints for Table PROFILE
--------------------------------------------------------

  ALTER TABLE "LJB_PROJECTORS"."PROFILE" ADD CONSTRAINT "PROFILE_PIN_NO_FK" FOREIGN KEY ("PIN_NO")
	  REFERENCES "LJB_PROJECTORS"."USER_PIN" ("PIN_NO") ENABLE;
  ALTER TABLE "LJB_PROJECTORS"."PROFILE" ADD CONSTRAINT "PROFILE_POS_NO_FK" FOREIGN KEY ("POS_NO")
	  REFERENCES "LJB_PROJECTORS"."POSITION" ("POS_NO") ENABLE;
  ALTER TABLE "LJB_PROJECTORS"."PROFILE" ADD CONSTRAINT "SUB_REGION_NO_FK" FOREIGN KEY ("SUB_REGION_NO")
	  REFERENCES "LJB_PROJECTORS"."SUB_REGION" ("SUB_REGION_NO") ENABLE;
--------------------------------------------------------
--  Ref Constraints for Table PROJECT
--------------------------------------------------------

  ALTER TABLE "LJB_PROJECTORS"."PROJECT" ADD CONSTRAINT "PRJ_RECRUIT_NO_FK" FOREIGN KEY ("RECRUIT_NO")
	  REFERENCES "LJB_PROJECTORS"."RECRUIT" ("RECRUIT_NO") ENABLE;
--------------------------------------------------------
--  Ref Constraints for Table PROJECT_RATE
--------------------------------------------------------

  ALTER TABLE "LJB_PROJECTORS"."PROJECT_RATE" ADD CONSTRAINT "GIVER_FK" FOREIGN KEY ("GIVER")
	  REFERENCES "LJB_PROJECTORS"."FINAL" ("FINAL_NO") ENABLE;
  ALTER TABLE "LJB_PROJECTORS"."PROJECT_RATE" ADD CONSTRAINT "RATE_NO_FK" FOREIGN KEY ("RATE_NO")
	  REFERENCES "LJB_PROJECTORS"."RATE_SELECT" ("RATE_NO") ENABLE;
  ALTER TABLE "LJB_PROJECTORS"."PROJECT_RATE" ADD CONSTRAINT "RECEIVER_FK" FOREIGN KEY ("RECEIVER")
	  REFERENCES "LJB_PROJECTORS"."FINAL" ("FINAL_NO") ENABLE;
--------------------------------------------------------
--  Ref Constraints for Table PROJECT_STOP
--------------------------------------------------------

  ALTER TABLE "LJB_PROJECTORS"."PROJECT_STOP" ADD CONSTRAINT "STOP_PRJ_NO_FK" FOREIGN KEY ("PRJ_NO")
	  REFERENCES "LJB_PROJECTORS"."PROJECT" ("PRJ_NO") ENABLE;
  ALTER TABLE "LJB_PROJECTORS"."PROJECT_STOP" ADD CONSTRAINT "STOP_REASON_NO_FK" FOREIGN KEY ("STOP_REASON_NO")
	  REFERENCES "LJB_PROJECTORS"."PRJ_STOP_REASON" ("STOP_REASON_NO") ENABLE;
--------------------------------------------------------
--  Ref Constraints for Table PROJECT_STOP_RATE
--------------------------------------------------------

  ALTER TABLE "LJB_PROJECTORS"."PROJECT_STOP_RATE" ADD CONSTRAINT "PRJ_STOP_NO_FK" FOREIGN KEY ("PRJ_STOP_NO")
	  REFERENCES "LJB_PROJECTORS"."PROJECT_STOP" ("PRJ_STOP_NO") ENABLE;
  ALTER TABLE "LJB_PROJECTORS"."PROJECT_STOP_RATE" ADD CONSTRAINT "STOP_GIVER_FK" FOREIGN KEY ("GIVER")
	  REFERENCES "LJB_PROJECTORS"."FINAL" ("FINAL_NO") ENABLE;
  ALTER TABLE "LJB_PROJECTORS"."PROJECT_STOP_RATE" ADD CONSTRAINT "STOP_RATE_NO_FK" FOREIGN KEY ("RATE_NO")
	  REFERENCES "LJB_PROJECTORS"."RATE_SELECT" ("RATE_NO") ENABLE;
  ALTER TABLE "LJB_PROJECTORS"."PROJECT_STOP_RATE" ADD CONSTRAINT "STOP_RECEIVER_FK" FOREIGN KEY ("RECEIVER")
	  REFERENCES "LJB_PROJECTORS"."FINAL" ("FINAL_NO") ENABLE;
--------------------------------------------------------
--  Ref Constraints for Table QUESTION
--------------------------------------------------------

  ALTER TABLE "LJB_PROJECTORS"."QUESTION" ADD CONSTRAINT "QUESTION_PIN_NO_FK" FOREIGN KEY ("PIN_NO")
	  REFERENCES "LJB_PROJECTORS"."USER_PIN" ("PIN_NO") ENABLE;
--------------------------------------------------------
--  Ref Constraints for Table QUIT_ADMIN
--------------------------------------------------------

  ALTER TABLE "LJB_PROJECTORS"."QUIT_ADMIN" ADD CONSTRAINT "QUIT_APIN_NO_FK" FOREIGN KEY ("PIN_NO")
	  REFERENCES "LJB_PROJECTORS"."USER_PIN" ("PIN_NO") ENABLE;
--------------------------------------------------------
--  Ref Constraints for Table RECRUIT
--------------------------------------------------------

  ALTER TABLE "LJB_PROJECTORS"."RECRUIT" ADD CONSTRAINT "RECRUIT_DO_TYPE_NO_FK" FOREIGN KEY ("DO_TYPE_NO")
	  REFERENCES "LJB_PROJECTORS"."DO_TYPE" ("DO_TYPE_NO") ENABLE;
  ALTER TABLE "LJB_PROJECTORS"."RECRUIT" ADD CONSTRAINT "RECRUIT_PIN_NO_FK" FOREIGN KEY ("PIN_NO")
	  REFERENCES "LJB_PROJECTORS"."USER_PIN" ("PIN_NO") ENABLE;
--------------------------------------------------------
--  Ref Constraints for Table RECRUIT_POS
--------------------------------------------------------

  ALTER TABLE "LJB_PROJECTORS"."RECRUIT_POS" ADD CONSTRAINT "RECRUIT_NO_FK" FOREIGN KEY ("RECRUIT_NO")
	  REFERENCES "LJB_PROJECTORS"."RECRUIT" ("RECRUIT_NO") ENABLE;
  ALTER TABLE "LJB_PROJECTORS"."RECRUIT_POS" ADD CONSTRAINT "RECRUIT_POS_NO_FK" FOREIGN KEY ("POS_NO")
	  REFERENCES "LJB_PROJECTORS"."POSITION" ("POS_NO") ENABLE;
--------------------------------------------------------
--  Ref Constraints for Table RECRUIT_TOOL
--------------------------------------------------------

  ALTER TABLE "LJB_PROJECTORS"."RECRUIT_TOOL" ADD CONSTRAINT "RECRUIT_TOOL_NO_FK" FOREIGN KEY ("TOOL_NO")
	  REFERENCES "LJB_PROJECTORS"."TOOL" ("TOOL_NO") ENABLE;
  ALTER TABLE "LJB_PROJECTORS"."RECRUIT_TOOL" ADD CONSTRAINT "TOOL_RECRUIT_NO_FK" FOREIGN KEY ("RECRUIT_NO")
	  REFERENCES "LJB_PROJECTORS"."RECRUIT" ("RECRUIT_NO") ENABLE;
--------------------------------------------------------
--  Ref Constraints for Table REPORT_APPLY
--------------------------------------------------------

  ALTER TABLE "LJB_PROJECTORS"."REPORT_APPLY" ADD CONSTRAINT "APPLY_REP_REASON_NO_FK" FOREIGN KEY ("REP_REASON_NO")
	  REFERENCES "LJB_PROJECTORS"."REPORT_REASON" ("REP_REASON_NO") ENABLE;
  ALTER TABLE "LJB_PROJECTORS"."REPORT_APPLY" ADD CONSTRAINT "REP_APPLY_NO_FK" FOREIGN KEY ("APPLY_NO")
	  REFERENCES "LJB_PROJECTORS"."APPLY" ("APPLY_NO") ENABLE;
  ALTER TABLE "LJB_PROJECTORS"."REPORT_APPLY" ADD CONSTRAINT "REP_APPLY_PIN_NO_FK" FOREIGN KEY ("PIN_NO")
	  REFERENCES "LJB_PROJECTORS"."USER_PIN" ("PIN_NO") ENABLE;
--------------------------------------------------------
--  Ref Constraints for Table REPORT_COMM
--------------------------------------------------------

  ALTER TABLE "LJB_PROJECTORS"."REPORT_COMM" ADD CONSTRAINT "COMM_REP_REASON_NO_FK" FOREIGN KEY ("REP_REASON_NO")
	  REFERENCES "LJB_PROJECTORS"."REPORT_REASON" ("REP_REASON_NO") ENABLE;
  ALTER TABLE "LJB_PROJECTORS"."REPORT_COMM" ADD CONSTRAINT "REP_COMM_NO_FK" FOREIGN KEY ("COMM_NO")
	  REFERENCES "LJB_PROJECTORS"."COMMENTS" ("COMM_NO") ENABLE;
  ALTER TABLE "LJB_PROJECTORS"."REPORT_COMM" ADD CONSTRAINT "REP_COMM_PIN_NO_FK" FOREIGN KEY ("PIN_NO")
	  REFERENCES "LJB_PROJECTORS"."USER_PIN" ("PIN_NO") ENABLE;
--------------------------------------------------------
--  Ref Constraints for Table REPORT_NOTE
--------------------------------------------------------

  ALTER TABLE "LJB_PROJECTORS"."REPORT_NOTE" ADD CONSTRAINT "NOTE_REP_REASON_NO_FK" FOREIGN KEY ("REP_REASON_NO")
	  REFERENCES "LJB_PROJECTORS"."REPORT_REASON" ("REP_REASON_NO") ENABLE;
  ALTER TABLE "LJB_PROJECTORS"."REPORT_NOTE" ADD CONSTRAINT "REP_NOTE_NO_FK" FOREIGN KEY ("NOTE_NO")
	  REFERENCES "LJB_PROJECTORS"."NOTE" ("NOTE_NO") ENABLE;
  ALTER TABLE "LJB_PROJECTORS"."REPORT_NOTE" ADD CONSTRAINT "REP_NOTE_PIN_NO_FK" FOREIGN KEY ("PIN_NO")
	  REFERENCES "LJB_PROJECTORS"."USER_PIN" ("PIN_NO") ENABLE;
--------------------------------------------------------
--  Ref Constraints for Table REPORT_PRJ
--------------------------------------------------------

  ALTER TABLE "LJB_PROJECTORS"."REPORT_PRJ" ADD CONSTRAINT "PRJ_REP_REASON_NO_FK" FOREIGN KEY ("REP_REASON_NO")
	  REFERENCES "LJB_PROJECTORS"."REP_PRJ_REASON" ("REP_REASON_NO") ENABLE;
  ALTER TABLE "LJB_PROJECTORS"."REPORT_PRJ" ADD CONSTRAINT "REP_PRJ_FINAL_NO_FK" FOREIGN KEY ("FINAL_NO")
	  REFERENCES "LJB_PROJECTORS"."FINAL" ("FINAL_NO") ENABLE;
  ALTER TABLE "LJB_PROJECTORS"."REPORT_PRJ" ADD CONSTRAINT "REP_PRJ_NO_FK" FOREIGN KEY ("PRJ_NO")
	  REFERENCES "LJB_PROJECTORS"."PROJECT" ("PRJ_NO") ENABLE;
--------------------------------------------------------
--  Ref Constraints for Table REP_APPLY_RESULT
--------------------------------------------------------

  ALTER TABLE "LJB_PROJECTORS"."REP_APPLY_RESULT" ADD CONSTRAINT "APPLY_REGU_NO_FK" FOREIGN KEY ("REGU_NO")
	  REFERENCES "LJB_PROJECTORS"."REGULATION" ("REGU_NO") ENABLE;
  ALTER TABLE "LJB_PROJECTORS"."REP_APPLY_RESULT" ADD CONSTRAINT "APPLY_REGU_PERIOD_NO_FK" FOREIGN KEY ("REGU_PERIOD_NO")
	  REFERENCES "LJB_PROJECTORS"."REGULATION_PERIOD" ("REGU_PERIOD_NO") ENABLE;
  ALTER TABLE "LJB_PROJECTORS"."REP_APPLY_RESULT" ADD CONSTRAINT "APPLY_REP_PIN_NO_FK" FOREIGN KEY ("PIN_NO")
	  REFERENCES "LJB_PROJECTORS"."USER_PIN" ("PIN_NO") ENABLE;
  ALTER TABLE "LJB_PROJECTORS"."REP_APPLY_RESULT" ADD CONSTRAINT "APPLY_REP_RESULT_NO_FK" FOREIGN KEY ("REP_RESULT_NO")
	  REFERENCES "LJB_PROJECTORS"."REPORT_RESULT" ("REP_RESULT_NO") ENABLE;
  ALTER TABLE "LJB_PROJECTORS"."REP_APPLY_RESULT" ADD CONSTRAINT "NEW_REP_APPLY_NO_FK" FOREIGN KEY ("REP_APPLY_NO")
	  REFERENCES "LJB_PROJECTORS"."REPORT_APPLY" ("REP_APPLY_NO") ENABLE;
--------------------------------------------------------
--  Ref Constraints for Table REP_COMM_RESULT
--------------------------------------------------------

  ALTER TABLE "LJB_PROJECTORS"."REP_COMM_RESULT" ADD CONSTRAINT "COMM_REGU_NO_FK" FOREIGN KEY ("REGU_NO")
	  REFERENCES "LJB_PROJECTORS"."REGULATION" ("REGU_NO") ENABLE;
  ALTER TABLE "LJB_PROJECTORS"."REP_COMM_RESULT" ADD CONSTRAINT "COMM_REGU_PERIOD_NO_FK" FOREIGN KEY ("REGU_PERIOD_NO")
	  REFERENCES "LJB_PROJECTORS"."REGULATION_PERIOD" ("REGU_PERIOD_NO") ENABLE;
  ALTER TABLE "LJB_PROJECTORS"."REP_COMM_RESULT" ADD CONSTRAINT "COMM_REP_PIN_NO_FK" FOREIGN KEY ("PIN_NO")
	  REFERENCES "LJB_PROJECTORS"."USER_PIN" ("PIN_NO") ENABLE;
  ALTER TABLE "LJB_PROJECTORS"."REP_COMM_RESULT" ADD CONSTRAINT "COMM_REP_RESULT_NO_FK" FOREIGN KEY ("REP_RESULT_NO")
	  REFERENCES "LJB_PROJECTORS"."REPORT_RESULT" ("REP_RESULT_NO") ENABLE;
  ALTER TABLE "LJB_PROJECTORS"."REP_COMM_RESULT" ADD CONSTRAINT "NEW_REP_COMM_NO_FK" FOREIGN KEY ("REP_COMM_NO")
	  REFERENCES "LJB_PROJECTORS"."REPORT_COMM" ("REP_COMM_NO") ENABLE;
--------------------------------------------------------
--  Ref Constraints for Table REP_NOTE_RESULT
--------------------------------------------------------

  ALTER TABLE "LJB_PROJECTORS"."REP_NOTE_RESULT" ADD CONSTRAINT "NEW_REP_NOTE_NO_FK" FOREIGN KEY ("REP_NOTE_NO")
	  REFERENCES "LJB_PROJECTORS"."REPORT_NOTE" ("REP_NOTE_NO") ENABLE;
  ALTER TABLE "LJB_PROJECTORS"."REP_NOTE_RESULT" ADD CONSTRAINT "NOTE_REGU_NO_FK" FOREIGN KEY ("REGU_NO")
	  REFERENCES "LJB_PROJECTORS"."REGULATION" ("REGU_NO") ENABLE;
  ALTER TABLE "LJB_PROJECTORS"."REP_NOTE_RESULT" ADD CONSTRAINT "NOTE_REGU_PERIOD_NO_FK" FOREIGN KEY ("REGU_PERIOD_NO")
	  REFERENCES "LJB_PROJECTORS"."REGULATION_PERIOD" ("REGU_PERIOD_NO") ENABLE;
  ALTER TABLE "LJB_PROJECTORS"."REP_NOTE_RESULT" ADD CONSTRAINT "NOTE_REP_PIN_NO_FK" FOREIGN KEY ("PIN_NO")
	  REFERENCES "LJB_PROJECTORS"."USER_PIN" ("PIN_NO") ENABLE;
  ALTER TABLE "LJB_PROJECTORS"."REP_NOTE_RESULT" ADD CONSTRAINT "NOTE_REP_RESULT_NO_FK" FOREIGN KEY ("REP_RESULT_NO")
	  REFERENCES "LJB_PROJECTORS"."REPORT_RESULT" ("REP_RESULT_NO") ENABLE;
--------------------------------------------------------
--  Ref Constraints for Table REP_RECRUIT
--------------------------------------------------------

  ALTER TABLE "LJB_PROJECTORS"."REP_RECRUIT" ADD CONSTRAINT "RECRUIT_REP_REASON_NO_FK" FOREIGN KEY ("REP_REASON_NO")
	  REFERENCES "LJB_PROJECTORS"."REPORT_REASON" ("REP_REASON_NO") ENABLE;
  ALTER TABLE "LJB_PROJECTORS"."REP_RECRUIT" ADD CONSTRAINT "REP_RCRUIT_NO_FK" FOREIGN KEY ("RECRUIT_NO")
	  REFERENCES "LJB_PROJECTORS"."RECRUIT" ("RECRUIT_NO") ENABLE;
  ALTER TABLE "LJB_PROJECTORS"."REP_RECRUIT" ADD CONSTRAINT "REP_RECRUIT_PIN_NO_FK" FOREIGN KEY ("PIN_NO")
	  REFERENCES "LJB_PROJECTORS"."USER_PIN" ("PIN_NO") ENABLE;
--------------------------------------------------------
--  Ref Constraints for Table REP_RECRUIT_RESULT
--------------------------------------------------------

  ALTER TABLE "LJB_PROJECTORS"."REP_RECRUIT_RESULT" ADD CONSTRAINT "NEW_REP_RECRUIT_NO_FK" FOREIGN KEY ("REP_RECRUIT_NO")
	  REFERENCES "LJB_PROJECTORS"."REP_RECRUIT" ("REP_RECRUIT_NO") ENABLE;
  ALTER TABLE "LJB_PROJECTORS"."REP_RECRUIT_RESULT" ADD CONSTRAINT "RECRUIT_REGU_NO_FK" FOREIGN KEY ("REGU_NO")
	  REFERENCES "LJB_PROJECTORS"."REGULATION" ("REGU_NO") ENABLE;
  ALTER TABLE "LJB_PROJECTORS"."REP_RECRUIT_RESULT" ADD CONSTRAINT "RECRUIT_REGU_PERIOD_NO_FK" FOREIGN KEY ("REGU_PERIOD_NO")
	  REFERENCES "LJB_PROJECTORS"."REGULATION_PERIOD" ("REGU_PERIOD_NO") ENABLE;
  ALTER TABLE "LJB_PROJECTORS"."REP_RECRUIT_RESULT" ADD CONSTRAINT "RECRUIT_REP_PIN_NO_FK" FOREIGN KEY ("PIN_NO")
	  REFERENCES "LJB_PROJECTORS"."USER_PIN" ("PIN_NO") ENABLE;
  ALTER TABLE "LJB_PROJECTORS"."REP_RECRUIT_RESULT" ADD CONSTRAINT "RECRUIT_REP_RESULT_NO_FK" FOREIGN KEY ("REP_RESULT_NO")
	  REFERENCES "LJB_PROJECTORS"."REPORT_RESULT" ("REP_RESULT_NO") ENABLE;
--------------------------------------------------------
--  Ref Constraints for Table SPACE_NOTICE
--------------------------------------------------------

  ALTER TABLE "LJB_PROJECTORS"."SPACE_NOTICE" ADD CONSTRAINT "SPACE_NOTICE_PRJ_NO_FK" FOREIGN KEY ("PRJ_NO")
	  REFERENCES "LJB_PROJECTORS"."PROJECT" ("PRJ_NO") ENABLE;
--------------------------------------------------------
--  Ref Constraints for Table SUB_REGION
--------------------------------------------------------

  ALTER TABLE "LJB_PROJECTORS"."SUB_REGION" ADD CONSTRAINT "REGION_NO_FK" FOREIGN KEY ("REGION_NO")
	  REFERENCES "LJB_PROJECTORS"."REGION" ("REGION_NO") ENABLE;
--------------------------------------------------------
--  Ref Constraints for Table USERS
--------------------------------------------------------

  ALTER TABLE "LJB_PROJECTORS"."USERS" ADD CONSTRAINT "PIN_NO" FOREIGN KEY ("PIN_NO")
	  REFERENCES "LJB_PROJECTORS"."USER_PIN" ("PIN_NO") ENABLE;
--------------------------------------------------------
--  Ref Constraints for Table USER_TOOL
--------------------------------------------------------

  ALTER TABLE "LJB_PROJECTORS"."USER_TOOL" ADD CONSTRAINT "PROFILE_NO_FK" FOREIGN KEY ("PROFILE_NO")
	  REFERENCES "LJB_PROJECTORS"."PROFILE" ("PROFILE_NO") ENABLE;
  ALTER TABLE "LJB_PROJECTORS"."USER_TOOL" ADD CONSTRAINT "TOOL_NO_FK" FOREIGN KEY ("TOOL_NO")
	  REFERENCES "LJB_PROJECTORS"."TOOL" ("TOOL_NO") ENABLE;
--------------------------------------------------------
--  Ref Constraints for Table WITHDRAW_USER
--------------------------------------------------------

  ALTER TABLE "LJB_PROJECTORS"."WITHDRAW_USER" ADD CONSTRAINT "WD_PIN_NO_FK" FOREIGN KEY ("PIN_NO")
	  REFERENCES "LJB_PROJECTORS"."USER_PIN" ("PIN_NO") ENABLE;
  ALTER TABLE "LJB_PROJECTORS"."WITHDRAW_USER" ADD CONSTRAINT "WD_TYPE_NO_FK" FOREIGN KEY ("WD_TYPE_NO")
	  REFERENCES "LJB_PROJECTORS"."WITHDRAW_TYPE" ("WD_TYPE_NO") ENABLE;
--------------------------------------------------------
--  Ref Constraints for Table WORKSPACE
--------------------------------------------------------

  ALTER TABLE "LJB_PROJECTORS"."WORKSPACE" ADD CONSTRAINT "WORKSPACE_FINAL_NO_FK" FOREIGN KEY ("FINAL_NO")
	  REFERENCES "LJB_PROJECTORS"."FINAL" ("FINAL_NO") ENABLE;
--------------------------------------------------------
--  Ref Constraints for Table WORKSPACE_COMM
--------------------------------------------------------

  ALTER TABLE "LJB_PROJECTORS"."WORKSPACE_COMM" ADD CONSTRAINT "COMM_WORKSPACE_NO_FK" FOREIGN KEY ("WORKSPACE_NO")
	  REFERENCES "LJB_PROJECTORS"."WORKSPACE" ("WORKSPACE_NO") ENABLE;
  ALTER TABLE "LJB_PROJECTORS"."WORKSPACE_COMM" ADD CONSTRAINT "WORKSPACE_COMM_FINAL_NO_FK" FOREIGN KEY ("FINAL_NO")
	  REFERENCES "LJB_PROJECTORS"."FINAL" ("FINAL_NO") ENABLE;
